etapa,anos_series,tipo_associacao,componente,sigla,codigo,descricao,unidade_tematica,objeto_conhecimento,origem,escopo,fonte_documento,fonte_pagina
EM,EM1,CURRICULAR,Arte,ARTE,MS.EM13LGG101,"Compreender e analisar processos de produção e circulação de discursos nas diferentes linguagens, para fazer escolhas fundamentadas em função de interesses pessoais e coletivos.",,Matrizes estéticas e culturais do período préhistórico e os diferentes modos pelos quais elas são revisitadas nos processos de produções artísticas na atualidade.,CURRICULO_REFERENCIA_MS_EM_V1_1,CURRICULO_COMPLETO,CURRICULO_REFERENCIA_MS_EM_V1_1,160
EM,EM1,CURRICULAR,Arte,ARTE,MS.EM13LGG101,"Compreender e analisar processos deprodução e circulação de discursos, nas diferentes linguagens, para fazer escolhas fundamentadas em função de interesses pessoais e coletivos.",,"Aspectos éticos, estéticos e políticos, em textos e produções artísticas e culturais no estado de Mato Grosso do Sul; Movimentos corporais relacionados à dança e à música em Mato Grosso do Sul.",CURRICULO_REFERENCIA_MS_EM_V1_1,CURRICULO_COMPLETO,CURRICULO_REFERENCIA_MS_EM_V1_1,175
EM,EM1,CURRICULAR,Arte,ARTE,MS.EM13LGG105,"Analisar e experimentar diversos processos de remidiação de produções multissemióticas, multimídia e transmídia,desenvolvendo diferentes modos de participação e intervenção social.",,"A influência estética do período Barroco na composição da fotografia na atualidade: retratos, cenas do cotidiano e imagens religiosas; Linguagens e",CURRICULO_REFERENCIA_MS_EM_V1_1,CURRICULO_COMPLETO,CURRICULO_REFERENCIA_MS_EM_V1_1,172
EM,EM1,CURRICULAR,Arte,ARTE,MS.EM13LGG201,"Utilizar as diversas linguagens (artísticas corporais e verbais) em diferentes contextos,valorizandoas como fenômeno social, cultural, histórico, variável, heterogêneo e sensível aos contextos de uso.",,,CURRICULO_REFERENCIA_MS_EM_V1_1,CURRICULO_COMPLETO,CURRICULO_REFERENCIA_MS_EM_V1_1,163
EM,EM1,CURRICULAR,Arte,ARTE,MS.EM13LGG604,"Relacionar as práticas artísticas às diferentes dimensões da vida social, cultural, política e econômica e identificar o processo de construção histórica dessas práticas.",,"Contextos de produção, circulação e recepção das produções e manifestações artísticas do Renascimento; Apreciação de aspectos éticos, estéticos e",CURRICULO_REFERENCIA_MS_EM_V1_1,CURRICULO_COMPLETO,CURRICULO_REFERENCIA_MS_EM_V1_1,169
EM,EM1,CURRICULAR,Arte,ARTE,MS.EM13LGG701,"Explorar Tecnologias Digitais da Informação e Comunicação (TDIC), compreendendo seus princípios e funcionalidades, e utilizá-las de modo ético, criativo, responsável e adequado a em diferentes contextos.",,"éticos, estéticos e políticos, em textos e produções artísticas e culturais.",CURRICULO_REFERENCIA_MS_EM_V1_1,CURRICULO_COMPLETO,CURRICULO_REFERENCIA_MS_EM_V1_1,169
EM,EM1|EM2,CURRICULAR,Arte,ARTE,MS.EM13LGG102,"Analisar visões do mundo, conflitos de interesse, preconceitos e ideologias presentes nos discursos veiculados nas diferentes mídias, ampliando suas possibilidades de explicação, interpretação e intervenção crítica da/na realidade.",,"As linguagens artísticas da arte africana, como forma de comunicação, fruição e problematização de grupos sociais e seus valores.",CURRICULO_REFERENCIA_MS_EM_V1_1,CURRICULO_COMPLETO,CURRICULO_REFERENCIA_MS_EM_V1_1,163
EM,EM2,CURRICULAR,Arte,ARTE,MS.EM13LGG101,"Compreender e analisar processos de produção e circulação de discursos, nas diferentes linguagens, para fazer escolhas fundamentadas em função de interesses pessoais e coletivos.",,"Materialidade de diferentes propostas de Arte, (desenho, pintura, colagem, quadrinhos, dobradura, escultura, modelagem, instalação), processos de criação individuais",CURRICULO_REFERENCIA_MS_EM_V1_1,CURRICULO_COMPLETO,CURRICULO_REFERENCIA_MS_EM_V1_1,181
EM,EM2,CURRICULAR,Arte,ARTE,MS.EM13LGG103,"Analisar o funcionamento das linguagens, para interpretar e produzir criticamente discursos em textos de diversas semioses (visuais, verbais, sonoras, gestuais).",,"Elementos, materialidades e processos de criação artísticos, musicais, textuais e corporais da Música no Brasil e da Música Popular Brasileira;",CURRICULO_REFERENCIA_MS_EM_V1_1,CURRICULO_COMPLETO,CURRICULO_REFERENCIA_MS_EM_V1_1,179
EM,EM2,CURRICULAR,Arte,ARTE,MS.EM13LGG301,"Participar de processos de produção individual e colaborativa em diferentes linguagens(artísticas, corporais e verbais), levando em conta suas formas e seus funcionamentos, para produzir sentidos em diferentes contextos.",,na Europa.,CURRICULO_REFERENCIA_MS_EM_V1_1,CURRICULO_COMPLETO,CURRICULO_REFERENCIA_MS_EM_V1_1,185
EM,EM2,CURRICULAR,Arte,ARTE,MS.EM13LGG302,"Posicionar-se criticamente diante de diversas visões de mundo presentes nos discursos em diferentes linguagens, levando em conta seus contextos de produção e de circulação.",,"Processos criativos e artísticos na composição e experimentação de práticas na cultura Pop, OP, Hard Edge e Minimalismo, com intencionalidade; uso",CURRICULO_REFERENCIA_MS_EM_V1_1,CURRICULO_COMPLETO,CURRICULO_REFERENCIA_MS_EM_V1_1,177
EM,EM2,CURRICULAR,Arte,ARTE,MS.EM13LGG602,"Fruir e apreciar esteticamente diversas manifestações artísticas e culturais, das locais às mundiais, assim como delas participar, de modo a aguçar continuamentea sensibilidade, a imaginação e a criatividade.",,"Aspectos éticos, estéticos e políticos em textos e produções artísticas e culturais nas obras de arte do Expressionismo Abstrato.",CURRICULO_REFERENCIA_MS_EM_V1_1,CURRICULO_COMPLETO,CURRICULO_REFERENCIA_MS_EM_V1_1,187
EM,EM2|EM3,CURRICULAR,Arte,ARTE,MS.EM13LGG704,"Apropriar-se criticamente de processos de pesquisa e busca de informação, por meio de ferramentas e dos novos formatos de produção e distribuição do conhecimento na cultura de rede.",,"Processos de criação artística do séc. XIX, na Europa e registros de manifestações públicas sociais; Contextos de produção, circulação e recepção de criações artísticas.",CURRICULO_REFERENCIA_MS_EM_V1_1,CURRICULO_COMPLETO,CURRICULO_REFERENCIA_MS_EM_V1_1,183
EM,EM3,CURRICULAR,Arte,ARTE,MS.EM13LGG202,"Analisar interesses, relações de poder e perspectivas de mundo nos discursos das diversas (artísticas, corporais e verbais), compreendendo criticamente o modo como circulam, constituem-se e (re)produzem significação e ideologias.",,Aspectos artísticos e Culturais da Semana da Arte Moderna e do Modernismo no Brasil; Linguagens artísticas e seu desenvolvimento histórico e cultural.,CURRICULO_REFERENCIA_MS_EM_V1_1,CURRICULO_COMPLETO,CURRICULO_REFERENCIA_MS_EM_V1_1,191
EM,EM3,CURRICULAR,Arte,ARTE,MS.EM13LGG203,"Analisar os diálogos e os processos de disputa por legitimidade nas práticas de linguagem e em suas produções (artísticas, corporais e verbais).",,"Elementos da linguagem visual e cênica; Arte Ocidental e Oriental, artistas",CURRICULO_REFERENCIA_MS_EM_V1_1,CURRICULO_COMPLETO,CURRICULO_REFERENCIA_MS_EM_V1_1,195
EM,EM3,CURRICULAR,Arte,ARTE,MS.EM13LGG204,"Dialogar e produzir entendimento mútuo, nas diversas linguagens (artísticas, corporais e verbais), com vistas ao interesse comum pautado em princípios e valores de equidade assentados na democracia e nos Direitos Humanos.",,História e evolução da Publicidade e Propaganda no Brasil e no Mundo; Processos de criação colaborativa em práticas artísticas de diferentes grupos.,CURRICULO_REFERENCIA_MS_EM_V1_1,CURRICULO_COMPLETO,CURRICULO_REFERENCIA_MS_EM_V1_1,199
EM,EM3,CURRICULAR,Arte,ARTE,MS.EM13LGG303,"Debater questões polêmicas de relevância social, analisando diferentes argumentos e opiniões, para formular, negociar e sustentar posições, frente à análise de perspectivas distintas.",,,CURRICULO_REFERENCIA_MS_EM_V1_1,CURRICULO_COMPLETO,CURRICULO_REFERENCIA_MS_EM_V1_1,199
EM,EM3,CURRICULAR,Arte,ARTE,MS.EM13LGG401,"Analisar criticamente textos de modo a compreender e caracterizar as línguas como fenômeno (geo)político, histórico, social, cultural, variável, heterogêneo e sensível aos contextos de uso.",,"Historicidade da fotografia: linguagens visuais; contexto de produção, circulação e recepção.",CURRICULO_REFERENCIA_MS_EM_V1_1,CURRICULO_COMPLETO,CURRICULO_REFERENCIA_MS_EM_V1_1,193
EM,EM3,CURRICULAR,Arte,ARTE,MS.EM13LGG6.n.01,"Compreender e analisar aspectos artístico-literários e linguísticos da cultura sul-mato-grossense, a fim de enfatizar a importância de conhecer e preservar a memória local.",,"Linguagens artísticas; diferentes matrizes estéticas e culturais; patrimônio artístico regional; aspectos éticos, estéticos e políticos da cultura indígena e regional, no Estado de Mato Grosso do Sul.",CURRICULO_REFERENCIA_MS_EM_V1_1,CURRICULO_COMPLETO,CURRICULO_REFERENCIA_MS_EM_V1_1,189
EM,EM1,CURRICULAR,Biologia,BIO,MS.EM13CNT101,"Analisar e representar, com ou sem o uso de dispositivos e de aplicativos digitais específicos, as transformações e conservações em sistemas que envolvam quantidade de matéria, de energia e de movimento para realizar previsões sobre seus comportamentos em situações cotidianas e em processos produtivos que priorizem o desenvolvimento sustentável, uso consciente dos recursos naturais e a preservação da vida em todas as suas formas.",,Introdução ao estudo da Ecologia como uma ciência responsável pelo entendimento dos biomas e a necessidade de equilíbrio neles e entre eles; Compreensão do fluxo de energia nas cadeias tróficas e ciclos biogeoquímicos nos ecossistemas. MATÉRIA E ENERGIA,CURRICULO_REFERENCIA_MS_EM_V1_1,CURRICULO_COMPLETO,CURRICULO_REFERENCIA_MS_EM_V1_1,312
EM,EM1,CURRICULAR,Biologia,BIO,MS.EM13CNT104,"Avaliar os benefícios e os riscos à saúde ao ambiente, considerando a composição, a toxicidade e a reatividade de diferentes materiais e produtos, como também o nível de exposição a eles, posicionando-se criticamente e propondo soluções individuais e/ou coletivas para seus usos e descartes responsáveis.",,"Com a análise de materiais usados no cotidiano, como cosméticos, produtos de limpeza, medicamentos, dentre outros, propor o estudo de substâncias utilizadas no âmbito domiciliar que podem ser nocivas à saúde. Para compreender os processos de contaminação, intoxicação, equilíbrio e defesa do organismo, sugere-se, ainda, a reelaboração de rótulos de produtos de uso cotidiano, com linguagem de fácil entendimento, para reconhecer o uso adequado e responsável dos produtos disponíveis, como prevenção quanto aos riscos de intoxicação e automedicação.",CURRICULO_REFERENCIA_MS_EM_V1_1,CURRICULO_COMPLETO,CURRICULO_REFERENCIA_MS_EM_V1_1,315
EM,EM1,CURRICULAR,Biologia,BIO,MS.EM13CNT105,"Analisar os ciclos biogeoquímicos e interpretar os efeitos de fenômenos naturais e da interferência humana sobre esses ciclos, para promover ações individuais e/ou coletivas que minimizem consequências nocivas à vida.",,"Ciclos biogeoquímicos e o equilíbrio entre os meios bióticos e abióticos nos processos naturais e/ou artificiais (efeito estufa, aquecimento global, camada de ozônio e chuvas ácidas); Proposições de ações individuais e/ou coletivas em questões ambientais relacionadas aos ciclos.",CURRICULO_REFERENCIA_MS_EM_V1_1,CURRICULO_COMPLETO,CURRICULO_REFERENCIA_MS_EM_V1_1,314
EM,EM1,CURRICULAR,Biologia,BIO,MS.EM13CNT201,"Analisar e discutir modelos, teorias e leis propostos em diferentes épocas e culturas para comparar distintas explicações sobre o surgimento e a evolução da Vida, da Terra e do Universo com as teorias científicas aceitas atualmente.",,"Reconhecimento das diversas explicações sobre o surgimento da vida; Discussão sobre o surgimento da vida, tendo em vista o conhecimento popular e científico ao longo da história; Impactos das teorias científicas em relação às interpretações do processo evolutivo.",CURRICULO_REFERENCIA_MS_EM_V1_1,CURRICULO_COMPLETO,CURRICULO_REFERENCIA_MS_EM_V1_1,307
EM,EM1,CURRICULAR,Biologia,BIO,MS.EM13CNT202,"Analisar as diversas formas de manifestação da vida em seus diferentes níveis de organização, bem como as condições ambientais favoráveis e os fatores limitantes a elas, com ou sem o uso dispositivos e aplicativos digitais (como softwares de simulação e de realidade virtual, entre outros).",,"Análise das principais características dos diferentes grupos de seres vivos, em relação ao seu habitat; Estudo dos fatores favoráveis e limitantes para a sobrevivência de diferentes espécies e possíveis adaptações.",CURRICULO_REFERENCIA_MS_EM_V1_1,CURRICULO_COMPLETO,CURRICULO_REFERENCIA_MS_EM_V1_1,310
EM,EM1,CURRICULAR,Biologia,BIO,MS.EM13CNT204,"Elaborar explicações, previsões e cálculos a respeito dos movimentos de objetos na Terra, no Sistema Solar e no Universo com base na análise das interações gravitacionais, com ou sem uso de dispositivos e aplicativos digitais (como softwares de simulação e de realidade virtual, entre outros).",,"Compreensão da Astrobiologia como ciência de estudo dos fatores bióticos e abióticos no desenvolvimento da vida na terra e no Universo; Estudo das condições para a formação, existência e continuidade da vida na Terra; Papel da gravidade na existência e na manutenção da vida na Terra e no Universo.",CURRICULO_REFERENCIA_MS_EM_V1_1,CURRICULO_COMPLETO,CURRICULO_REFERENCIA_MS_EM_V1_1,309
EM,EM1,CURRICULAR,Biologia,BIO,MS.EM13CNT207,"Identificar, analisar e discutir vulnerabilidades vinculadas às vivências e aos desafios contemporâneos aos quais as juventudes estão expostas, considerando os aspectos físico, psicoemocional e social, a fim de desenvolver e divulgar ações de prevenção e de promoção da saúde e do bem-estar. 5.6.2. Ciências da Natureza Competências Específicas 1. Analisar fenômenos naturais matéria e energia, para minimizem impactos socioambientais global. 2. Analisar e utilizar interpretações argumentos, realizar previsões fundamentar e defender 3. Investigar situações-problema implicações no mundo, utilizando propor soluções que considerem e conclusões a públicos digitais de informação e",,"Análise de informações e influências das vulnerabilidades ligadas às práticas e experiências da juventude com relação aos riscos da automedicação, drogas lícitas e ilícitas, sexualidade e Infecções Sexualmente Transmissíveis (ISTs); A morfofisiologia e as características dos sistemas nervoso e endócrino.",CURRICULO_REFERENCIA_MS_EM_V1_1,CURRICULO_COMPLETO,CURRICULO_REFERENCIA_MS_EM_V1_1,316
EM,EM1,CURRICULAR,Biologia,BIO,MS.EM13CNT208,"Aplicar os princípios da evolução biológica para analisar a história humana, considerando sua origem, diversificação, dispersão pelo planeta e diferentes formas de interação com a natureza, valorizando e respeitando a diversidade étnica e cultural humana.",,Interpretação e análise das teorias de evolução humana e explicações de possíveis trajetórias da humanidade e suas diferenças biológicas; Investigação da ocupação e distribuição geológica dos processos de extinção e adaptações das populações.,CURRICULO_REFERENCIA_MS_EM_V1_1,CURRICULO_COMPLETO,CURRICULO_REFERENCIA_MS_EM_V1_1,311
EM,EM1,CURRICULAR,Biologia,BIO,MS.EM13CNT209,"Analisar a evolução estelar associando-a aos modelos de origem e distribuição dos elementos químicos no Universo, compreendendo suas relações com as condições necessárias ao surgimento de sistemas solares e planetários, suas estruturas e composições e as possibilidades de existência de vida, utilizando representações e simulações, com ou sem o uso de dispositivos e aplicativos digitais (como softwares de simulação e de realidade virtual, entre outros.",,"Astrobiologia: estudo das possibilidades de vida no Universo a partir das moléculas precursoras até o surgimento dos organismos primitivos; prováveis origens, composição química, dentre outros aspectos.",CURRICULO_REFERENCIA_MS_EM_V1_1,CURRICULO_COMPLETO,CURRICULO_REFERENCIA_MS_EM_V1_1,308
EM,EM2,CURRICULAR,Biologia,BIO,MS.EM13CNT102,"Realizar previsões, avaliar intervenções e/ou construir protótipos de sistemas térmicos que visem à sustentabilidade, considerando sua composição e os efeitos das variáveis termodinâmicas sobre seu funcionamento, considerando também o uso de tecnologias digitais que auxiliem no cálculo de estimativas e no apoio à construção dos protótipos.",,"Estudo dos efeitos da intervenção humana no aquecimento ambiental, nos âmbitos local, regional e mundial; Previsão dos reflexos na natureza, quanto aos VIDA, TERRA E COSMOS benefícios e malefícios, das intervenções e a necessidade do equilíbrio térmico.",CURRICULO_REFERENCIA_MS_EM_V1_1,CURRICULO_COMPLETO,CURRICULO_REFERENCIA_MS_EM_V1_1,319
EM,EM2,CURRICULAR,Biologia,BIO,MS.EM13CNT106,"Avaliar, com ou sem o uso de dispositivos e aplicativos digitais, tecnologias possíveis soluções para as demandas que envolvem a geração, o transporte, a distribuição e o consumo de energia elétrica, considerando disponibilidade de recursos, a eficiência energética, a relação custo/benefício, as características geográficas e ambientais, a produção de resíduos e os impactos socioambientais e culturais. EIXO",,"Reconhecimento das fontes de energias renováveis e não renováveis; Análise e reconhecimento de soluções viáveis ecologicamente e economicamente em diversas atividades humanas: destinação de resíduos, otimização de energia e seus impactos sociais.",CURRICULO_REFERENCIA_MS_EM_V1_1,CURRICULO_COMPLETO,CURRICULO_REFERENCIA_MS_EM_V1_1,322
EM,EM2,CURRICULAR,Biologia,BIO,MS.EM13CNT107,"Realizar previsões qualitativas e quantitativas sobre o funcionamento de geradores, motores elétricos e seus componentes, bobinas, transformadores, pilhas, baterias e dispositivos eletrônicos, com base na análise dos processos transformação e condução de energia envolvidos - com ou sem o uso de dispositivos e aplicativos digitais -, para propor ações que visem a sustentabilidade.",,"Abordagem dos impactos ambientais de relevância local, regional e nacional, relacionados ao gerenciamento do lixo eletroeletrônico; Discriminação e discussão de possibilidades tecnológicas inovadoras e sustentáveis, em concordância aos 8 Rs. (refletir, reduzir, reutilizar, reciclar, respeitar, reparar, responsabilizar-se, repassar).",CURRICULO_REFERENCIA_MS_EM_V1_1,CURRICULO_COMPLETO,CURRICULO_REFERENCIA_MS_EM_V1_1,321
EM,EM2,CURRICULAR,Biologia,BIO,MS.EM13CNT203,"Avaliar e prever efeitos de intervenções nos ecossistemas, e seus impactos nos seres vivos e no corpo humano, com base nos mecanismos de manutenção da vida, nos ciclos da matéria e nas transformações e transferências de energia, utilizando representações e simulações sobre tais fatores, com ou sem uso de dispositivos e aplicativos digitais (como softwares de simulação e de realidade virtual, entre outros).",,Identificação das possíveis intervenções humanas e/ou naturais nos ecossistemas; Interpretação das influências positivas e/ou negativas de impacto na biodiversidade e nas interações ecológicas.,CURRICULO_REFERENCIA_MS_EM_V1_1,CURRICULO_COMPLETO,CURRICULO_REFERENCIA_MS_EM_V1_1,318
EM,EM2,CURRICULAR,Biologia,BIO,MS.EM13CNT306,"Avaliar os riscos envolvidos em atividades cotidianas, aplicando conhecimento das Ciências da Natureza, para justificar o uso equipamentos e recursos, bem como comportamentos de segurança, visando à integridade física, individual e coletiva, e socioambiental, podendo fazer uso de dispositivos e aplicativos digitais que viabilizem a estruturação de simulações de riscos. EIXO",,"Abordagem de diferentes aspectos de segurança individual e/ou coletiva em relação aos perigos na execução de atividades cotidianas, com destaque aos impactos nos sistemas respiratório, digestório, tegumentar, dentre outros.",CURRICULO_REFERENCIA_MS_EM_V1_1,CURRICULO_COMPLETO,CURRICULO_REFERENCIA_MS_EM_V1_1,326
EM,EM2,CURRICULAR,Biologia,BIO,MS.EM13CNT309,"Analisar questões socioambientais, políticas e econômicas relativas dependência do mundo atual relação aos recursos não renováveis e discutir a necessidade de introdução de alternativas e novas tecnologias energéticas materiais, comparando diferentes tipos de motores e processos de produção de novos materiais. EIXO",,Reconhecimento e análise de inovações tecnológicas utilizadas nos processos de geração de energia e na produção de materiais sustentáveis; Compreensão dos benefícios da utilização de tecnologias sustentáveis contra os impactos ambientais oriundos do aquecimento global e da poluição atmosférica.,CURRICULO_REFERENCIA_MS_EM_V1_1,CURRICULO_COMPLETO,CURRICULO_REFERENCIA_MS_EM_V1_1,323
EM,EM3,CURRICULAR,Biologia,BIO,MS.EM13CNT103,"Utilizar o conhecimento sobre as radiações e suas origens para avaliar as potencialidades e os riscos de sua aplicação em equipamentos de uso cotidiano, na saúde, no ambiente, na indústria, na agricultura e na geração de energia elétrica.",,"Conhecimento sobre emissão e deslocamento de partículas radioativas e reconhecimento de diferentes tipos de radiação; Análise das consequências benéficas e/ou maléficas da radiação nos organismos, como possíveis mutações, recombinações e variabilidades genéticas; Aplicações da radiação na medicina, na agricultura e na indústria.",CURRICULO_REFERENCIA_MS_EM_V1_1,CURRICULO_COMPLETO,CURRICULO_REFERENCIA_MS_EM_V1_1,329
EM,EM3,CURRICULAR,Biologia,BIO,MS.EM13CNT205,"Interpretar resultados e realizar previsões sobre atividades experimentais, fenômenos naturais e processos tecnológicos, com base nas noções de probabilidade e incerteza, reconhecendo os limites explicativos das ciências. EIXO",,"Introdução ao estudo da Genética: herança mendeliana, mutações, variabilidade e genética de população; Análise de dados com apoio da estatística e técnicas da bioinformática. VIDA TERRA E COSMOS",CURRICULO_REFERENCIA_MS_EM_V1_1,CURRICULO_COMPLETO,CURRICULO_REFERENCIA_MS_EM_V1_1,330
EM,EM3,CURRICULAR,Biologia,BIO,MS.EM13CNT206,"Discutir a importância da preservação e conservação da biodiversidade, considerando parâmetros qualitativos e quantitativos, e avaliar os efeitos da ação humana e das políticas ambientais para garantia da sustentabilidade do planeta. EIXO",,"Descrição e análise A partir ecológica de cultivos diversidade x influências densidade discutir populacional, sob uma de perspectiva gerencial implicações VIDA, TERRA E COSMOS Objetos de Conhecimento nas políticas públicas biodiversidade. ambientais; discussões Abordagem sobre os custos protocolos impactos internacionais e meio observação dos criativa, princípios e impactos fundamentos da digitais, preservação e integração conservação. (MS.EM13CHS302).",CURRICULO_REFERENCIA_MS_EM_V1_1,CURRICULO_COMPLETO,CURRICULO_REFERENCIA_MS_EM_V1_1,333
EM,EM3,CURRICULAR,Biologia,BIO,MS.EM13CNT301,"Construir questões, elaborar hipóteses, previsões e estimativas, empregar instrumentos de medição e representar e interpretar modelos explicativos, dados e/ou resultados experimentais para construir, avaliar e justificar conclusões no enfrentamento de situações-problema sob uma perspectiva científica. EIXO",,"Compreensão das etapas do método científico (observação, hipótese, método, experimento, análise dos dados, divulgação e argumentação); Análise de estudos científicos, com foco em temas voltados para a imunização ativa e passiva e para teorias relevantes como a celular, microbiana, evolutiva, dentre outras.",CURRICULO_REFERENCIA_MS_EM_V1_1,CURRICULO_COMPLETO,CURRICULO_REFERENCIA_MS_EM_V1_1,337
EM,EM3,CURRICULAR,Biologia,BIO,MS.EM13CNT302,"Comunicar, para públicos variados, em diversos contextos, resultados de análises, pesquisas e/ou experimentos elaborando e/ou interpretando textos, gráficos, tabelas, símbolos, códigos, sistemas de classificação e equações, por meio de diferentes linguagens, mídias, tecnologias digitais de informação e comunicação (TDIC), de modo a participar e/ou promover debates em torno de temas científicos e/ou tecnológicos de relevância sociocultural e ambiental. REFERÊNCIAS ABRAMOWICZ, M. Avaliação do Educação. PUC-Campinas. v.1. ADORNO, T. W. Educação e Emancipação. AFONSO, A. J. Avaliação educacional: – Editora Cortez- 3 edição- São ANDRÉ, C. F. O pensamento computacional In: teccogs – Revista Digital de APEL, K.O.. Ética e responsabilidade: 258.. APEL, K. O. Teoría de la verdad APPLE, M. W.. Ideologia e currículo. APPLE, M. Reestruturação educativa pp. 5-33, Jan/jun. 2001 (disponível ARENDT, H. Entre o passado e ARROYO, M. G. Experiências de práticas. Campinas: Papirus, 2001. Atividades de aprendizagem: Grande -MS: SED/MS, 2018. BACICH. L; MORAN, J. Metodologias Penso, 2018. BARBOSA, A. M. Tópicos utópicos. BELLONI, M. L. Educação a Distância. BICUDO, M. A. V. (org). Pesquisa Boletim de Educação Matemática, https://www.periodicos.rc.biblioteca.unesp.br/index.php/bolema/article/view/10608. BRASIL. Lei 4.024, de 20 de dezembro Página 51 Vol. 7, 27 de jan. de dezembro-1961-353722-publicacaooriginal-1-pl.html>. BRASIL. Ministério de Educação da Educação Nacional. Brasília Câmara dos Deputados. Decreto ENEF. Brasília: MEC, 2010. CAMARGO, F; DÁRIOS, T. A sala Alegre: Penso, 2018. CANDIDO, A. O direito à literatura. CARVALHO, A. M. P. de; et al. Ensino Paulo: Cengage Learning, 2013. Congresso Nacional. Constituição Congresso Nacional, 1988. Disponível de agosto de 2020. Conselho Nacional de Educação. Nacional Comum Curricular, a Educação Básica. Diário Oficial Conselho Nacional de Educação; Diretrizes Curriculares Nacionais Conselho Nacional de Educação; Nacional Comum Curricular na Conselho Nacional de Educação; Diretrizes Curriculares Nacionais Conselho Nacional de Educação; Curriculares Nacionais para o Ensino /resolucao-cne/cp-n-1-de-5-de-janeiro-de-2021-297767578>. CORTINA, A. Razón comunicativa Sígueme, 1988. COSCARELLI, C; RIBEIRO, A. E. Editora, 2014. D’ AMBROSIO, U. Educação Matemática: https://www.uricer.edu.br/site/pdfs/perspectiva/160_739.pdf. DANTE, L. R. Matemática Contexto DAVEL, M. A. N. Alfabetização Florianópolis, Santa Catarina: XV de Santa Catarina 3 a 6 de julho Decreto-lei n. 4.887, de 20 de novembro DEMO, P. Educação e qualidade. DEMO, P. Metodologia do conhecimento Diário Oficial Eletrônico n. 10.097. em: <https://www.spdo.ms.gov.br/diariodoe/Index/Download/DO10097_19_02_2020>. DUSSEL, E. D.. Para uma ética 1977]. FERREIRA, C. A. A Flexibilidade Pessoa, v. 13, n. 2, 2020, pp. 316-325 https://periodicos.ufpb.br/ojs2/index.php/rec/article/view/45563/31048). FERREIRA, H. B.; REES, D. K. Educação 40, n. 1, p. 229-251, mar. 2015. FIGUEIREDO, H. de F. e P.; LIMA, FIORENTINI, D. Alguns Modos DOI:https://doi.org/10.20396/zet.v3i4.8646877. https://periodicos.sbu.unicamp.br/ojs/index.php/zetetike/article/view/8646877/15035 FLEMMING, D. M. Tendências FREIRE, P. Pedagogia do oprimido. GADOTTI, M. Educação integral GERALDI, J. W. A aula como acontecimento.",,"Promover a importância de temas relacionados à comunicação como parte das etapas de pesquisa científica; Divulgação de pesquisas científicas referentes a diferentes temáticas de relevância no contexto da biologia, como a vacinação, o desenvolvimento sustentável, a agroecologia, o equilíbrio ambiental, dentre outros temas atuais; Elaboração de estratégias de comunicação, utilizando-se de diferentes gêneros discursivos em articulação com as TDIC.",CURRICULO_REFERENCIA_MS_EM_V1_1,CURRICULO_COMPLETO,CURRICULO_REFERENCIA_MS_EM_V1_1,338
EM,EM3,CURRICULAR,Biologia,BIO,MS.EM13CNT303,"Interpretar textos de divulgação científica que tratem de temáticas das Ciências da Natureza, disponíveis em diferentes mídias, considerando a apresentação dos dados, tanto na forma de textos como em equações, gráficos e/ou tabelas, a consistência dos argumentos e a coerência das conclusões, visando construir estratégias de seleção de fontes confiáveis de informações. EIXO",,"Reconhecimento e interpretação de informações e produções de temas relevantes em Ciências da Natureza; Discussão de temas relevantes como educação ambiental, biodiversidade, saúde, seleção de fontes confiáveis de informação, fake news, dentre outros.",CURRICULO_REFERENCIA_MS_EM_V1_1,CURRICULO_COMPLETO,CURRICULO_REFERENCIA_MS_EM_V1_1,336
EM,EM3,CURRICULAR,Biologia,BIO,MS.EM13CNT304,"Analisar e debater situações controversas sobre a aplicação de conhecimentos da área de Ciências da Natureza (tais como tecnologia do DNA, tratamentos com célulastronco, neurotecnologias, produção de tecnologias de defesa, estratégias de controle de pragas entre outros), com base em argumentos consistentes, legais éticos e EIXO responsáveis, distinguindo diferentes pontos de vista.",,"Reconhecimento da Levantamento estrutura celular e seu maior funcionamento, com manipulação ênfase nas técnicas de possibilidades. manipulação do DNA em estudos, diferentes espécies, legais discutindo, de forma Pode-se responsável, o uso na diferentes produção de alimentos, na forma saúde e na Biotecnologia. socialização discutidos. respeito meio coletivamente. E PRÁTICAS EM Objetos de Conhecimento",CURRICULO_REFERENCIA_MS_EM_V1_1,CURRICULO_COMPLETO,CURRICULO_REFERENCIA_MS_EM_V1_1,331
EM,EM3,CURRICULAR,Biologia,BIO,MS.EM13CNT307,"Analisar as propriedades dos materiais para avaliar a adequação de seu uso em diferentes aplicações (industriais, cotidianas, arquitetônicas e/ou tecnológicas) e/ou propor soluções seguras e sustentáveis, considerando seu contexto local e cotidiano. EIXO",,"Estudo do desenvolvimento de tecnologias alternativas, sustentáveis e inovadoras de produtos e equipamentos usados nos processos industriais, na agricultura, na pecuária, dentre outros.",CURRICULO_REFERENCIA_MS_EM_V1_1,CURRICULO_COMPLETO,CURRICULO_REFERENCIA_MS_EM_V1_1,335
EM,EM1,CURRICULAR,Educação Física,EDF,MS.EM13LGG104,"Utilizar as diferentes linguagens, levando em conta seus funcionamentos, para a compreensão e produção de textos e discursos em diversos campos de atuação social. AGRUPAMENTO 4 – EM AGRUPAMENTO 4 – EM Agrupamento 5 – EM1 Competências Específicas da Área: 1. Compreender o funcionamento verbais) e mobilizar esses conhecimentos atuação social e nas diversas mídias, possibilidades de explicação e interpretação 7. Mobilizar criativas, éticas e estéticas, para autorais e coletivas, e de aprender vida pessoal e coletiva. AGRUPAMENTO 5 – EM",,Aplicativos para,CURRICULO_REFERENCIA_MS_EM_V1_1,CURRICULO_COMPLETO,CURRICULO_REFERENCIA_MS_EM_V1_1,169
EM,EM1,CURRICULAR,Educação Física,EDF,MS.EM13LGG303,"Debater questões polêmicas de relevância social, analisando diferentes argumentos e opiniões, para formular, negociar e sustentar posições, frente à análise de perspectivas distintas.",,Lazer: possibilidades,CURRICULO_REFERENCIA_MS_EM_V1_1,CURRICULO_COMPLETO,CURRICULO_REFERENCIA_MS_EM_V1_1,160
EM,EM1,CURRICULAR,Educação Física,EDF,MS.EM13LGG402,"Empregar, nas interações sociais, a variedade e o estilo de língua AGRUPAMENTO 2 – EM adequados à situação comunicativa, ao(s) interlocutor(es) e ao gênero do discurso, respeitando os usos das línguas por esse(s) interlocutor(es) e sem preconceito linguístico. AGRUPAMENTO 2 – EM Agrupamento 3 – EM1 Competências Específicas da Área: 1. Compreender o funcionamento verbais) e mobilizar esses conhecimentos de atuação social e nas diversas e as possibilidades de explicação 6. Apreciar esteticamente as características locais, regionais e para dar significado e (re)construir de maneira crítica e criativa, com 7. Mobilizar criativas, éticas e estéticas, para autorais e coletivas, e de aprender vida pessoal e coletiva. AGRUPAMENTO 3 – EM Componente Curricular",,"Textos multissemióticos (linguagens: corporais,",CURRICULO_REFERENCIA_MS_EM_V1_1,CURRICULO_COMPLETO,CURRICULO_REFERENCIA_MS_EM_V1_1,163
EM,EM1,CURRICULAR,Educação Física,EDF,MS.EM13LGG501,"Selecionar e utilizar movimentos corporais de forma consciente e intencional para interagir socialmente em práticas corporais, de modo a estabelecer relações construtivas, empáticas, éticas e de respeito às diferenças. AGRUPAMENTO 6 – EM 5.2.2. Linguagens e suas Tecnologias Agrupamento 1 – EM2 Competências Específicas 3. Utilizar diferentes linguagens colaboração, o protagonismo e solidária, defendendo pontos de consciência socioambiental e o consumo 4. Compreender as línguas heterogêneo e sensível aos contextos formas de expressões identitárias, preconceitos de qualquer natureza.",,Aspectos fisiológicos,CURRICULO_REFERENCIA_MS_EM_V1_1,CURRICULO_COMPLETO,CURRICULO_REFERENCIA_MS_EM_V1_1,175
EM,EM1,CURRICULAR,Educação Física,EDF,MS.EM13LGG703,"Utilizar diferentes linguagens, mídias e ferramentas digitais em processos de produção coletiva, colaborativa e projetos autorais em ambientes digitais. AGRUPAMENTO 5 – EM AGRUPAMENTO 5 – EM Agrupamento 6 – EM1 Competências Específicas da Área: 1. Compreender o funcionamento verbais) e mobilizar esses conhecimentos de atuação social e nas diversas e as possibilidades de explicação 5.Compreender os processos reconhecendo-as e vivenciando-as perspectiva democrática e de respeito AGRUPAMENTO 6 – EM",,Contexto histórico da,CURRICULO_REFERENCIA_MS_EM_V1_1,CURRICULO_COMPLETO,CURRICULO_REFERENCIA_MS_EM_V1_1,172
EM,EM2,CURRICULAR,Educação Física,EDF,MS.EM13LGG105,"Analisar e experimentar diversos processos de remidiação de produções multissemióticas, multimídia e transmídia,desenvolvendo diferentes modos de participação e intervenção social. AGRUPAMENTO 2 – EM Agrupamento 3 – EM2 Competências Específicas 1. Compreender o funcionamento verbais) e mobilizar esses conhecimentos de atuação social e nas diversas e as possibilidades de explicação 3. Utilizar diferentes linguagens colaboração, protagonismo e autoria defendendo pontos de vista que socioambiental e o consumo responsável, AGRUPAMENTO 3 – EM",,Processos de reeducação da postura e,CURRICULO_REFERENCIA_MS_EM_V1_1,CURRICULO_COMPLETO,CURRICULO_REFERENCIA_MS_EM_V1_1,179
EM,EM2,CURRICULAR,Educação Física,EDF,MS.EM13LGG301,"Participar de processos de produção individual e colaborativa em diferentes linguagens (artísticas, corporais e verbais), levando em conta suas formas e seus funcionamentos, para produzir sentidos em diferentes contextos. AGRUPAMENTO 3 – EM Agrupamento 4 – EM2 Competências Específicas 7. Mobilizar criativas, éticas e estéticas, para autorais e coletivas, e de aprender vida pessoal e coletiva. 6. Apreciar esteticamente as características locais, regionais e para dar significado e (re)construir de maneira crítica e criativa, com AGRUPAMENTO 4 – EM",,Atividades físicas ao ar,CURRICULO_REFERENCIA_MS_EM_V1_1,CURRICULO_COMPLETO,CURRICULO_REFERENCIA_MS_EM_V1_1,181
EM,EM2,CURRICULAR,Educação Física,EDF,MS.EM13LGG403,"Fazer uso do inglês como língua de comunicação global, levando em conta a multiplicidade e variedade de usos, usuários e funções dessa língua no mundo contemporâneo. AGRUPAMENTO 1 – EM Agrupamento 2 – EM2 Competências Específicas 1. Compreender o funcionamento verbais) e mobilizar esses conhecimentos de atuação social e nas diversas e as possibilidades de explicação AGRUPAMENTO 2 – EM",,Práticas esportivas e,CURRICULO_REFERENCIA_MS_EM_V1_1,CURRICULO_COMPLETO,CURRICULO_REFERENCIA_MS_EM_V1_1,177
EM,EM2,CURRICULAR,Educação Física,EDF,MS.EM13LGG503,"Vivenciar práticas corporais e significá-las em seuprojeto de vida, como forma de autoconhecimento, autocuidado AGRUPAMENTO 5 – EM com o corpo e com a saúde, socialização e entretenimento. Agrupamento 6 – EM2 Competências Específicas 6. Apreciar esteticamente as características locais, regionais e para dar significado e (re)construir de maneira crítica e criativa, com 3. Utilizar diferentes linguagens colaboração, protagonismo e autoria defendendo pontos de vista que socioambiental e o consumo responsável, AGRUPAMENTO 6 – EM",,Histórico da relação e significação do corpo e,CURRICULO_REFERENCIA_MS_EM_V1_1,CURRICULO_COMPLETO,CURRICULO_REFERENCIA_MS_EM_V1_1,185
EM,EM2,CURRICULAR,Educação Física,EDF,MS.EM13LGG601,"Apropriar-se do patrimônio artístico de diferentes tempos e lugares, compreendendo a sua diversidade, bem como os processos de legitimação das manifestações artísticas nasociedade, desenvolvendo visão crítica e histórica.",,Expressões corporais na cultura de diversos,CURRICULO_REFERENCIA_MS_EM_V1_1,CURRICULO_COMPLETO,CURRICULO_REFERENCIA_MS_EM_V1_1,187
EM,EM2,CURRICULAR,Educação Física,EDF,MS.EM13LGG603,"Expressar-se e atuar em processos de criação autorais individuais e coletivos nas diferentes linguagens artísticas (artes visuais, audiovisual, dança, música e teatro) e nas intersecções entre elas, recorrendo a referências estéticas e culturais, conhecimentos de naturezas diversas (artísticos, históricos, sociais e políticos) e experiências individuais e coletivas. AGRUPAMENTO 4 – EM Agrupamento 5 – EM2 Competências Específicas 1. Compreender o funcionamento verbais) e mobilizar esses conhecimentos de atuação social e nas diversas e as possibilidades de explicação 3. Utilizar diferentes linguagens colaboração, protagonismo e autoria defendendo pontos de vista que socioambiental e o consumo responsável, 5. Compreender os processos reconhecendo-as e vivenciando-as perspectiva democrática e de respeito AGRUPAMENTO 5 – EM",,Percussão corporal no desenvolvimento da,CURRICULO_REFERENCIA_MS_EM_V1_1,CURRICULO_COMPLETO,CURRICULO_REFERENCIA_MS_EM_V1_1,183
EM,EM3,CURRICULAR,Educação Física,EDF,MS.EM13LGG201,"Utilizar as diversas linguagens (artísticas, corporais e verbais) em diferentes contextos, valorizandoas como fenômeno social, cultural, histórico, variável, heterogêneo e sensível aos contextos de uso. AGRUPAMENTO 4 – EM Agrupamento 5 – EM3 Competências Específicas 7. Mobilizar criativas, éticas e estéticas, para autorais e coletivas, e de aprender vida pessoal e coletiva. 3. Utilizar diferentes linguagens colaboração, protagonismo e autoria defendendo pontos de vista que socioambiental e o consumo responsável, AGRUPAMENTO 5 – EM",,Tipologia de eventos esportivos e a questão,CURRICULO_REFERENCIA_MS_EM_V1_1,CURRICULO_COMPLETO,CURRICULO_REFERENCIA_MS_EM_V1_1,195
EM,EM3,CURRICULAR,Educação Física,EDF,MS.EM13LGG304,"Formular propostas, intervir e tomar decisões que levem em conta o bem comum e os Direitos Humanos, a consciência socioambiental e o consumo responsável em âmbito local, regional e global. AGRUPAMENTO 6 – EM AGRUPAMENTO 6 – EM 5.3. Língua Portuguesa 5.3.1. Língua Portuguesa Agrupamento 1 – EM1 Competências Específicas 6. Apreciar esteticamente as características locais, regionais e para dar significado e (re) construir de maneira crítica e criativa, com 7. Mobilizar criativas, éticas e estéticas, para autorais e coletivas, e de aprender pessoal e coletiva.",,Doping: substâncias,CURRICULO_REFERENCIA_MS_EM_V1_1,CURRICULO_COMPLETO,CURRICULO_REFERENCIA_MS_EM_V1_1,199
EM,EM3,CURRICULAR,Educação Física,EDF,MS.EM13LGG305,"Mapear e criar, por meio de práticas delinguagem, possibilidades de atuação social, política, artística e cultural para enfrentar desafios contemporâneos,discutindo princípios e objetivos dessa atuação de maneira crítica, criativa, solidária e ética. AGRUPAMENTO 5 – EM Agrupamento 6 – EM3 Competências Específicas 2. Compreender os processos identitários, de linguagem, respeitando as diversidades base em princípios e valores exercitando o autoconhecimento, combatendo preconceitos de qualquer 3. Utilizar diferentes linguagens colaboração, protagonismo e autoria defendendo pontos de vista que socioambiental e o consumo responsável, AGRUPAMENTO 6 – EM",,,CURRICULO_REFERENCIA_MS_EM_V1_1,CURRICULO_COMPLETO,CURRICULO_REFERENCIA_MS_EM_V1_1,197
EM,EM3,CURRICULAR,Educação Física,EDF,MS.EM13LGG402,"Empregar, nas interações sociais, a variedade e o estilo de língua adequados à situação comunicativa, ao(s) interlocutor(es) e ao gênero do discurso, respeitando os usos das línguas por esse(s) interlocutor(es) e sem preconceito linguístico. AGRUPAMENTO 3 – EM Agrupamento 4 – EM3 Competências Específicas 2. Compreender os processos identitários, de linguagem, respeitando as diversidades base em princípios e valores exercitando o autoconhecimento, combatendo preconceitos de qualquer AGRUPAMENTO 4 – EM",,Linguagem universal,CURRICULO_REFERENCIA_MS_EM_V1_1,CURRICULO_COMPLETO,CURRICULO_REFERENCIA_MS_EM_V1_1,193
EM,EM3,CURRICULAR,Educação Física,EDF,MS.EM13LGG502,"Analisar criticamente preconceitos, estereótipos e relações de poder presentes nas práticas corporais, adotando posicionamento contrário a qualquer manifestação de injustiça e desrespeito a direitos humanos e valores democráticos. AGRUPAMENTO 2 – EM Agrupamento 3 – EM3 Competências Específicas 4. Compreender as línguas como e sensível aos contextos de uso, expressões identitárias, pessoais qualquer natureza. AGRUPAMENTO 3 – EM",,"Esporte: inclusão,",CURRICULO_REFERENCIA_MS_EM_V1_1,CURRICULO_COMPLETO,CURRICULO_REFERENCIA_MS_EM_V1_1,191
EM,EM3,CURRICULAR,Educação Física,EDF,MS.EM13LGG602,"Fruir e apreciar esteticamente diversas manifestações artísticas e culturais, das locais às mundiais, assim como delas participar, de modo a aguçar continuamentea sensibilidade, a imaginação e a criatividade.",,Jogos e movimentos,CURRICULO_REFERENCIA_MS_EM_V1_1,CURRICULO_COMPLETO,CURRICULO_REFERENCIA_MS_EM_V1_1,189
EM,EM1,CURRICULAR,Filosofia,FIL,MS.EM13CHS101,"Identificar, analisar e comparar diferentes fontes e narrativas expressas em diversas linguagens, com vistas à compreensão de ideias filosóficas e de processos e eventos históricos, geográficos, políticos, econômicos, sociais, ambientais e culturais.",,Mitologia das diversas culturas; Senso comum; conhecimento científico; Origem do pensamento filosófico.,CURRICULO_REFERENCIA_MS_EM_V1_1,CURRICULO_COMPLETO,CURRICULO_REFERENCIA_MS_EM_V1_1,262
EM,EM1,CURRICULAR,Filosofia,FIL,MS.EM13CHS102,"Identificar, analisar e discutir as circunstâncias históricas, geográficas, políticas, econômicas, sociais, ambientais e culturais de matrizes conceituais (etnocentrismo, racismo, evolução, modernidade, cooperativismo/desen volvimento etc.), avaliando criticamente seu significado histórico e comparando-as a narrativas que contemplem outros agentes e discursos",,Influência da cultura e da filosofia na organização política e social.,CURRICULO_REFERENCIA_MS_EM_V1_1,CURRICULO_COMPLETO,CURRICULO_REFERENCIA_MS_EM_V1_1,263
EM,EM1,CURRICULAR,Filosofia,FIL,MS.EM13CHS103,"Elaborar hipóteses, selecionar evidências e compor argumentos relativos a processos políticos, econômicos, sociais, ambientais, culturais e epistemológicos, com base na sistematização de dados e informações de diversas naturezas (expressões artísticas, textos filosóficos e sociológicos, documentos históricos e geográficos, gráficos, mapas, tabelas, tradições orais, entre outros). 15 PLATÃO. Teeteto — Belém: Universidade",,O papel do pensamento socrático.,CURRICULO_REFERENCIA_MS_EM_V1_1,CURRICULO_COMPLETO,CURRICULO_REFERENCIA_MS_EM_V1_1,264
EM,EM1,CURRICULAR,Filosofia,FIL,MS.EM13CHS104,"Analisar objetos e vestígios da cultura material e imaterial de modo a identificar conhecimentos, valores, crenças e práticas que caracterizam a identidade e a diversidade cultural de diferentes sociedades inseridas no tempo e no espaço.",,Formação do pensamento filosófico brasileiro.,CURRICULO_REFERENCIA_MS_EM_V1_1,CURRICULO_COMPLETO,CURRICULO_REFERENCIA_MS_EM_V1_1,266
EM,EM1,CURRICULAR,Filosofia,FIL,MS.EM13CHS105,"Identificar, contextualizar e criticar tipologias evolutivas (populações nômades e sedentárias, entre outras) e oposições dicotômicas (cidade/campo, cultura/ natureza, civilizados/bárbaros, razão/emoção, material/virtual etc.), explicitando suas ambiguidades.",,"Racionalismo e empirismo, positivismo e marxismo.",CURRICULO_REFERENCIA_MS_EM_V1_1,CURRICULO_COMPLETO,CURRICULO_REFERENCIA_MS_EM_V1_1,267
EM,EM1,CURRICULAR,Filosofia,FIL,MS.EM13CHS106,"Utilizar as linguagens cartográfica, gráfica e iconográfica, diferentes gêneros textuais e tecnologias digitais de informação e comunicação de forma crítica, significativa, reflexiva e ética nas diversas práticas sociais, incluindo as escolares, para se comunicar, acessar e difundir informações, produzir conhecimentos, resolver problemas e exercer protagonismo e autoria na vida pessoal e coletiva. Competência Específica 2. Analisar a formação compreensão das relações Estados-nações.",,Linguagem e ética nas redes sociais. EIXO TEMÁTICO: TEMPO E,CURRICULO_REFERENCIA_MS_EM_V1_1,CURRICULO_COMPLETO,CURRICULO_REFERENCIA_MS_EM_V1_1,268
EM,EM2,CURRICULAR,Filosofia,FIL,MS.EM13CHS201,"Analisar e caracterizar as dinâmicas das populações, das mercadorias e do capital diversos continentes, com destaque para a mobilidade e a fixação de pessoas, grupos humanos e povos, em função de eventos naturais, políticos, econômicos, sociais, religiosos e culturais, de modo a compreender e posicionar-se criticamente em relação a esses processos e às possíveis relações entre eles.",,As relações de trabalho e o papel da mercadoria. TEMÁTICO: TERRITÓRIO E Objetos de Conhecimento,CURRICULO_REFERENCIA_MS_EM_V1_1,CURRICULO_COMPLETO,CURRICULO_REFERENCIA_MS_EM_V1_1,271
EM,EM2,CURRICULAR,Filosofia,FIL,MS.EM13CHS202,"Analisar e avaliar os impactos das tecnologias na estruturação e nas dinâmicas de grupos, povos e sociedades contemporâneos (fluxos populacionais, financeiros, de mercadorias, de informações, de valores éticos e culturais etc.), bem como suas interferências decisões políticas, sociais, ambientais, econômicas culturais.",,Tecnologia: novas relações digitais.,CURRICULO_REFERENCIA_MS_EM_V1_1,CURRICULO_COMPLETO,CURRICULO_REFERENCIA_MS_EM_V1_1,272
EM,EM2,CURRICULAR,Filosofia,FIL,MS.EM13CHS203,"Compar ar os significados de território, fronteiras e vazio (espacial, temporal e cultural) em diferentes sociedades, contextualizando e relativizando visões dualistas (civilização/barbárie, nomadismo/sedentarismo, esclarecimento/obscurantis mo, cidade/ campo, entre outras).",,Influência do iluminismo na formação do esclarecimento cultural.,CURRICULO_REFERENCIA_MS_EM_V1_1,CURRICULO_COMPLETO,CURRICULO_REFERENCIA_MS_EM_V1_1,273
EM,EM2,CURRICULAR,Filosofia,FIL,MS.EM13CHS204,"Compar ar e avaliar os processos ocupação do espaço e a formação de territórios, territorialidades e fronteiras, identificando o papel de diferentes agentes (como grupos sociais e culturais, impérios, Estados Nacionais e organismos internacionais) e considerando os conflitos populacionais (internos e externos), a diversidade étnico-cultural e as características socioeconômicas, políticas tecnológicas.",,Criação do Estado e da Organização Social. TEMÁTICO: TERRITÓRIO E Objetos de Conhecimento,CURRICULO_REFERENCIA_MS_EM_V1_1,CURRICULO_COMPLETO,CURRICULO_REFERENCIA_MS_EM_V1_1,274
EM,EM2,CURRICULAR,Filosofia,FIL,MS.EM13CHS205,"Analisar a produção de diferentes territorialidades em suas dimensões culturais, econômicas, ambientais, políticas e sociais, no Brasil no mundo contemporâneo, com destaque para as culturas juvenis. Competência Específica 3 . Analisar e avaliar (produção, distribuição proposição de alternativas consumo responsável",,Ética nas relações sociais juvenis.,CURRICULO_REFERENCIA_MS_EM_V1_1,CURRICULO_COMPLETO,CURRICULO_REFERENCIA_MS_EM_V1_1,275
EM,EM2,CURRICULAR,Filosofia,FIL,MS.EM13CHS301,"Proble matizar hábitos e práticas individuais e coletivos de produção, reaproveitamento e descarte de resíduos em metrópoles, áreas urbanas e rurais, e comunidades com diferentes características socioeconômicas, e elaborar e/ou selecionar propostas de ação que promovam a sustentabilidade socioambiental, o combate à poluição sistêmica e o consumo responsável.",,Ética ambiental na produção sustentável. TEMÁTICO: SOCIEDADE E,CURRICULO_REFERENCIA_MS_EM_V1_1,CURRICULO_COMPLETO,CURRICULO_REFERENCIA_MS_EM_V1_1,277
EM,EM2,CURRICULAR,Filosofia,FIL,MS.EM13CHS302,"Analisar e avaliar criticamente os impactos econômicos e socioambientais de cadeias produtivas ligadas à exploração de recursos naturais e às atividades agropecuárias em diferentes ambientes e escalas de análise, considerando o modo de vida das populações locais – entre elas as indígenas, quilombolas e demais comunidades tradicionais , suas práticas agroextrativistas e o compromisso com a sustentabilidade.",,A sensibilização socioambiental na perspectiva regional e local de Mato Grosso do Sul; Ecoética.,CURRICULO_REFERENCIA_MS_EM_V1_1,CURRICULO_COMPLETO,CURRICULO_REFERENCIA_MS_EM_V1_1,278
EM,EM2,CURRICULAR,Filosofia,FIL,MS.EM13CHS303,"Debat er e avaliar o papel da indústria cultural e das culturas de massa no estímulo ao consumismo, seus impactos econômicos e socioambientais, com vistas à percepção crítica das necessidadescriadas pelo consumo e à adoção de hábitos sustentáveis.",,Escola de Frankfurt e a Teoria Crítica.,CURRICULO_REFERENCIA_MS_EM_V1_1,CURRICULO_COMPLETO,CURRICULO_REFERENCIA_MS_EM_V1_1,279
EM,EM2,CURRICULAR,Filosofia,FIL,MS.EM13CHS304,"Analis ar os impactos socioambientais decorrentes de práticas instituições governamentais, de empresas e de indivíduos, discutindo as origens dessas práticas, selecionando, incorporando e promovendo aquelas que favoreçam a consciência a ética socioambiental e consumo responsável.",,Valor oculto de produtos industrializados – materialismo.,CURRICULO_REFERENCIA_MS_EM_V1_1,CURRICULO_COMPLETO,CURRICULO_REFERENCIA_MS_EM_V1_1,280
EM,EM2,CURRICULAR,Filosofia,FIL,MS.EM13CHS305,"Analis ar e discutir o papel e as competências legais dos organismos nacionais e internacionais de regulação, controle e fiscalização ambiental e dos acordos internacionais para a promoção e a garantia de práticas ambientais sustentáveis.",,Institucionalização e responsabilidade do Estado as práticas sustentáveis.,CURRICULO_REFERENCIA_MS_EM_V1_1,CURRICULO_COMPLETO,CURRICULO_REFERENCIA_MS_EM_V1_1,282
EM,EM2,CURRICULAR,Filosofia,FIL,MS.EM13CHS306,"Contex tualizar, comparar e avaliar os impactos de diferentes modelos socioeconômicos no uso dos recursos naturais e na promoção sustentabilidade econômica e socioambiental do planeta (como a adoção dos sistemas da agrobiodiversidade e agroflorestal por diferentes comunidades, entre outros). 5.5.3. Ciências Humanas Competência Específica 4. Analisar as relações discutindo o papel dessas",,Educação Ambiental e bioeconomia. TEMÁTICO: SOCIEDADE E,CURRICULO_REFERENCIA_MS_EM_V1_1,CURRICULO_COMPLETO,CURRICULO_REFERENCIA_MS_EM_V1_1,283
EM,EM3,CURRICULAR,Filosofia,FIL,MS.EM13CHS401,"Identificar e analisar as relações entre sujeitos, grupos, classes sociais e sociedades com culturas distintas diante das transformações técnicas, tecnológicas e informacionais e das novas formas de trabalho ao longo do tempo, em diferentes espaços (urbanos e rurais) e contextos.",,Trabalho e as relações humanas na formação da sociedade. TEMÁTICO: POLÍTICA E TRABALHO,CURRICULO_REFERENCIA_MS_EM_V1_1,CURRICULO_COMPLETO,CURRICULO_REFERENCIA_MS_EM_V1_1,285
EM,EM3,CURRICULAR,Filosofia,FIL,MS.EM13CHS402,"Analisar e comparar indicadores de emprego, trabalho e renda em diferentes espaços, escalas e tempos, associando-os processos de estratificação e desigualdade socioeconômica.",,Política: papel na justiça social do trabalho. TEMÁTICO: POLÍTICA E TRABALHO,CURRICULO_REFERENCIA_MS_EM_V1_1,CURRICULO_COMPLETO,CURRICULO_REFERENCIA_MS_EM_V1_1,286
EM,EM3,CURRICULAR,Filosofia,FIL,MS.EM13CHS403,"Caracterizar e analisar os impactos das transformações tecnológicas nas relações sociais e de trabalho próprias da contemporaneidade, promovendo ações voltadas à superação das desigualdades sociais, da opressão e da violação dos Direitos Humanos.",,"Direitos Humanos, desigualdade e relação com mundo do trabalho.",CURRICULO_REFERENCIA_MS_EM_V1_1,CURRICULO_COMPLETO,CURRICULO_REFERENCIA_MS_EM_V1_1,287
EM,EM3,CURRICULAR,Filosofia,FIL,MS.EM13CHS404,"Identifi car e discutir os múltiplos aspectos do trabalho em diferentes circunstâncias contextos históricos e/ou geográficos e seus efeitos sobre as gerações, em especial, os jovens, levando em consideração, na atualidade, as transformações técnicas, tecnológicas e informacionais. Competência Específica 5. Identificar e combater éticos, democráticos,",,Avanços tecnológicos e trabalho juvenil.,CURRICULO_REFERENCIA_MS_EM_V1_1,CURRICULO_COMPLETO,CURRICULO_REFERENCIA_MS_EM_V1_1,288
EM,EM3,CURRICULAR,Filosofia,FIL,MS.EM13CHS501,"Anali sar os fundamentos da ética em diferentes culturas, tempos e espaços, identificando processos que contribuem para a formação de sujeitos éticos que valorizem a liberdade, a cooperação, a autonomia, o empreendedorismo, a convivência democrática e a solidariedade.",,"Ética e as relações sociais fronteiriças. SOCIEDADE, CULTURA",CURRICULO_REFERENCIA_MS_EM_V1_1,CURRICULO_COMPLETO,CURRICULO_REFERENCIA_MS_EM_V1_1,290
EM,EM3,CURRICULAR,Filosofia,FIL,MS.EM13CHS502,"Analisar situações da vida cotidiana, estilos de vida, valores, condutas etc., desnaturalizando e problematizando formas de desigualdade, preconceito, intolerância e discriminação, e identificar ações que promovam os Direitos Humanos, a solidariedade e o respeito às diferenças e àsliberdades individuais.",,Liberdade individual e o direito coletivo em sociedade.,CURRICULO_REFERENCIA_MS_EM_V1_1,CURRICULO_COMPLETO,CURRICULO_REFERENCIA_MS_EM_V1_1,291
EM,EM3,CURRICULAR,Filosofia,FIL,MS.EM13CHS503,"Identificar diversas formas de violência (física, simbólica, psicológica etc.), suas principais vítimas, suas causas sociais, psicológicas e afetivas, seus significados e usos políticos, sociais e culturais, discutindo e avaliando mecanismos para combatê-las, com base em argumentos éticos.",,"Violência afetiva e social: simbólicas, físicas e psicológicas.",CURRICULO_REFERENCIA_MS_EM_V1_1,CURRICULO_COMPLETO,CURRICULO_REFERENCIA_MS_EM_V1_1,292
EM,EM3,CURRICULAR,Filosofia,FIL,MS.EM13CHS504,"Anali sar e avaliar os impasses ético-políticos decorrentes das transformações culturais, sociais, históricas, científicas e tecnológicas no mundo contemporâneo e seus desdobramentos nas atitudes e nos valores de indivíduos, grupos sociais, sociedades e culturas. Competência Específica 6. Participar do debate alinhadas ao exercício crítica e responsabilidade.",,Maquiavel e a ética política contemporânea.,CURRICULO_REFERENCIA_MS_EM_V1_1,CURRICULO_COMPLETO,CURRICULO_REFERENCIA_MS_EM_V1_1,293
EM,EM3,CURRICULAR,Filosofia,FIL,MS.EM13CHS601,"Identificar e analisar as demandas e os protagonismos políticos, sociais e culturais dos povos indígenas e das populações afrodescendentes (incluindo as quilombolas) no Brasil contemporâneo considerando a história das Américas e o contexto de exclusão e inclusão precária desses grupos na ordem social e econômica atual, promovendo ações para a redução das desigualdades étnicoraciais no país.",,"Preconceito e tentativa de fundamentação da eugenia. INDIVÍDUO, CULTURA,",CURRICULO_REFERENCIA_MS_EM_V1_1,CURRICULO_COMPLETO,CURRICULO_REFERENCIA_MS_EM_V1_1,295
EM,EM3,CURRICULAR,Filosofia,FIL,MS.EM13CHS602,"Identificar e caracterizar presença do paternalismo, do autoritarismo e do populismo na política, na sociedade e nas culturas brasileira e latinoamericana, em períodos ditatoriais e democráticos, relacionando-os com as formas de organização e de articulação das sociedades em defesa da autonomia, da liberdade, do diálogo e da promoção da democracia, da cidadania e dos direitos humanos na sociedade atual.",,Caminhos para a construção democracia.,CURRICULO_REFERENCIA_MS_EM_V1_1,CURRICULO_COMPLETO,CURRICULO_REFERENCIA_MS_EM_V1_1,296
EM,EM3,CURRICULAR,Filosofia,FIL,MS.EM13CHS603,"Analisar a formação de diferentes países, povos nações e de suas experiências políticas e de exercício da cidadania, aplicando conceitos políticos básicos (Estado, poder, formas, sistemas e regimesde governo, soberania etc.).",,O Estado e a legitimidade do poder.,CURRICULO_REFERENCIA_MS_EM_V1_1,CURRICULO_COMPLETO,CURRICULO_REFERENCIA_MS_EM_V1_1,297
EM,EM3,CURRICULAR,Filosofia,FIL,MS.EM13CHS604,"Discutir o papel dos organismos internacionais no contexto mundial, com vistas à elaboração de uma visão crítica sobre seus limites e suas formas de atuação nos países, considerando os aspectos positivos e negativos dessa atuação para as populações locais.",,"Organizações internacionais: função cooperativa no mundo. INDIVÍDUO, CULTURA,",CURRICULO_REFERENCIA_MS_EM_V1_1,CURRICULO_COMPLETO,CURRICULO_REFERENCIA_MS_EM_V1_1,299
EM,EM3,CURRICULAR,Filosofia,FIL,MS.EM13CHS605,"Analisar os princípios da declaração dos Direitos Humanos, recorrendo às noções de justiça, igualdade e fraternidade, identificar os progressos entraves à concretização desses direitos nas diversas sociedades contemporâneas e promover ações concretas diante da desigualdade e das violações desses direitos em diferentes espaços de vivência, respeitando a identidade de cada grupo e de cada indivíduo.",,"Positivismo e os princípios de igualdade nas relações sociais. INDIVÍDUO, CULTURA,",CURRICULO_REFERENCIA_MS_EM_V1_1,CURRICULO_COMPLETO,CURRICULO_REFERENCIA_MS_EM_V1_1,300
EM,EM3,CURRICULAR,Filosofia,FIL,MS.EM13CHS606,"Analisar as características socioeconômicas da sociedade brasileira – com base na análise de documentos (dados, tabelas, mapas etc.) de diferentes fontes – e propor medidas para enfrentar os problemas identificados e construir uma sociedade mais próspera, justa e inclusiva, que valorize o protagonismo de seus cidadãos e promova o autoconhecimento, a autoestima, a autoconfiança e a empatia. 5.6. Ciências da Na contemporaneidade, das demandas por novas partir dos desafios senso comum ao conhecimento, considerando com vistas a alcançar responsabilidade (POZO, Com os avanços da e avanços científicos conceitos e teorias dos seres vivos, além investigação sobre a e individual da ciência investigação, de um ativo; de outro, esses demandam um olhar tecnologia para necessidades Nesse contexto, a área situações de aprendizagem para que ele desenvolva desenvolver experimentos estudante alcance a que correlacionam a de recursos naturais O Currículo de Referência epistemológicos e novas crenças relacionadas do mundo de forma sociocultural e realização Nesta perspectiva, a papel do sujeito participativo elaborações, experimentos, somente da informação, científico no processo âmbito da área de CNT, 16 As ações que são implícitas questionar, desafiar, argumentar, linguagem das ciências deve TEIXEIRA, Odete Pacubi Baierl. investigação científica, tal maneira, as unidades a educação científica. estudante e seu compromisso (CARVALHO, 2013, p. A área de CNT, assim uma formação integral apresentar inúmeras seus aspectos microscópicos experimentação, vivências conhecimento de maneira primordiais de abordagens apresentar modelos, intervenção de forma aprendizagem dentro Do ponto de vista do teórico-experimental aprendizagem, baseado descobertas científicas. estudantes a ampliação explicações, considerando hipótese ou teoria ambiente (ROTH, 2011, A construção de um convergir ou serem aprendizagem científica em que desenvolve contribui de forma substantiva No processo de ensino-aprendizagem, promovam a educação conhecimentos, mas pensamento científico, importante papel fundamentada, buscando dos desafios do século 17 Sobre o debate no campo ciência afinal? Trad. Raul Filker. Paulo: Atlas, 2000; pp. 74-125; Física, Florianópolis, v. 13, n. Florianópolis, v. 13, n. 3, pp Nesse sentido, cabe atividades, os instrumentos para que o estudante complexidade do conhecimento18. ampliação da percepção, frente aos desafios atemporais, vislumbrando sua projeção Por sua vez, espera-se uma vez que os diversos estudante pode vivenciar, e potencialidades, integradas mais simples ao mais O Currículo de CNT processo formativo consigo mediante a dos conhecimentos democracia, tendo efetividade do protagonismo problemas e pelo agir 2007, p. 6). No que se refere à estudante se aproprie cognitivas partir das necessidades ciência. Por isso, é fundamental humana, cognitiva, emocional, pressupõe a formação Por fim, cabe salientar com relação à parte Formativos, com vistas contextualizado das 18 Do ponto de vista da aprendizagem, diversas. Assim, é possível perceber mobilização de diferentes recursos relevância possível em relação reconhecer quais os instrumentos como saber aplicá-los corretamente Henrique Lucas Lima. Porto 5.6.1. Ciências da Competências Específicas 1. Analisar fenômenos matéria e energia, minimizem impactos global. 2. Analisar e utilizar argumentos, realizar fundamentar e defender",,O Mito da Caverna de Platão sua relação com o autoconhecimento contemporâneo. Possibilidades socioeconômicas,CURRICULO_REFERENCIA_MS_EM_V1_1,CURRICULO_COMPLETO,CURRICULO_REFERENCIA_MS_EM_V1_1,301
EM,EM1,CURRICULAR,Física,FIS,MS.EM13CNT101,"Analisar e representar, com ou sem o uso de dispositivos e de aplicativos digitais específicos, as transformações e conservações em sistemas que envolvam quantidade de matéria, de energia e de movimento para realizar previsões sobre seus comportamentos em situações cotidianas e em processos produtivos que priorizem o desenvolvimento sustentável, uso consciente dos recursos naturais e a preservação da vida em todas as suas formas.",,"Análise e representação das transformações em sistemas físicos, com foco na conservação da energia mecânica e no momento linear e angular; Uso consciente dos recursos energéticos para preservação da vida. MATÉRIA E ENERGIA",CURRICULO_REFERENCIA_MS_EM_V1_1,CURRICULO_COMPLETO,CURRICULO_REFERENCIA_MS_EM_V1_1,312
EM,EM1,CURRICULAR,Física,FIS,MS.EM13CNT104,"Avaliar os benefícios e os riscos à saúde ao ambiente, considerando a composição, a toxicidade e a reatividade de diferentes materiais e produtos, como também o nível de exposição a eles, posicionando-se criticamente e propondo soluções individuais e/ou coletivas para seus usos e descartes responsáveis.",,"Análise e avaliação da interação de ondas eletromagnéticas na matéria, considerando sua aplicação, riscos e benefícios à saúde e ao meio ambiente. VIDA, TERRA E COSMOS",CURRICULO_REFERENCIA_MS_EM_V1_1,CURRICULO_COMPLETO,CURRICULO_REFERENCIA_MS_EM_V1_1,315
EM,EM1,CURRICULAR,Física,FIS,MS.EM13CNT105,"Analisar os ciclos biogeoquímicos e interpretar os efeitos de fenômenos naturais e da interferência humana sobre esses ciclos, para promover ações individuais e/ou coletivas que minimizem consequências nocivas à vida.",,"Análise e interpretação das características das ondas eletromagnéticas e os efeitos, em especial, da radiação infravermelha, no aquecimento global e seus impactos nos ciclos biogeoquímicos. MATÉRIA E ENERGIA",CURRICULO_REFERENCIA_MS_EM_V1_1,CURRICULO_COMPLETO,CURRICULO_REFERENCIA_MS_EM_V1_1,314
EM,EM1,CURRICULAR,Física,FIS,MS.EM13CNT201,"Analisar e discutir modelos, teorias e leis propostos em diferentes épocas e culturas para comparar distintas explicações sobre o surgimento e a evolução da Vida, da Terra e do Universo com as teorias científicas aceitas atualmente.",,"Estudo e análise de teorias relacionadas à origem da vida e do universo, como a teoria do Big Bang e conclusões sobre a expansão e o futuro do universo.",CURRICULO_REFERENCIA_MS_EM_V1_1,CURRICULO_COMPLETO,CURRICULO_REFERENCIA_MS_EM_V1_1,307
EM,EM1,CURRICULAR,Física,FIS,MS.EM13CNT202,"Analisar as diversas formas de manifestação da vida em seus diferentes níveis de organização, bem como as condições ambientais favoráveis e os fatores limitantes a elas, com ou sem o uso dispositivos e aplicativos digitais (como softwares de simulação e de realidade virtual, entre outros).",,"Investigação de pesquisas científicas sobre a existência de vida no Cosmos com a utilização da espectroscopia astronômica e efeito Doppler, diferenciando as características dos corpos celestes.",CURRICULO_REFERENCIA_MS_EM_V1_1,CURRICULO_COMPLETO,CURRICULO_REFERENCIA_MS_EM_V1_1,310
EM,EM1,CURRICULAR,Física,FIS,MS.EM13CNT204,"Elaborar explicações, previsões e cálculos a respeito dos movimentos de objetos na Terra, no Sistema Solar e no Universo com base na análise das interações gravitacionais, com ou sem uso de dispositivos e aplicativos digitais (como softwares de simulação e de realidade virtual, entre outros).",,Lei da Gravitação Universal e das Leis de Kepler: a formação dos corpos celestes e dos sistemas planetários; Cálculos matemáticos e conceitos da cinemática: análise dos movimentos dos corpos estudados.,CURRICULO_REFERENCIA_MS_EM_V1_1,CURRICULO_COMPLETO,CURRICULO_REFERENCIA_MS_EM_V1_1,309
EM,EM1,CURRICULAR,Física,FIS,MS.EM13CNT207,"Identificar, analisar e discutir vulnerabilidades vinculadas às vivências e aos desafios contemporâneos aos quais as juventudes estão expostas, considerando os aspectos físico, psicoemocional e social, a fim de desenvolver e divulgar ações de prevenção e de promoção da saúde e do bem-estar. 5.6.2. Ciências da Natureza Competências Específicas 1. Analisar fenômenos naturais matéria e energia, para minimizem impactos socioambientais global. 2. Analisar e utilizar interpretações argumentos, realizar previsões fundamentar e defender 3. Investigar situações-problema implicações no mundo, utilizando propor soluções que considerem e conclusões a públicos digitais de informação e",,"Reflexão sobre a física associada à segurança no trânsito, com destaque para discussões de temas de prevenção, direção defensiva, poluição sonora e promoção da saúde. Tecnologias – 2º ano tecnológicos, com base e coletivas que melhorem as condições de a dinâmica da Vida, da e a evolução responsáveis. aplicações do conhecimento e linguagens próprios locais, regionais e/ou globais, contextos e por meio",CURRICULO_REFERENCIA_MS_EM_V1_1,CURRICULO_COMPLETO,CURRICULO_REFERENCIA_MS_EM_V1_1,316
EM,EM1,CURRICULAR,Física,FIS,MS.EM13CNT208,"Aplicar os princípios da evolução biológica para analisar a história humana, considerando sua origem, diversificação, dispersão pelo planeta e diferentes formas de interação com a natureza, valorizando e respeitando a diversidade étnica e cultural humana.",,"Análise e discussão sobre o lançamento de satélites, foguetes e sondas: a aplicação de conceitos das VIDA, TERRA E COSMOS áreas da dinâmica, da mecânica, dentre outras; Aspectos éticos e sóciohistóricos da cultura de observação do céu e do espaço. MATÉRIA E ENERGIA",CURRICULO_REFERENCIA_MS_EM_V1_1,CURRICULO_COMPLETO,CURRICULO_REFERENCIA_MS_EM_V1_1,311
EM,EM1,CURRICULAR,Física,FIS,MS.EM13CNT209,"Analisar a evolução estelar associando-a aos modelos de origem e distribuição dos elementos químicos no Universo, compreendendo suas relações com as condições necessárias ao surgimento de sistemas solares e planetários, suas estruturas e composições e as possibilidades de existência de vida, utilizando representações e simulações, com ou sem o uso de dispositivos e aplicativos digitais (como softwares de simulação e de realidade virtual, entre outros.",,"Estudo dos corpos celestes com foco na evolução estelar e análise das variáveis como temperatura, estrutura física, composição química e forma de geração de energia. VIDA, TERRA E COSMOS",CURRICULO_REFERENCIA_MS_EM_V1_1,CURRICULO_COMPLETO,CURRICULO_REFERENCIA_MS_EM_V1_1,308
EM,EM1,CURRICULAR,Física,FIS,MS.EM13LGG104,"Utilizar as diferentes linguagens, levando em conta seus funcionamentos, para a compreensão e produção de textos e discursos em diversos campos de atuação social. AGRUPAMENTO 4 – EM AGRUPAMENTO 4 – EM Agrupamento 5 – EM1 Competências Específicas da Área: 1. Compreender o funcionamento verbais) e mobilizar esses conhecimentos atuação social e nas diversas mídias, possibilidades de explicação e interpretação 7. Mobilizar criativas, éticas e estéticas, para autorais e coletivas, e de aprender vida pessoal e coletiva. AGRUPAMENTO 5 – EM",,"análise do desenvolvimento corporal - cálculo e mensuração de ICQ, IMC, PA, FC.",CURRICULO_REFERENCIA_MS_EM_V1_1,CURRICULO_COMPLETO,CURRICULO_REFERENCIA_MS_EM_V1_1,169
EM,EM1,CURRICULAR,Física,FIS,MS.EM13LGG303,"Debater questões polêmicas de relevância social, analisando diferentes argumentos e opiniões, para formular, negociar e sustentar posições, frente à análise de perspectivas distintas.",,de práticas que sejam,CURRICULO_REFERENCIA_MS_EM_V1_1,CURRICULO_COMPLETO,CURRICULO_REFERENCIA_MS_EM_V1_1,160
EM,EM1,CURRICULAR,Física,FIS,MS.EM13LGG304,"Formular propostas, intervir e tomar decisões que levem em conta o bem comum e os Direitos Humanos, a consciência socioambiental e o consumo responsável em âmbito local, regional e global. AGRUPAMENTO 1 – EM AGRUPAMENTO 1 – EM Agrupamento 2 – EM1 Competências Específicas da Área: 1. Compreender o funcionamento verbais) e mobilizar esses conhecimentos social e nas diversas mídias, para possibilidades de explicação e interpretação 2. Compreender os processos identitários, de linguagem, respeitando as diversidades base em princípios e valores exercitando o autoconhecimento, combatendo preconceitos de qualquer 4. Compreender as línguas como e sensível aos contextos de uso, expressões indentitárias, pessoais qualquer natureza. AGRUPAMENTO 2 – EM",,"de práticas que sejam inclusivas e sua inserção no meio social; Tipos de lazer e espaços para sua prática em âmbito local, regional e global. Todos os campos de atuação: • Campo de atuação na vida • Campo artístico-literário; • Campo das práticas de estudo • Campo jornalístico – midiático; • Campo de atuação na vida Objetos de conhecimento",CURRICULO_REFERENCIA_MS_EM_V1_1,CURRICULO_COMPLETO,CURRICULO_REFERENCIA_MS_EM_V1_1,160
EM,EM1,CURRICULAR,Física,FIS,MS.EM13LGG402,"Empregar, nas interações sociais, a variedade e o estilo de língua AGRUPAMENTO 2 – EM adequados à situação comunicativa, ao(s) interlocutor(es) e ao gênero do discurso, respeitando os usos das línguas por esse(s) interlocutor(es) e sem preconceito linguístico. AGRUPAMENTO 2 – EM Agrupamento 3 – EM1 Competências Específicas da Área: 1. Compreender o funcionamento verbais) e mobilizar esses conhecimentos de atuação social e nas diversas e as possibilidades de explicação 6. Apreciar esteticamente as características locais, regionais e para dar significado e (re)construir de maneira crítica e criativa, com 7. Mobilizar criativas, éticas e estéticas, para autorais e coletivas, e de aprender vida pessoal e coletiva. AGRUPAMENTO 3 – EM Componente Curricular",,"(linguagens: corporais, artísticas e verbais) com temáticas diversas (racismo, estereótipos de gênero e feminismo); Práticas da cultura corporal e o direito à privacidade nas mídias digitais.",CURRICULO_REFERENCIA_MS_EM_V1_1,CURRICULO_COMPLETO,CURRICULO_REFERENCIA_MS_EM_V1_1,163
EM,EM1,CURRICULAR,Física,FIS,MS.EM13LGG501,"Selecionar e utilizar movimentos corporais de forma consciente e intencional para interagir socialmente em práticas corporais, de modo a estabelecer relações construtivas, empáticas, éticas e de respeito às diferenças. AGRUPAMENTO 6 – EM 5.2.2. Linguagens e suas Tecnologias Agrupamento 1 – EM2 Competências Específicas 3. Utilizar diferentes linguagens colaboração, o protagonismo e solidária, defendendo pontos de consciência socioambiental e o consumo 4. Compreender as línguas heterogêneo e sensível aos contextos formas de expressões identitárias, preconceitos de qualquer natureza.",,relacionados à saúde e manutenção do corpo. Campos de atuação: • Campo de atuação na vida • Campo artístico-literário; • Campo das práticas de estudo • Campo jornalístico – midiático. Objetos de conhecimento,CURRICULO_REFERENCIA_MS_EM_V1_1,CURRICULO_COMPLETO,CURRICULO_REFERENCIA_MS_EM_V1_1,175
EM,EM1,CURRICULAR,Física,FIS,MS.EM13LGG703,"Utilizar diferentes linguagens, mídias e ferramentas digitais em processos de produção coletiva, colaborativa e projetos autorais em ambientes digitais. AGRUPAMENTO 5 – EM AGRUPAMENTO 5 – EM Agrupamento 6 – EM1 Competências Específicas da Área: 1. Compreender o funcionamento verbais) e mobilizar esses conhecimentos de atuação social e nas diversas e as possibilidades de explicação 5.Compreender os processos reconhecendo-as e vivenciando-as perspectiva democrática e de respeito AGRUPAMENTO 6 – EM",,"Educação Física local, regional e/ou global, com o avanço da tecnologia e seu reflexo nas práticas corporais juvenis.",CURRICULO_REFERENCIA_MS_EM_V1_1,CURRICULO_COMPLETO,CURRICULO_REFERENCIA_MS_EM_V1_1,172
EM,EM2,CURRICULAR,Física,FIS,MS.EM13CNT102,"Realizar previsões, avaliar intervenções e/ou construir protótipos de sistemas térmicos que visem à sustentabilidade, considerando sua composição e os efeitos das variáveis termodinâmicas sobre seu funcionamento, considerando também o uso de tecnologias digitais que auxiliem no cálculo de estimativas e no apoio à construção dos protótipos.",,"Estudo sobre os sistemas térmicos e variáveis termodinâmicas; Análise dos diferentes processos de propagação do calor. VIDA, TERRA E COSMOS",CURRICULO_REFERENCIA_MS_EM_V1_1,CURRICULO_COMPLETO,CURRICULO_REFERENCIA_MS_EM_V1_1,319
EM,EM2,CURRICULAR,Física,FIS,MS.EM13CNT106,"Avaliar, com ou sem o uso de dispositivos e aplicativos digitais, tecnologias possíveis soluções para as demandas que envolvem a geração, o transporte, a distribuição e o consumo de energia elétrica, considerando disponibilidade de recursos, a eficiência energética, a relação custo/benefício, as características geográficas e ambientais, a produção de resíduos e os impactos socioambientais e culturais. EIXO",,"Avaliação das diversas fontes de energia elétrica com discussões sobre o uso de fontes renováveis e consumo consciente; Estudo e compreensão da geração, transporte, distribuição e cálculo do consumo de energia. VIDA, TERRA E COSMOS E PRÁTICAS EM",CURRICULO_REFERENCIA_MS_EM_V1_1,CURRICULO_COMPLETO,CURRICULO_REFERENCIA_MS_EM_V1_1,322
EM,EM2,CURRICULAR,Física,FIS,MS.EM13CNT107,"Realizar previsões qualitativas e quantitativas sobre o funcionamento de geradores, motores elétricos e seus componentes, bobinas, transformadores, pilhas, baterias e dispositivos eletrônicos, com base na análise dos processos transformação e condução de energia envolvidos - com ou sem o uso de dispositivos e aplicativos digitais -, para propor ações que visem a sustentabilidade.",,"Estudo e aplicação dos conceitos da eletrodinâmica presente nas máquinas elétricas com análise dos processos de transformação de energia. VIDA, TERRA E COSMOS",CURRICULO_REFERENCIA_MS_EM_V1_1,CURRICULO_COMPLETO,CURRICULO_REFERENCIA_MS_EM_V1_1,321
EM,EM2,CURRICULAR,Física,FIS,MS.EM13CNT203,"Avaliar e prever efeitos de intervenções nos ecossistemas, e seus impactos nos seres vivos e no corpo humano, com base nos mecanismos de manutenção da vida, nos ciclos da matéria e nas transformações e transferências de energia, utilizando representações e simulações sobre tais fatores, com ou sem uso de dispositivos e aplicativos digitais (como softwares de simulação e de realidade virtual, entre outros).",,"Aplicação dos conceitos de calorimetria em sistemas de ocorrências de trocas de calor, transformação de energia e variações de temperatura. MATÉRIA E ENERGIA",CURRICULO_REFERENCIA_MS_EM_V1_1,CURRICULO_COMPLETO,CURRICULO_REFERENCIA_MS_EM_V1_1,318
EM,EM2,CURRICULAR,Física,FIS,MS.EM13CNT306,"Avaliar os riscos envolvidos em atividades cotidianas, aplicando conhecimento das Ciências da Natureza, para justificar o uso equipamentos e recursos, bem como comportamentos de segurança, visando à integridade física, individual e coletiva, e socioambiental, podendo fazer uso de dispositivos e aplicativos digitais que viabilizem a estruturação de simulações de riscos. EIXO",,"Conhecimento e aplicação de conceitos de eletrostática e circuitos elétricos em situações-problema, envolvendo equipamentos de segurança para proteção contra acidentes com eletricidade. E PRÁTICAS EM",CURRICULO_REFERENCIA_MS_EM_V1_1,CURRICULO_COMPLETO,CURRICULO_REFERENCIA_MS_EM_V1_1,326
EM,EM2,CURRICULAR,Física,FIS,MS.EM13CNT308,"Investigar analisar o funcionamento de equipamentos elétricos e/ou eletrônicos e sistemas de automação para compreender tecnologias contemporâneas e avaliar seus impactos sociais, culturais e ambientais. EIXO EIXO",,Análise do funcionamento de equipamentos elétricos e eletrônicos com estudos sobre os sistemas de automação. E PRÁTICAS EM,CURRICULO_REFERENCIA_MS_EM_V1_1,CURRICULO_COMPLETO,CURRICULO_REFERENCIA_MS_EM_V1_1,324
EM,EM2,CURRICULAR,Física,FIS,MS.EM13CNT309,"Analisar questões socioambientais, políticas e econômicas relativas dependência do mundo atual relação aos recursos não renováveis e discutir a necessidade de introdução de alternativas e novas tecnologias energéticas materiais, comparando diferentes tipos de motores e processos de produção de novos materiais. EIXO",,Avaliação de questões socioambientais e econômicas sobre as fontes de energia não renováveis e análise da utilização do motor de combustão interna.,CURRICULO_REFERENCIA_MS_EM_V1_1,CURRICULO_COMPLETO,CURRICULO_REFERENCIA_MS_EM_V1_1,323
EM,EM2,CURRICULAR,Física,FIS,MS.EM13CNT310,"Investigar analisar os efeitos de programas de infraestrutura e demais serviços básicos (saneamento, energia elétrica, transporte, telecomunicações, cobertura vacinal, atendimento primário saúde e produção de alimentos, entre outros) e identificar necessidades locais e/ou regionais em relação a esses serviços, a fim de promover ações que contribuam para a melhoria na qualidade de vida e nas condições de saúde da população. EIXO 5.6.3. Ciências da Natureza Competências Específicas 1. Analisar fenômenos naturais matéria e energia, para minimizem impactos socioambientais global. 2. Analisar e utilizar interpretações argumentos, realizar previsões fundamentar e defender 3. Investigar situações-problema implicações no mundo, utilizando propor soluções que considerem e conclusões a públicos digitais de informação e",,"Análise dos tipos de usinas de geração de energia elétrica, com comparações no rendimento, no custo e na conta de energia elétrica do consumidor. Tecnologias – 3º ano tecnológicos, com base e coletivas que melhorem as condições de a dinâmica da Vida, da e a evolução responsáveis. aplicações do conhecimento e linguagens próprios locais, regionais e/ou globais, contextos e por meio",CURRICULO_REFERENCIA_MS_EM_V1_1,CURRICULO_COMPLETO,CURRICULO_REFERENCIA_MS_EM_V1_1,327
EM,EM2,CURRICULAR,Física,FIS,MS.EM13LGG105,"Analisar e experimentar diversos processos de remidiação de produções multissemióticas, multimídia e transmídia,desenvolvendo diferentes modos de participação e intervenção social. AGRUPAMENTO 2 – EM Agrupamento 3 – EM2 Competências Específicas 1. Compreender o funcionamento verbais) e mobilizar esses conhecimentos de atuação social e nas diversas e as possibilidades de explicação 3. Utilizar diferentes linguagens colaboração, protagonismo e autoria defendendo pontos de vista que socioambiental e o consumo responsável, AGRUPAMENTO 3 – EM",,"reeducação da postura e do movimento corporal e sua importância nas aulas de Educação Física; Desenvolvimento, vivência e (re)criação de expressões corporais. Campos de atuação: • Campo de atuação na vida • Campo artístico-literário; • Campo das práticas de estudo • Campo jornalístico – midiático. Objetos de conhecimento",CURRICULO_REFERENCIA_MS_EM_V1_1,CURRICULO_COMPLETO,CURRICULO_REFERENCIA_MS_EM_V1_1,179
EM,EM2,CURRICULAR,Física,FIS,MS.EM13LGG301,"Participar de processos de produção individual e colaborativa em diferentes linguagens (artísticas, corporais e verbais), levando em conta suas formas e seus funcionamentos, para produzir sentidos em diferentes contextos. AGRUPAMENTO 3 – EM Agrupamento 4 – EM2 Competências Específicas 7. Mobilizar criativas, éticas e estéticas, para autorais e coletivas, e de aprender vida pessoal e coletiva. 6. Apreciar esteticamente as características locais, regionais e para dar significado e (re)construir de maneira crítica e criativa, com AGRUPAMENTO 4 – EM",,"livre, em diferentes eixos da cultura corporal (danças, lutas, esportes, jogos, ginásticas, práticas corporais de aventura). Campos de atuação: • Campo de atuação na vida • Campo artístico-literário; • Campo das práticas de estudo • Campo jornalístico – midiático. Objetos de conhecimento",CURRICULO_REFERENCIA_MS_EM_V1_1,CURRICULO_COMPLETO,CURRICULO_REFERENCIA_MS_EM_V1_1,181
EM,EM2,CURRICULAR,Física,FIS,MS.EM13LGG403,"Fazer uso do inglês como língua de comunicação global, levando em conta a multiplicidade e variedade de usos, usuários e funções dessa língua no mundo contemporâneo. AGRUPAMENTO 1 – EM Agrupamento 2 – EM2 Competências Específicas 1. Compreender o funcionamento verbais) e mobilizar esses conhecimentos de atuação social e nas diversas e as possibilidades de explicação AGRUPAMENTO 2 – EM",,"corporais, uso de termos, expressões ou siglas advindas da Língua Inglesa, em situações discursivas Campos de atuação: • Campo de atuação na vida • Campo artístico-literário; • Campo das práticas de estudo • Campo jornalístico – midiático. Objetos de conhecimento orais e escritas, na área do esporte.",CURRICULO_REFERENCIA_MS_EM_V1_1,CURRICULO_COMPLETO,CURRICULO_REFERENCIA_MS_EM_V1_1,177
EM,EM2,CURRICULAR,Física,FIS,MS.EM13LGG503,"Vivenciar práticas corporais e significá-las em seuprojeto de vida, como forma de autoconhecimento, autocuidado AGRUPAMENTO 5 – EM com o corpo e com a saúde, socialização e entretenimento. Agrupamento 6 – EM2 Competências Específicas 6. Apreciar esteticamente as características locais, regionais e para dar significado e (re)construir de maneira crítica e criativa, com 3. Utilizar diferentes linguagens colaboração, protagonismo e autoria defendendo pontos de vista que socioambiental e o consumo responsável, AGRUPAMENTO 6 – EM",,significação do corpo e os estereótipos criados Campos de atuação: • Campo de atuação na vida • Campo artístico-literário; • Campo das práticas de estudo • Campo jornalístico – midiático; • Campo de atuação na vida Objetos de conhecimento nas sociedades antiga e moderna; Relações e interpretações da imagem corporal imposta pela mídia e sociedade.,CURRICULO_REFERENCIA_MS_EM_V1_1,CURRICULO_COMPLETO,CURRICULO_REFERENCIA_MS_EM_V1_1,185
EM,EM2,CURRICULAR,Física,FIS,MS.EM13LGG601,"Apropriar-se do patrimônio artístico de diferentes tempos e lugares, compreendendo a sua diversidade, bem como os processos de legitimação das manifestações artísticas nasociedade, desenvolvendo visão crítica e histórica.",,na cultura de diversos,CURRICULO_REFERENCIA_MS_EM_V1_1,CURRICULO_COMPLETO,CURRICULO_REFERENCIA_MS_EM_V1_1,187
EM,EM2,CURRICULAR,Física,FIS,MS.EM13LGG603,"Expressar-se e atuar em processos de criação autorais individuais e coletivos nas diferentes linguagens artísticas (artes visuais, audiovisual, dança, música e teatro) e nas intersecções entre elas, recorrendo a referências estéticas e culturais, conhecimentos de naturezas diversas (artísticos, históricos, sociais e políticos) e experiências individuais e coletivas. AGRUPAMENTO 4 – EM Agrupamento 5 – EM2 Competências Específicas 1. Compreender o funcionamento verbais) e mobilizar esses conhecimentos de atuação social e nas diversas e as possibilidades de explicação 3. Utilizar diferentes linguagens colaboração, protagonismo e autoria defendendo pontos de vista que socioambiental e o consumo responsável, 5. Compreender os processos reconhecendo-as e vivenciando-as perspectiva democrática e de respeito AGRUPAMENTO 5 – EM",,"desenvolvimento da coordenação motora, Campos de atuação: • Campo de atuação na vida • Campo artístico-literário; • Campo das práticas de estudo • Campo jornalístico – midiático. Objetos de conhecimento da criatividade e das noções de ritmos brasileiros e mundiais.",CURRICULO_REFERENCIA_MS_EM_V1_1,CURRICULO_COMPLETO,CURRICULO_REFERENCIA_MS_EM_V1_1,183
EM,EM3,CURRICULAR,Física,FIS,MS.EM13CNT103,"Utilizar o conhecimento sobre as radiações e suas origens para avaliar as potencialidades e os riscos de sua aplicação em equipamentos de uso cotidiano, na saúde, no ambiente, na indústria, na agricultura e na geração de energia elétrica.",,"Análise dos conceitos sobre as ondas eletromagnéticas com foco nas suas características e aplicação em equipamentos do cotidiano e na área da saúde; Estudo da geração de energia elétrica, por meio das usinas nucleares. VIDA TERRA E COSMOS",CURRICULO_REFERENCIA_MS_EM_V1_1,CURRICULO_COMPLETO,CURRICULO_REFERENCIA_MS_EM_V1_1,329
EM,EM3,CURRICULAR,Física,FIS,MS.EM13CNT205,"Interpretar resultados e realizar previsões sobre atividades experimentais, fenômenos naturais e processos tecnológicos, com base nas noções de probabilidade e incerteza, reconhecendo os limites explicativos das ciências. EIXO",,"Noções de probabilidade e incerteza na análise de dados científicos na avaliação da probabilidade de um determinado evento, por meio de experimentos. E PRÁTICAS EM Objetos de Conhecimento",CURRICULO_REFERENCIA_MS_EM_V1_1,CURRICULO_COMPLETO,CURRICULO_REFERENCIA_MS_EM_V1_1,330
EM,EM3,CURRICULAR,Física,FIS,MS.EM13CNT206,"Discutir a importância da preservação e conservação da biodiversidade, considerando parâmetros qualitativos e quantitativos, e avaliar os efeitos da ação humana e das políticas ambientais para garantia da sustentabilidade do planeta. EIXO",,"Análise dos conceitos Para físicos relacionados desenvolver com as tecnologias na argumentação, aquisição de pensamento informações, por meio dos do monitoramento uso remoto; radares Discussão sobre monitoramento. estratégias de discussões preservação e ambientais, conservação da cuidados biodiversidade e do importância meio ambiente, por integração meio das tecnologias. Geografia, envolvam sustentabilidade preservação. E PRÁTICAS EM",CURRICULO_REFERENCIA_MS_EM_V1_1,CURRICULO_COMPLETO,CURRICULO_REFERENCIA_MS_EM_V1_1,333
EM,EM3,CURRICULAR,Física,FIS,MS.EM13CNT301,"Construir questões, elaborar hipóteses, previsões e estimativas, empregar instrumentos de medição e representar e interpretar modelos explicativos, dados e/ou resultados experimentais para construir, avaliar e justificar conclusões no enfrentamento de situações-problema sob uma perspectiva científica. EIXO",,"Aplicação de metodologias científicas por meio de pesquisas, observação, elaboração do problema, hipóteses, experimentação, análise dos resultados e conclusão. E PRÁTICAS EM",CURRICULO_REFERENCIA_MS_EM_V1_1,CURRICULO_COMPLETO,CURRICULO_REFERENCIA_MS_EM_V1_1,337
EM,EM3,CURRICULAR,Física,FIS,MS.EM13CNT302,"Comunicar, para públicos variados, em diversos contextos, resultados de análises, pesquisas e/ou experimentos elaborando e/ou interpretando textos, gráficos, tabelas, símbolos, códigos, sistemas de classificação e equações, por meio de diferentes linguagens, mídias, tecnologias digitais de informação e comunicação (TDIC), de modo a participar e/ou promover debates em torno de temas científicos e/ou tecnológicos de relevância sociocultural e ambiental. REFERÊNCIAS ABRAMOWICZ, M. Avaliação do Educação. PUC-Campinas. v.1. ADORNO, T. W. Educação e Emancipação. AFONSO, A. J. Avaliação educacional: – Editora Cortez- 3 edição- São ANDRÉ, C. F. O pensamento computacional In: teccogs – Revista Digital de APEL, K.O.. Ética e responsabilidade: 258.. APEL, K. O. Teoría de la verdad APPLE, M. W.. Ideologia e currículo. APPLE, M. Reestruturação educativa pp. 5-33, Jan/jun. 2001 (disponível ARENDT, H. Entre o passado e ARROYO, M. G. Experiências de práticas. Campinas: Papirus, 2001. Atividades de aprendizagem: Grande -MS: SED/MS, 2018. BACICH. L; MORAN, J. Metodologias Penso, 2018. BARBOSA, A. M. Tópicos utópicos. BELLONI, M. L. Educação a Distância. BICUDO, M. A. V. (org). Pesquisa Boletim de Educação Matemática, https://www.periodicos.rc.biblioteca.unesp.br/index.php/bolema/article/view/10608. BRASIL. Lei 4.024, de 20 de dezembro Página 51 Vol. 7, 27 de jan. de dezembro-1961-353722-publicacaooriginal-1-pl.html>. BRASIL. Ministério de Educação da Educação Nacional. Brasília Câmara dos Deputados. Decreto ENEF. Brasília: MEC, 2010. CAMARGO, F; DÁRIOS, T. A sala Alegre: Penso, 2018. CANDIDO, A. O direito à literatura. CARVALHO, A. M. P. de; et al. Ensino Paulo: Cengage Learning, 2013. Congresso Nacional. Constituição Congresso Nacional, 1988. Disponível de agosto de 2020. Conselho Nacional de Educação. Nacional Comum Curricular, a Educação Básica. Diário Oficial Conselho Nacional de Educação; Diretrizes Curriculares Nacionais Conselho Nacional de Educação; Nacional Comum Curricular na Conselho Nacional de Educação; Diretrizes Curriculares Nacionais Conselho Nacional de Educação; Curriculares Nacionais para o Ensino /resolucao-cne/cp-n-1-de-5-de-janeiro-de-2021-297767578>. CORTINA, A. Razón comunicativa Sígueme, 1988. COSCARELLI, C; RIBEIRO, A. E. Editora, 2014. D’ AMBROSIO, U. Educação Matemática: https://www.uricer.edu.br/site/pdfs/perspectiva/160_739.pdf. DANTE, L. R. Matemática Contexto DAVEL, M. A. N. Alfabetização Florianópolis, Santa Catarina: XV de Santa Catarina 3 a 6 de julho Decreto-lei n. 4.887, de 20 de novembro DEMO, P. Educação e qualidade. DEMO, P. Metodologia do conhecimento Diário Oficial Eletrônico n. 10.097. em: <https://www.spdo.ms.gov.br/diariodoe/Index/Download/DO10097_19_02_2020>. DUSSEL, E. D.. Para uma ética 1977]. FERREIRA, C. A. A Flexibilidade Pessoa, v. 13, n. 2, 2020, pp. 316-325 https://periodicos.ufpb.br/ojs2/index.php/rec/article/view/45563/31048). FERREIRA, H. B.; REES, D. K. Educação 40, n. 1, p. 229-251, mar. 2015. FIGUEIREDO, H. de F. e P.; LIMA, FIORENTINI, D. Alguns Modos DOI:https://doi.org/10.20396/zet.v3i4.8646877. https://periodicos.sbu.unicamp.br/ojs/index.php/zetetike/article/view/8646877/15035 FLEMMING, D. M. Tendências FREIRE, P. Pedagogia do oprimido. GADOTTI, M. Educação integral GERALDI, J. W. A aula como acontecimento.",,"Pesquisa e comunicação de dados de investigação científica utilizando temas relacionados à ciência e à tecnologia. do professor e formação 1998. Paz e Terra, 1995. emancipação: para uma sociologia estratégia de aprendizagem, n. 18, jul./dez. 2018, p. 94-109. passagem para a moral pós-convencional. Barcelona: Paidós Ibérica, 1991. ArtMed, 2008. agendas neoliberal e neoconservadora. Paulo: Perspectiva, 2011. o currículo na prática da escola. para comprometer-se com educação renovadora: uma MG: Com Arte,1998. Associados, 2008. Concepções & Perspectivas. n. 17, p. 83-126, 2002. Disponível Oficial da União, seção 1, Brasília, Acesso em: 21 de agosto de n. 9394/96, de 20 de dezembro dezembro de 2010. Institui a estratégias pedagógicas para Vários escritos. São Paulo: investigação: condições para do Brasil de 1988. Brasília: nº 2, de 22 de dezembro de 2017. ao longo das etapas DF, 22 dez. 2017a. Básica. Resolução n. 3, de 21 Brasília: MEC, 2018ª. Básica. Resolução n. 4, de 17 (BNCC-EM). Brasília: MEC, 2018b. Básica. Resolução n. 3, de 21 Brasília: MEC, 2018a. Básica. Resolução n. 1, de 5 MEC, 2021. Disponível em: <https://www.in.gov.br/en/web/dou/- Acesso em: 12 de março solidaria: ética y política em aspectos sociais e possibilidades à prática. Campinas, SP: Papirus, Acesso em: 20 ago. 2020. 1. Ed. São Paulo. Editora Ática 2013. científico? Entre elos e duelos de Pesquisa em Educação em coletânea de legislação: edição 1994. São Paulo: Atlas, 200; pp. 74-125. 19/02/2020. pp. 5-10. Governo do III: erótica e pedagógica. à mudança das práticas pedagógicas. de tempo integral em Goiânia. em Ciências, Letramento Ensino de Matemática no Brasil. em: 2. ed. Palhoça: UnisulVirtual, Paz e Terra, 2013. em processo. São Paulo: Instituto São Carlos: Pedro & João Editores,",CURRICULO_REFERENCIA_MS_EM_V1_1,CURRICULO_COMPLETO,CURRICULO_REFERENCIA_MS_EM_V1_1,338
EM,EM3,CURRICULAR,Física,FIS,MS.EM13CNT303,"Interpretar textos de divulgação científica que tratem de temáticas das Ciências da Natureza, disponíveis em diferentes mídias, considerando a apresentação dos dados, tanto na forma de textos como em equações, gráficos e/ou tabelas, a consistência dos argumentos e a coerência das conclusões, visando construir estratégias de seleção de fontes confiáveis de informações. EIXO",,Estudo de textos de divulgação científica e apresentação de dados sobre temas relacionados ao uso de novas tecnologias. E PRÁTICAS EM,CURRICULO_REFERENCIA_MS_EM_V1_1,CURRICULO_COMPLETO,CURRICULO_REFERENCIA_MS_EM_V1_1,336
EM,EM3,CURRICULAR,Física,FIS,MS.EM13CNT304,"Analisar e debater situações controversas sobre a aplicação de conhecimentos da área de Ciências da Natureza (tais como tecnologia do DNA, tratamentos com célulastronco, neurotecnologias, produção de tecnologias de defesa, estratégias de controle de pragas entre outros), com base em argumentos consistentes, legais éticos e EIXO responsáveis, distinguindo diferentes pontos de vista.",,"Discussão com Com argumentação sobre Informação questionamentos éticos, atividades sociais e morais, avaliando embasada as vantagens e e desvantagens na aplicação debate de conhecimentos na área posicionamentos de ciências da natureza em despertam temas atuais e radioatividade impactantes. da dentre aplicação não as aproveitamento",CURRICULO_REFERENCIA_MS_EM_V1_1,CURRICULO_COMPLETO,CURRICULO_REFERENCIA_MS_EM_V1_1,331
EM,EM3,CURRICULAR,Física,FIS,MS.EM13CNT305,"Investigar discutir o uso indevido de conhecimentos das Ciências da Natureza na justificativa de processos de discriminação, segregação e privação de direitos individuais e coletivos, em diferentes contextos sociais e históricos, para promover a equidade e o respeito à diversidade. EIXO",,"Estudo e discussão sobre Por as implicações sociais, comunicação, tecnológicas, ambientais, métodos dentre outras, na argumentação construção e no uso causadas indevido da bomba uma atômica. de a que de do acerca científico refletir incluindo exposições momentos social. VIDA, TERRA E COSMOS Objetos de Conhecimento",CURRICULO_REFERENCIA_MS_EM_V1_1,CURRICULO_COMPLETO,CURRICULO_REFERENCIA_MS_EM_V1_1,332
EM,EM3,CURRICULAR,Física,FIS,MS.EM13CNT307,"Analisar as propriedades dos materiais para avaliar a adequação de seu uso em diferentes aplicações (industriais, cotidianas, arquitetônicas e/ou tecnológicas) e/ou propor soluções seguras e sustentáveis, considerando seu contexto local e cotidiano. EIXO",,Estudo sobre as propriedades físicas e químicas de alguns materiais na avaliação de diversas aplicações e produção de novos materiais. E PRÁTICAS EM,CURRICULO_REFERENCIA_MS_EM_V1_1,CURRICULO_COMPLETO,CURRICULO_REFERENCIA_MS_EM_V1_1,335
EM,EM3,CURRICULAR,Física,FIS,MS.EM13LGG201,"Utilizar as diversas linguagens (artísticas, corporais e verbais) em diferentes contextos, valorizandoas como fenômeno social, cultural, histórico, variável, heterogêneo e sensível aos contextos de uso. AGRUPAMENTO 4 – EM Agrupamento 5 – EM3 Competências Específicas 7. Mobilizar criativas, éticas e estéticas, para autorais e coletivas, e de aprender vida pessoal e coletiva. 3. Utilizar diferentes linguagens colaboração, protagonismo e autoria defendendo pontos de vista que socioambiental e o consumo responsável, AGRUPAMENTO 5 – EM",,esportivos e a questão do gênero no esporte; desconstrução de estereótipos. Campos de atuação: • Campo de atuação na vida • Campo artístico-literário; • Campo das práticas de estudo • Campo jornalístico – midiático. Objetos de conhecimento,CURRICULO_REFERENCIA_MS_EM_V1_1,CURRICULO_COMPLETO,CURRICULO_REFERENCIA_MS_EM_V1_1,195
EM,EM3,CURRICULAR,Física,FIS,MS.EM13LGG304,"Formular propostas, intervir e tomar decisões que levem em conta o bem comum e os Direitos Humanos, a consciência socioambiental e o consumo responsável em âmbito local, regional e global. AGRUPAMENTO 6 – EM AGRUPAMENTO 6 – EM 5.3. Língua Portuguesa 5.3.1. Língua Portuguesa Agrupamento 1 – EM1 Competências Específicas 6. Apreciar esteticamente as características locais, regionais e para dar significado e (re) construir de maneira crítica e criativa, com 7. Mobilizar criativas, éticas e estéticas, para autorais e coletivas, e de aprender pessoal e coletiva.",,ilícitas em práticas esportivas de rendimento e as Campos de atuação: • Campo de atuação na vida • Campo artístico-literário; • Campo das práticas de estudo • Campo jornalístico – midiático; • Campo de atuação na vida Objetos de conhecimento consequências do seu uso ilegal.,CURRICULO_REFERENCIA_MS_EM_V1_1,CURRICULO_COMPLETO,CURRICULO_REFERENCIA_MS_EM_V1_1,199
EM,EM3,CURRICULAR,Física,FIS,MS.EM13LGG305,"Mapear e criar, por meio de práticas delinguagem, possibilidades de atuação social, política, artística e cultural para enfrentar desafios contemporâneos,discutindo princípios e objetivos dessa atuação de maneira crítica, criativa, solidária e ética. AGRUPAMENTO 5 – EM Agrupamento 6 – EM3 Competências Específicas 2. Compreender os processos identitários, de linguagem, respeitando as diversidades base em princípios e valores exercitando o autoconhecimento, combatendo preconceitos de qualquer 3. Utilizar diferentes linguagens colaboração, protagonismo e autoria defendendo pontos de vista que socioambiental e o consumo responsável, AGRUPAMENTO 6 – EM",,corporal na perspectiva da defesa da cidadania e inclusão social para esporte e lazer. Campos de atuação: • Campo de atuação na vida • Campo artístico-literário; • Campo das práticas de estudo • Campo jornalístico – midiático. Objetos de conhecimento,CURRICULO_REFERENCIA_MS_EM_V1_1,CURRICULO_COMPLETO,CURRICULO_REFERENCIA_MS_EM_V1_1,197
EM,EM3,CURRICULAR,Física,FIS,MS.EM13LGG402,"Empregar, nas interações sociais, a variedade e o estilo de língua adequados à situação comunicativa, ao(s) interlocutor(es) e ao gênero do discurso, respeitando os usos das línguas por esse(s) interlocutor(es) e sem preconceito linguístico. AGRUPAMENTO 3 – EM Agrupamento 4 – EM3 Competências Específicas 2. Compreender os processos identitários, de linguagem, respeitando as diversidades base em princípios e valores exercitando o autoconhecimento, combatendo preconceitos de qualquer AGRUPAMENTO 4 – EM",,"da arbitragem nas práticas esportivas. Variantes linguísticas nos países hispanohablantes; adjetivos pátrios; palavras heterotônicas, Campos de atuação: • Campo de atuação na vida • Campo artístico-literário; • Campo das práticas de estudo • Campo jornalístico – midiático. Objetos de conhecimento heterossemânticas e heterogenéricas; Relações semânticas entre verbos da Língua Portuguesa e verbos da Língua Espanhola para compreensão textual.",CURRICULO_REFERENCIA_MS_EM_V1_1,CURRICULO_COMPLETO,CURRICULO_REFERENCIA_MS_EM_V1_1,193
EM,EM3,CURRICULAR,Física,FIS,MS.EM13LGG502,"Analisar criticamente preconceitos, estereótipos e relações de poder presentes nas práticas corporais, adotando posicionamento contrário a qualquer manifestação de injustiça e desrespeito a direitos humanos e valores democráticos. AGRUPAMENTO 2 – EM Agrupamento 3 – EM3 Competências Específicas 4. Compreender as línguas como e sensível aos contextos de uso, expressões identitárias, pessoais qualquer natureza. AGRUPAMENTO 3 – EM",,socialização e comunicação corporal. Campos de atuação: • Campo de atuação na vida • Campo artístico-literário; • Campo das práticas de estudo • Campo jornalístico – midiático; • Campo de atuação na vida Objetos de conhecimento,CURRICULO_REFERENCIA_MS_EM_V1_1,CURRICULO_COMPLETO,CURRICULO_REFERENCIA_MS_EM_V1_1,191
EM,EM3,CURRICULAR,Física,FIS,MS.EM13LGG602,"Fruir e apreciar esteticamente diversas manifestações artísticas e culturais, das locais às mundiais, assim como delas participar, de modo a aguçar continuamentea sensibilidade, a imaginação e a criatividade.",,"corporais (danças, performances) da cultura local e regional;",CURRICULO_REFERENCIA_MS_EM_V1_1,CURRICULO_COMPLETO,CURRICULO_REFERENCIA_MS_EM_V1_1,189
EM,EM1,CURRICULAR,Geografia,GEO,MS.EM13CHS101,"Identificar, analisar e comparar diferentes fontes e narrativas expressas em diversas linguagens, com vistas à compreensão de ideias filosóficas e de processos e eventos históricos, geográficos, políticos, econômicos, sociais, ambientais e culturais.",,Conceito de espaço: transformações no espaço geográfico no decorrer da história do homem.,CURRICULO_REFERENCIA_MS_EM_V1_1,CURRICULO_COMPLETO,CURRICULO_REFERENCIA_MS_EM_V1_1,262
EM,EM1,CURRICULAR,Geografia,GEO,MS.EM13CHS102,"Identificar, analisar e discutir as circunstâncias históricas, geográficas, políticas, econômicas, sociais, ambientais e culturais de matrizes conceituais (etnocentrismo, racismo, evolução, modernidade, cooperativismo/desen volvimento etc.), avaliando criticamente seu significado histórico e comparando-as a narrativas que contemplem outros agentes e discursos",,Ocupações territoriais: Colonialismo e Neocolonialismo.,CURRICULO_REFERENCIA_MS_EM_V1_1,CURRICULO_COMPLETO,CURRICULO_REFERENCIA_MS_EM_V1_1,263
EM,EM1,CURRICULAR,Geografia,GEO,MS.EM13CHS103,"Elaborar hipóteses, selecionar evidências e compor argumentos relativos a processos políticos, econômicos, sociais, ambientais, culturais e epistemológicos, com base na sistematização de dados e informações de diversas naturezas (expressões artísticas, textos filosóficos e sociológicos, documentos históricos e geográficos, gráficos, mapas, tabelas, tradições orais, entre outros). 15 PLATÃO. Teeteto — Belém: Universidade",,A transformação no espaço natural: adequação da ocupação humana ao relevo. EIXO TEMÁTICO: TEMPO E,CURRICULO_REFERENCIA_MS_EM_V1_1,CURRICULO_COMPLETO,CURRICULO_REFERENCIA_MS_EM_V1_1,264
EM,EM1,CURRICULAR,Geografia,GEO,MS.EM13CHS104,"Analisar objetos e vestígios da cultura material e imaterial de modo a identificar conhecimentos, valores, crenças e práticas que caracterizam a identidade e a diversidade cultural de diferentes sociedades inseridas no tempo e no espaço.",,Etnia e cultura no Brasil e em Mato Grosso do Sul: diversidade étnica e cultural.,CURRICULO_REFERENCIA_MS_EM_V1_1,CURRICULO_COMPLETO,CURRICULO_REFERENCIA_MS_EM_V1_1,266
EM,EM1,CURRICULAR,Geografia,GEO,MS.EM13CHS105,"Identificar, contextualizar e criticar tipologias evolutivas (populações nômades e sedentárias, entre outras) e oposições dicotômicas (cidade/campo, cultura/ natureza, civilizados/bárbaros, razão/emoção, material/virtual etc.), explicitando suas ambiguidades.",,Conhecimento geográfico evidenciado por meio da trajetória do homem.,CURRICULO_REFERENCIA_MS_EM_V1_1,CURRICULO_COMPLETO,CURRICULO_REFERENCIA_MS_EM_V1_1,267
EM,EM1,CURRICULAR,Geografia,GEO,MS.EM13CHS106,"Utilizar as linguagens cartográfica, gráfica e iconográfica, diferentes gêneros textuais e tecnologias digitais de informação e comunicação de forma crítica, significativa, reflexiva e ética nas diversas práticas sociais, incluindo as escolares, para se comunicar, acessar e difundir informações, produzir conhecimentos, resolver problemas e exercer protagonismo e autoria na vida pessoal e coletiva. Competência Específica 2. Analisar a formação compreensão das relações Estados-nações.",,Cartografia: a cartografia e as tecnologias; Coordenadas geográficas: latitude longitude; Fusos horários: hora no Brasil e no mundo.,CURRICULO_REFERENCIA_MS_EM_V1_1,CURRICULO_COMPLETO,CURRICULO_REFERENCIA_MS_EM_V1_1,268
EM,EM2,CURRICULAR,Geografia,GEO,MS.EM13CHS201,"Analisar e caracterizar as dinâmicas das populações, das mercadorias e do capital diversos continentes, com destaque para a mobilidade e a fixação de pessoas, grupos humanos e povos, em função de eventos naturais, políticos, econômicos, sociais, religiosos e culturais, de modo a compreender e posicionar-se criticamente em relação a esses processos e às possíveis relações entre eles.",,"Dinâmicas populacionais brasileiras e as teorias Malthusianas, Neomalthusianas e Reformista.",CURRICULO_REFERENCIA_MS_EM_V1_1,CURRICULO_COMPLETO,CURRICULO_REFERENCIA_MS_EM_V1_1,271
EM,EM2,CURRICULAR,Geografia,GEO,MS.EM13CHS202,"Analisar e avaliar os impactos das tecnologias na estruturação e nas dinâmicas de grupos, povos e sociedades contemporâneos (fluxos populacionais, financeiros, de mercadorias, de informações, de valores éticos e culturais etc.), bem como suas interferências decisões políticas, sociais, ambientais, econômicas culturais.",,Globalização: contextos econômicos e sociais no Brasil e no mundo.,CURRICULO_REFERENCIA_MS_EM_V1_1,CURRICULO_COMPLETO,CURRICULO_REFERENCIA_MS_EM_V1_1,272
EM,EM2,CURRICULAR,Geografia,GEO,MS.EM13CHS203,"Compar ar os significados de território, fronteiras e vazio (espacial, temporal e cultural) em diferentes sociedades, contextualizando e relativizando visões dualistas (civilização/barbárie, nomadismo/sedentarismo, esclarecimento/obscurantis mo, cidade/ campo, entre outras).",,Estado e Nação; Ocupação Espacial; Fronteira e território.,CURRICULO_REFERENCIA_MS_EM_V1_1,CURRICULO_COMPLETO,CURRICULO_REFERENCIA_MS_EM_V1_1,273
EM,EM2,CURRICULAR,Geografia,GEO,MS.EM13CHS204,"Compar ar e avaliar os processos ocupação do espaço e a formação de territórios, territorialidades e fronteiras, identificando o papel de diferentes agentes (como grupos sociais e culturais, impérios, Estados Nacionais e organismos internacionais) e considerando os conflitos populacionais (internos e externos), a diversidade étnico-cultural e as características socioeconômicas, políticas tecnológicas.",,"Território e Territorialidade: Limites e Fronteiras; Oriente Médio: conflitos, quadro econômico e político atual.",CURRICULO_REFERENCIA_MS_EM_V1_1,CURRICULO_COMPLETO,CURRICULO_REFERENCIA_MS_EM_V1_1,274
EM,EM2,CURRICULAR,Geografia,GEO,MS.EM13CHS205,"Analisar a produção de diferentes territorialidades em suas dimensões culturais, econômicas, ambientais, políticas e sociais, no Brasil no mundo contemporâneo, com destaque para as culturas juvenis. Competência Específica 3 . Analisar e avaliar (produção, distribuição proposição de alternativas consumo responsável",,As culturas juvenis e o papel da juventude na análise da ação antrópica sobre o meio ambiente e as políticas ambientais.,CURRICULO_REFERENCIA_MS_EM_V1_1,CURRICULO_COMPLETO,CURRICULO_REFERENCIA_MS_EM_V1_1,275
EM,EM2,CURRICULAR,Geografia,GEO,MS.EM13CHS301,"Proble matizar hábitos e práticas individuais e coletivos de produção, reaproveitamento e descarte de resíduos em metrópoles, áreas urbanas e rurais, e comunidades com diferentes características socioeconômicas, e elaborar e/ou selecionar propostas de ação que promovam a sustentabilidade socioambiental, o combate à poluição sistêmica e o consumo responsável.",,Produção agropecuária: sistemas de produção e empresas agrícolas; relações com os problemas ambientais.,CURRICULO_REFERENCIA_MS_EM_V1_1,CURRICULO_COMPLETO,CURRICULO_REFERENCIA_MS_EM_V1_1,277
EM,EM2,CURRICULAR,Geografia,GEO,MS.EM13CHS302,"Analisar e avaliar criticamente os impactos econômicos e socioambientais de cadeias produtivas ligadas à exploração de recursos naturais e às atividades agropecuárias em diferentes ambientes e escalas de análise, considerando o modo de vida das populações locais – entre elas as indígenas, quilombolas e demais comunidades tradicionais , suas práticas agroextrativistas e o compromisso com a sustentabilidade.",,Exploração de recursos naturais e atividades agropecuárias: práticas agroextrativistas em comunidades indígenas e quilombolas no Brasil e no Mato Grosso do Sul.,CURRICULO_REFERENCIA_MS_EM_V1_1,CURRICULO_COMPLETO,CURRICULO_REFERENCIA_MS_EM_V1_1,278
EM,EM2,CURRICULAR,Geografia,GEO,MS.EM13CHS303,"Debat er e avaliar o papel da indústria cultural e das culturas de massa no estímulo ao consumismo, seus impactos econômicos e socioambientais, com vistas à percepção crítica das necessidadescriadas pelo consumo e à adoção de hábitos sustentáveis.",,Impactos ambientais da produção industrial no Brasil no Mundo e na Indústria Cultural.,CURRICULO_REFERENCIA_MS_EM_V1_1,CURRICULO_COMPLETO,CURRICULO_REFERENCIA_MS_EM_V1_1,279
EM,EM2,CURRICULAR,Geografia,GEO,MS.EM13CHS304,"Analis ar os impactos socioambientais decorrentes de práticas instituições governamentais, de empresas e de indivíduos, discutindo as origens dessas práticas, selecionando, incorporando e promovendo aquelas que favoreçam a consciência a ética socioambiental e consumo responsável.",,"Fontes produtivas e fontes alternativas de energia; Questões políticas, econômicas ambientais relacionadas à produção e ao consumo de energia. TEMÁTICO: SOCIEDADE E",CURRICULO_REFERENCIA_MS_EM_V1_1,CURRICULO_COMPLETO,CURRICULO_REFERENCIA_MS_EM_V1_1,280
EM,EM2,CURRICULAR,Geografia,GEO,MS.EM13CHS305,"Analis ar e discutir o papel e as competências legais dos organismos nacionais e internacionais de regulação, controle e fiscalização ambiental e dos acordos internacionais para a promoção e a garantia de práticas ambientais sustentáveis.",,Políticas ambientais (nacionais internacionais) na ótica dos acordos de cooperação mundiais: Estocolmo 1972; Rio de Janeiro/ECO 1992; Protocolo de Kyoto 1997; Johannesburgo 2002 Rio+10; Rio de Janeiro 2012 e Rio+ 20; Acordo de Paris 2015.,CURRICULO_REFERENCIA_MS_EM_V1_1,CURRICULO_COMPLETO,CURRICULO_REFERENCIA_MS_EM_V1_1,282
EM,EM2,CURRICULAR,Geografia,GEO,MS.EM13CHS306,"Contex tualizar, comparar e avaliar os impactos de diferentes modelos socioeconômicos no uso dos recursos naturais e na promoção sustentabilidade econômica e socioambiental do planeta (como a adoção dos sistemas da agrobiodiversidade e agroflorestal por diferentes comunidades, entre outros). 5.5.3. Ciências Humanas Competência Específica 4. Analisar as relações discutindo o papel dessas",,Desenvolvimento sustentável agroecologia: formas alternativas de relacionamento com a terra; cultivo dos povos tradicionais Mato Grosso do Sul.,CURRICULO_REFERENCIA_MS_EM_V1_1,CURRICULO_COMPLETO,CURRICULO_REFERENCIA_MS_EM_V1_1,283
EM,EM3,CURRICULAR,Geografia,GEO,MS.EM13CHS401,"Identificar e analisar as relações entre sujeitos, grupos, classes sociais e sociedades com culturas distintas diante das transformações técnicas, tecnológicas e informacionais e das novas formas de trabalho ao longo do tempo, em diferentes espaços (urbanos e rurais) e contextos.",,"Tecnologia e o mundo do trabalho: as várias formas trabalho no decorrer do tempo, nos diferentes espaços e contextos.",CURRICULO_REFERENCIA_MS_EM_V1_1,CURRICULO_COMPLETO,CURRICULO_REFERENCIA_MS_EM_V1_1,285
EM,EM3,CURRICULAR,Geografia,GEO,MS.EM13CHS402,"Analisar e comparar indicadores de emprego, trabalho e renda em diferentes espaços, escalas e tempos, associando-os processos de estratificação e desigualdade socioeconômica.",,"A Nova Ordem Mundial, Divisão Internacional do Trabalho e as novas formas trabalho no Século XXI.",CURRICULO_REFERENCIA_MS_EM_V1_1,CURRICULO_COMPLETO,CURRICULO_REFERENCIA_MS_EM_V1_1,286
EM,EM3,CURRICULAR,Geografia,GEO,MS.EM13CHS403,"Caracterizar e analisar os impactos das transformações tecnológicas nas relações sociais e de trabalho próprias da contemporaneidade, promovendo ações voltadas à superação das desigualdades sociais, da opressão e da violação dos Direitos Humanos.",,A globalização e suas consequências no mundo trabalho e na sociedade.,CURRICULO_REFERENCIA_MS_EM_V1_1,CURRICULO_COMPLETO,CURRICULO_REFERENCIA_MS_EM_V1_1,287
EM,EM3,CURRICULAR,Geografia,GEO,MS.EM13CHS404,"Identifi car e discutir os múltiplos aspectos do trabalho em diferentes circunstâncias contextos históricos e/ou geográficos e seus efeitos sobre as gerações, em especial, os jovens, levando em consideração, na atualidade, as transformações técnicas, tecnológicas e informacionais. Competência Específica 5. Identificar e combater éticos, democráticos,",,Relações de Trabalho no mundo contemporâneo e juventude. TEMÁTICO: POLÍTICA E TRABALHO,CURRICULO_REFERENCIA_MS_EM_V1_1,CURRICULO_COMPLETO,CURRICULO_REFERENCIA_MS_EM_V1_1,288
EM,EM3,CURRICULAR,Geografia,GEO,MS.EM13CHS501,"Anali sar os fundamentos da ética em diferentes culturas, tempos e espaços, identificando processos que contribuem para a formação de sujeitos éticos que valorizem a liberdade, a cooperação, a autonomia, o empreendedorismo, a convivência democrática e a solidariedade.",,Grupos étnicos de Mato Grosso do Sul: organizações socioculturais e localização espacial.,CURRICULO_REFERENCIA_MS_EM_V1_1,CURRICULO_COMPLETO,CURRICULO_REFERENCIA_MS_EM_V1_1,290
EM,EM3,CURRICULAR,Geografia,GEO,MS.EM13CHS502,"Analisar situações da vida cotidiana, estilos de vida, valores, condutas etc., desnaturalizando e problematizando formas de desigualdade, preconceito, intolerância e discriminação, e identificar ações que promovam os Direitos Humanos, a solidariedade e o respeito às diferenças e àsliberdades individuais.",,"Movimentos sociais: a luta Indígena e quilombola pela terra, no Brasil e em Mato Grosso do Sul.",CURRICULO_REFERENCIA_MS_EM_V1_1,CURRICULO_COMPLETO,CURRICULO_REFERENCIA_MS_EM_V1_1,291
EM,EM3,CURRICULAR,Geografia,GEO,MS.EM13CHS503,"Identificar diversas formas de violência (física, simbólica, psicológica etc.), suas principais vítimas, suas causas sociais, psicológicas e afetivas, seus significados e usos políticos, sociais e culturais, discutindo e avaliando mecanismos para combatê-las, com base em argumentos éticos.",,"Políticas da terra: relações de trabalho na zona rural; A luta pela terra e os conflitos sociais no campo. SOCIEDADE, CULTURA",CURRICULO_REFERENCIA_MS_EM_V1_1,CURRICULO_COMPLETO,CURRICULO_REFERENCIA_MS_EM_V1_1,292
EM,EM3,CURRICULAR,Geografia,GEO,MS.EM13CHS504,"Anali sar e avaliar os impasses ético-políticos decorrentes das transformações culturais, sociais, históricas, científicas e tecnológicas no mundo contemporâneo e seus desdobramentos nas atitudes e nos valores de indivíduos, grupos sociais, sociedades e culturas. Competência Específica 6. Participar do debate alinhadas ao exercício crítica e responsabilidade.",,"Transformações culturais sociais no decorrer da história do século XX e suas implicações para o mundo contemporâneo. SOCIEDADE, CULTURA",CURRICULO_REFERENCIA_MS_EM_V1_1,CURRICULO_COMPLETO,CURRICULO_REFERENCIA_MS_EM_V1_1,293
EM,EM3,CURRICULAR,Geografia,GEO,MS.EM13CHS601,"Identificar e analisar as demandas e os protagonismos políticos, sociais e culturais dos povos indígenas e das populações afrodescendentes (incluindo as quilombolas) no Brasil contemporâneo considerando a história das Américas e o contexto de exclusão e inclusão precária desses grupos na ordem social e econômica atual, promovendo ações para a redução das desigualdades étnicoraciais no país.",,Brasil e Mato Grosso do Sul na geopolítica mundial.,CURRICULO_REFERENCIA_MS_EM_V1_1,CURRICULO_COMPLETO,CURRICULO_REFERENCIA_MS_EM_V1_1,295
EM,EM3,CURRICULAR,Geografia,GEO,MS.EM13CHS602,"Identificar e caracterizar presença do paternalismo, do autoritarismo e do populismo na política, na sociedade e nas culturas brasileira e latinoamericana, em períodos ditatoriais e democráticos, relacionando-os com as formas de organização e de articulação das sociedades em defesa da autonomia, da liberdade, do diálogo e da promoção da democracia, da cidadania e dos direitos humanos na sociedade atual.",,Transformação do território brasileiro no século XX: processo de industrialização brasileira criação das grandes estatais.,CURRICULO_REFERENCIA_MS_EM_V1_1,CURRICULO_COMPLETO,CURRICULO_REFERENCIA_MS_EM_V1_1,296
EM,EM3,CURRICULAR,Geografia,GEO,MS.EM13CHS603,"Analisar a formação de diferentes países, povos nações e de suas experiências políticas e de exercício da cidadania, aplicando conceitos políticos básicos (Estado, poder, formas, sistemas e regimesde governo, soberania etc.).",,"Mato Grosso do Sul: formação social e econômica. INDIVÍDUO, CULTURA,",CURRICULO_REFERENCIA_MS_EM_V1_1,CURRICULO_COMPLETO,CURRICULO_REFERENCIA_MS_EM_V1_1,297
EM,EM3,CURRICULAR,Geografia,GEO,MS.EM13CHS604,"Discutir o papel dos organismos internacionais no contexto mundial, com vistas à elaboração de uma visão crítica sobre seus limites e suas formas de atuação nos países, considerando os aspectos positivos e negativos dessa atuação para as populações locais.",,O papel dos Organismos Internacionais na soberania países: ONU OEA OIT OMC FMI OCDE BID/BIRD.,CURRICULO_REFERENCIA_MS_EM_V1_1,CURRICULO_COMPLETO,CURRICULO_REFERENCIA_MS_EM_V1_1,299
EM,EM3,CURRICULAR,Geografia,GEO,MS.EM13CHS605,"Analisar os princípios da declaração dos Direitos Humanos, recorrendo às noções de justiça, igualdade e fraternidade, identificar os progressos entraves à concretização desses direitos nas diversas sociedades contemporâneas e promover ações concretas diante da desigualdade e das violações desses direitos em diferentes espaços de vivência, respeitando a identidade de cada grupo e de cada indivíduo.",,Direitos Humanos no século,CURRICULO_REFERENCIA_MS_EM_V1_1,CURRICULO_COMPLETO,CURRICULO_REFERENCIA_MS_EM_V1_1,300
EM,EM3,CURRICULAR,Geografia,GEO,MS.EM13CHS606,"Analisar as características socioeconômicas da sociedade brasileira – com base na análise de documentos (dados, tabelas, mapas etc.) de diferentes fontes – e propor medidas para enfrentar os problemas identificados e construir uma sociedade mais próspera, justa e inclusiva, que valorize o protagonismo de seus cidadãos e promova o autoconhecimento, a autoestima, a autoconfiança e a empatia. 5.6. Ciências da Na contemporaneidade, das demandas por novas partir dos desafios senso comum ao conhecimento, considerando com vistas a alcançar responsabilidade (POZO, Com os avanços da e avanços científicos conceitos e teorias dos seres vivos, além investigação sobre a e individual da ciência investigação, de um ativo; de outro, esses demandam um olhar tecnologia para necessidades Nesse contexto, a área situações de aprendizagem para que ele desenvolva desenvolver experimentos estudante alcance a que correlacionam a de recursos naturais O Currículo de Referência epistemológicos e novas crenças relacionadas do mundo de forma sociocultural e realização Nesta perspectiva, a papel do sujeito participativo elaborações, experimentos, somente da informação, científico no processo âmbito da área de CNT, 16 As ações que são implícitas questionar, desafiar, argumentar, linguagem das ciências deve TEIXEIRA, Odete Pacubi Baierl. investigação científica, tal maneira, as unidades a educação científica. estudante e seu compromisso (CARVALHO, 2013, p. A área de CNT, assim uma formação integral apresentar inúmeras seus aspectos microscópicos experimentação, vivências conhecimento de maneira primordiais de abordagens apresentar modelos, intervenção de forma aprendizagem dentro Do ponto de vista do teórico-experimental aprendizagem, baseado descobertas científicas. estudantes a ampliação explicações, considerando hipótese ou teoria ambiente (ROTH, 2011, A construção de um convergir ou serem aprendizagem científica em que desenvolve contribui de forma substantiva No processo de ensino-aprendizagem, promovam a educação conhecimentos, mas pensamento científico, importante papel fundamentada, buscando dos desafios do século 17 Sobre o debate no campo ciência afinal? Trad. Raul Filker. Paulo: Atlas, 2000; pp. 74-125; Física, Florianópolis, v. 13, n. Florianópolis, v. 13, n. 3, pp Nesse sentido, cabe atividades, os instrumentos para que o estudante complexidade do conhecimento18. ampliação da percepção, frente aos desafios atemporais, vislumbrando sua projeção Por sua vez, espera-se uma vez que os diversos estudante pode vivenciar, e potencialidades, integradas mais simples ao mais O Currículo de CNT processo formativo consigo mediante a dos conhecimentos democracia, tendo efetividade do protagonismo problemas e pelo agir 2007, p. 6). No que se refere à estudante se aproprie cognitivas partir das necessidades ciência. Por isso, é fundamental humana, cognitiva, emocional, pressupõe a formação Por fim, cabe salientar com relação à parte Formativos, com vistas contextualizado das 18 Do ponto de vista da aprendizagem, diversas. Assim, é possível perceber mobilização de diferentes recursos relevância possível em relação reconhecer quais os instrumentos como saber aplicá-los corretamente Henrique Lucas Lima. Porto 5.6.1. Ciências da Competências Específicas 1. Analisar fenômenos matéria e energia, minimizem impactos global. 2. Analisar e utilizar argumentos, realizar fundamentar e defender",,"Mito da Democracia Racial brasileira: consequências das políticas socioeconômicas para os grupos étnico-raciais (negros e indígenas) do Brasil. INDIVÍDUO, CULTURA,",CURRICULO_REFERENCIA_MS_EM_V1_1,CURRICULO_COMPLETO,CURRICULO_REFERENCIA_MS_EM_V1_1,301
EM,EM1,CURRICULAR,História,HIS,MS.EM13CHS101,"Identificar, analisar e comparar diferentes fontes e narrativas expressas em diversas linguagens, com vistas à compreensão de ideias filosóficas e de processos e eventos históricos, geográficos, políticos, econômicos, sociais, ambientais e culturais.",,"Conceitualização da história enquanto ciência viva; Linguagens das fontes históricas; Tempo/espaço, mudanças/permanências. EIXO TEMÁTICO: TEMPO E",CURRICULO_REFERENCIA_MS_EM_V1_1,CURRICULO_COMPLETO,CURRICULO_REFERENCIA_MS_EM_V1_1,262
EM,EM1,CURRICULAR,História,HIS,MS.EM13CHS102,"Identificar, analisar e discutir as circunstâncias históricas, geográficas, políticas, econômicas, sociais, ambientais e culturais de matrizes conceituais (etnocentrismo, racismo, evolução, modernidade, cooperativismo/desen volvimento etc.), avaliando criticamente seu significado histórico e comparando-as a narrativas que contemplem outros agentes e discursos",,"Discursos racistas e teorias excludentes: eugenia, etnocentrismo, evolucionismo, mestiçagem e embranquecimento; EIXO TEMÁTICO: TEMPO E Multiculturalismo.",CURRICULO_REFERENCIA_MS_EM_V1_1,CURRICULO_COMPLETO,CURRICULO_REFERENCIA_MS_EM_V1_1,263
EM,EM1,CURRICULAR,História,HIS,MS.EM13CHS103,"Elaborar hipóteses, selecionar evidências e compor argumentos relativos a processos políticos, econômicos, sociais, ambientais, culturais e epistemológicos, com base na sistematização de dados e informações de diversas naturezas (expressões artísticas, textos filosóficos e sociológicos, documentos históricos e geográficos, gráficos, mapas, tabelas, tradições orais, entre outros). 15 PLATÃO. Teeteto — Belém: Universidade",,Grécia; Roma; Império Bizantino.,CURRICULO_REFERENCIA_MS_EM_V1_1,CURRICULO_COMPLETO,CURRICULO_REFERENCIA_MS_EM_V1_1,264
EM,EM1,CURRICULAR,História,HIS,MS.EM13CHS104,"Analisar objetos e vestígios da cultura material e imaterial de modo a identificar conhecimentos, valores, crenças e práticas que caracterizam a identidade e a diversidade cultural de diferentes sociedades inseridas no tempo e no espaço.",,Pré-história: História Geral; História do Brasil; História de Mato Grosso do Sul; Patrimônio cultural.,CURRICULO_REFERENCIA_MS_EM_V1_1,CURRICULO_COMPLETO,CURRICULO_REFERENCIA_MS_EM_V1_1,266
EM,EM1,CURRICULAR,História,HIS,MS.EM13CHS105,"Identificar, contextualizar e criticar tipologias evolutivas (populações nômades e sedentárias, entre outras) e oposições dicotômicas (cidade/campo, cultura/ natureza, civilizados/bárbaros, razão/emoção, material/virtual etc.), explicitando suas ambiguidades.",,Feudalismo; Transição do Feudalismo para o Capitalismo; Revolução Agrícola.,CURRICULO_REFERENCIA_MS_EM_V1_1,CURRICULO_COMPLETO,CURRICULO_REFERENCIA_MS_EM_V1_1,267
EM,EM1,CURRICULAR,História,HIS,MS.EM13CHS106,"Utilizar as linguagens cartográfica, gráfica e iconográfica, diferentes gêneros textuais e tecnologias digitais de informação e comunicação de forma crítica, significativa, reflexiva e ética nas diversas práticas sociais, incluindo as escolares, para se comunicar, acessar e difundir informações, produzir conhecimentos, resolver problemas e exercer protagonismo e autoria na vida pessoal e coletiva. Competência Específica 2. Analisar a formação compreensão das relações Estados-nações.",,Expansão Ultramarina e Mercantilismo; Expedições colonizadoras: na América; na África; na Ásia.,CURRICULO_REFERENCIA_MS_EM_V1_1,CURRICULO_COMPLETO,CURRICULO_REFERENCIA_MS_EM_V1_1,268
EM,EM2,CURRICULAR,História,HIS,MS.EM13CHS201,"Analisar e caracterizar as dinâmicas das populações, das mercadorias e do capital diversos continentes, com destaque para a mobilidade e a fixação de pessoas, grupos humanos e povos, em função de eventos naturais, políticos, econômicos, sociais, religiosos e culturais, de modo a compreender e posicionar-se criticamente em relação a esses processos e às possíveis relações entre eles.",,Do Renascimentoàs Reformas Religiosas; Colonização na América Espanhola e Portuguesa; Colonização no Brasil; Colonização no sul de Mato Grosso: Rota das Monções.,CURRICULO_REFERENCIA_MS_EM_V1_1,CURRICULO_COMPLETO,CURRICULO_REFERENCIA_MS_EM_V1_1,271
EM,EM2,CURRICULAR,História,HIS,MS.EM13CHS202,"Analisar e avaliar os impactos das tecnologias na estruturação e nas dinâmicas de grupos, povos e sociedades contemporâneos (fluxos populacionais, financeiros, de mercadorias, de informações, de valores éticos e culturais etc.), bem como suas interferências decisões políticas, sociais, ambientais, econômicas culturais.",,Revolução Industrial; Globalização e as fronteiras sociais; Blocos e acordos econômicos; Imigração e refugiados no mundo globalizado.,CURRICULO_REFERENCIA_MS_EM_V1_1,CURRICULO_COMPLETO,CURRICULO_REFERENCIA_MS_EM_V1_1,272
EM,EM2,CURRICULAR,História,HIS,MS.EM13CHS203,"Compar ar os significados de território, fronteiras e vazio (espacial, temporal e cultural) em diferentes sociedades, contextualizando e relativizando visões dualistas (civilização/barbárie, nomadismo/sedentarismo, esclarecimento/obscurantis mo, cidade/ campo, entre outras).",,Imigrantes e refugiados no Brasil e em Mato Grosso do Sul; Fronteiras nacionais: Brasil e Mato Grosso do Sul; Território e territorialidade para comunidades tradicionais.,CURRICULO_REFERENCIA_MS_EM_V1_1,CURRICULO_COMPLETO,CURRICULO_REFERENCIA_MS_EM_V1_1,273
EM,EM2,CURRICULAR,História,HIS,MS.EM13CHS204,"Compar ar e avaliar os processos ocupação do espaço e a formação de territórios, territorialidades e fronteiras, identificando o papel de diferentes agentes (como grupos sociais e culturais, impérios, Estados Nacionais e organismos internacionais) e considerando os conflitos populacionais (internos e externos), a diversidade étnico-cultural e as características socioeconômicas, políticas tecnológicas.",,Formação dos Estados Nacionais Modernos: Absolutismo; Marcha para Oeste e movimento divisionista: Divisão do Estado de Mato Grosso; Criação do Estado de Mato Grosso do Sul e a organização social. Questão indígena: conflitos pela terra em Mato Grosso do Sul; Fluxos migratórios no século XXI: Brasil e Mato Grosso do Sul.,CURRICULO_REFERENCIA_MS_EM_V1_1,CURRICULO_COMPLETO,CURRICULO_REFERENCIA_MS_EM_V1_1,274
EM,EM2,CURRICULAR,História,HIS,MS.EM13CHS205,"Analisar a produção de diferentes territorialidades em suas dimensões culturais, econômicas, ambientais, políticas e sociais, no Brasil no mundo contemporâneo, com destaque para as culturas juvenis. Competência Específica 3 . Analisar e avaliar (produção, distribuição proposição de alternativas consumo responsável",,Movimento estudantil e secundarista no Brasil; Redemocratização: contribuição da juventude desde 1985 até os dias atuais. TEMÁTICO: TERRITÓRIO E Objetos de Conhecimento,CURRICULO_REFERENCIA_MS_EM_V1_1,CURRICULO_COMPLETO,CURRICULO_REFERENCIA_MS_EM_V1_1,275
EM,EM2,CURRICULAR,História,HIS,MS.EM13CHS301,"Proble matizar hábitos e práticas individuais e coletivos de produção, reaproveitamento e descarte de resíduos em metrópoles, áreas urbanas e rurais, e comunidades com diferentes características socioeconômicas, e elaborar e/ou selecionar propostas de ação que promovam a sustentabilidade socioambiental, o combate à poluição sistêmica e o consumo responsável.",,"Produção, distribuição e consumo responsável no século XXI; Agronegócio no Brasil e no Mato Grosso do Sul: desdobramentos socioambientais.",CURRICULO_REFERENCIA_MS_EM_V1_1,CURRICULO_COMPLETO,CURRICULO_REFERENCIA_MS_EM_V1_1,277
EM,EM2,CURRICULAR,História,HIS,MS.EM13CHS302,"Analisar e avaliar criticamente os impactos econômicos e socioambientais de cadeias produtivas ligadas à exploração de recursos naturais e às atividades agropecuárias em diferentes ambientes e escalas de análise, considerando o modo de vida das populações locais – entre elas as indígenas, quilombolas e demais comunidades tradicionais , suas práticas agroextrativistas e o compromisso com a sustentabilidade.",,"Revolução verde; Revolução agroecológica; Agroecologia: uma nova abordagem no Brasil e em Mato TEMÁTICO: SOCIEDADE E Grosso do Sul, em comunidades indígenas e quilombolas.",CURRICULO_REFERENCIA_MS_EM_V1_1,CURRICULO_COMPLETO,CURRICULO_REFERENCIA_MS_EM_V1_1,278
EM,EM2,CURRICULAR,História,HIS,MS.EM13CHS303,"Debat er e avaliar o papel da indústria cultural e das culturas de massa no estímulo ao consumismo, seus impactos econômicos e socioambientais, com vistas à percepção crítica das necessidadescriadas pelo consumo e à adoção de hábitos sustentáveis.",,Mudanças no modo de produção: Taylorismo; Fordismo; TEMÁTICO: SOCIEDADE E Modo de produção sustentável economia criativa; Avanços tecnológicos e meios de comunicação; Indústria Cultural x Movimento Contracultura.,CURRICULO_REFERENCIA_MS_EM_V1_1,CURRICULO_COMPLETO,CURRICULO_REFERENCIA_MS_EM_V1_1,279
EM,EM2,CURRICULAR,História,HIS,MS.EM13CHS304,"Analis ar os impactos socioambientais decorrentes de práticas instituições governamentais, de empresas e de indivíduos, discutindo as origens dessas práticas, selecionando, incorporando e promovendo aquelas que favoreçam a consciência a ética socioambiental e consumo responsável.",,"História, política e meio ambiente: consumo responsável; Economia verde; Atuações governamentais socioambientais.",CURRICULO_REFERENCIA_MS_EM_V1_1,CURRICULO_COMPLETO,CURRICULO_REFERENCIA_MS_EM_V1_1,280
EM,EM2,CURRICULAR,História,HIS,MS.EM13CHS305,"Analis ar e discutir o papel e as competências legais dos organismos nacionais e internacionais de regulação, controle e fiscalização ambiental e dos acordos internacionais para a promoção e a garantia de práticas ambientais sustentáveis.",,Ecologismo e ambientalismo: uma abordagem histórica; Políticas ambientais (nacionais internacionais): Estocolmo 1972; Rio de Janeiro/ECO 1992; Protocolo de Kyoto 1997; Johannesburgo 2002 Rio+10; Rio de Janeiro 2012 Rio+ 20; Acordo de Paris 2015.,CURRICULO_REFERENCIA_MS_EM_V1_1,CURRICULO_COMPLETO,CURRICULO_REFERENCIA_MS_EM_V1_1,282
EM,EM2,CURRICULAR,História,HIS,MS.EM13CHS306,"Contex tualizar, comparar e avaliar os impactos de diferentes modelos socioeconômicos no uso dos recursos naturais e na promoção sustentabilidade econômica e socioambiental do planeta (como a adoção dos sistemas da agrobiodiversidade e agroflorestal por diferentes comunidades, entre outros). 5.5.3. Ciências Humanas Competência Específica 4. Analisar as relações discutindo o papel dessas",,Reforma Agrária; Impactos econômicos no modo de vida sustentável urbano e campo.,CURRICULO_REFERENCIA_MS_EM_V1_1,CURRICULO_COMPLETO,CURRICULO_REFERENCIA_MS_EM_V1_1,283
EM,EM3,CURRICULAR,História,HIS,MS.EM13CHS401,"Identificar e analisar as relações entre sujeitos, grupos, classes sociais e sociedades com culturas distintas diante das transformações técnicas, tecnológicas e informacionais e das novas formas de trabalho ao longo do tempo, em diferentes espaços (urbanos e rurais) e contextos.",,Modo de trabalho: do feudalismo à globalização; Novas formas de trabalho sociedade contemporânea.,CURRICULO_REFERENCIA_MS_EM_V1_1,CURRICULO_COMPLETO,CURRICULO_REFERENCIA_MS_EM_V1_1,285
EM,EM3,CURRICULAR,História,HIS,MS.EM13CHS402,"Analisar e comparar indicadores de emprego, trabalho e renda em diferentes espaços, escalas e tempos, associando-os processos de estratificação e desigualdade socioeconômica.",,Mundo Bipolar: socialismo capitalismo; Guerra Fria; Futuro da economia mundial.,CURRICULO_REFERENCIA_MS_EM_V1_1,CURRICULO_COMPLETO,CURRICULO_REFERENCIA_MS_EM_V1_1,286
EM,EM3,CURRICULAR,História,HIS,MS.EM13CHS403,"Caracterizar e analisar os impactos das transformações tecnológicas nas relações sociais e de trabalho próprias da contemporaneidade, promovendo ações voltadas à superação das desigualdades sociais, da opressão e da violação dos Direitos Humanos.",,Revolução das máquinas mundo digital; A relação do trabalho do século XIX ao XXI; Trabalho informal e a violação de direitos no século XXI. TEMÁTICO: POLÍTICA E TRABALHO,CURRICULO_REFERENCIA_MS_EM_V1_1,CURRICULO_COMPLETO,CURRICULO_REFERENCIA_MS_EM_V1_1,287
EM,EM3,CURRICULAR,História,HIS,MS.EM13CHS404,"Identifi car e discutir os múltiplos aspectos do trabalho em diferentes circunstâncias contextos históricos e/ou geográficos e seus efeitos sobre as gerações, em especial, os jovens, levando em consideração, na atualidade, as transformações técnicas, tecnológicas e informacionais. Competência Específica 5. Identificar e combater éticos, democráticos,",,O jovem e as tecnologias: redes sociais e mercado de trabalho; História do tempo presente anos 2000 até os dias atuais.,CURRICULO_REFERENCIA_MS_EM_V1_1,CURRICULO_COMPLETO,CURRICULO_REFERENCIA_MS_EM_V1_1,288
EM,EM3,CURRICULAR,História,HIS,MS.EM13CHS501,"Anali sar os fundamentos da ética em diferentes culturas, tempos e espaços, identificando processos que contribuem para a formação de sujeitos éticos que valorizem a liberdade, a cooperação, a autonomia, o empreendedorismo, a convivência democrática e a solidariedade.",,Formação cultural e de identidade do sulmatogrossense; Guerra do Paraguai; Ciclo da erva-mate e a transterritorialidade de Mato Grosso do Sul.,CURRICULO_REFERENCIA_MS_EM_V1_1,CURRICULO_COMPLETO,CURRICULO_REFERENCIA_MS_EM_V1_1,290
EM,EM3,CURRICULAR,História,HIS,MS.EM13CHS502,"Analisar situações da vida cotidiana, estilos de vida, valores, condutas etc., desnaturalizando e problematizando formas de desigualdade, preconceito, intolerância e discriminação, e identificar ações que promovam os Direitos Humanos, a solidariedade e o respeito às diferenças e àsliberdades individuais.",,"História da sexualidade, racismo e Direitos Humanos. SOCIEDADE, CULTURA",CURRICULO_REFERENCIA_MS_EM_V1_1,CURRICULO_COMPLETO,CURRICULO_REFERENCIA_MS_EM_V1_1,291
EM,EM3,CURRICULAR,História,HIS,MS.EM13CHS503,"Identificar diversas formas de violência (física, simbólica, psicológica etc.), suas principais vítimas, suas causas sociais, psicológicas e afetivas, seus significados e usos políticos, sociais e culturais, discutindo e avaliando mecanismos para combatê-las, com base em argumentos éticos.",,"O papel da mulher na sociedade em contextos históricos; Violência simbólica com indígenas, negros e latinos.",CURRICULO_REFERENCIA_MS_EM_V1_1,CURRICULO_COMPLETO,CURRICULO_REFERENCIA_MS_EM_V1_1,292
EM,EM3,CURRICULAR,História,HIS,MS.EM13CHS504,"Anali sar e avaliar os impasses ético-políticos decorrentes das transformações culturais, sociais, históricas, científicas e tecnológicas no mundo contemporâneo e seus desdobramentos nas atitudes e nos valores de indivíduos, grupos sociais, sociedades e culturas. Competência Específica 6. Participar do debate alinhadas ao exercício crítica e responsabilidade.",,Imperialismo; Primeira Guerra Mundial; Regimes totalitários: Nazismo e Fascismo; Segunda Guerra Mundial; Conflitos Mundiais século e XXI.,CURRICULO_REFERENCIA_MS_EM_V1_1,CURRICULO_COMPLETO,CURRICULO_REFERENCIA_MS_EM_V1_1,293
EM,EM3,CURRICULAR,História,HIS,MS.EM13CHS601,"Identificar e analisar as demandas e os protagonismos políticos, sociais e culturais dos povos indígenas e das populações afrodescendentes (incluindo as quilombolas) no Brasil contemporâneo considerando a história das Américas e o contexto de exclusão e inclusão precária desses grupos na ordem social e econômica atual, promovendo ações para a redução das desigualdades étnicoraciais no país.",,Indígenas e Quilombolas no Brasil e em Mato Grosso do período colonial até os dias atuais (século XXI). Povos Indígenas: Demarcação terras e as políticas de Estado; Estudos étnicos-raciais.,CURRICULO_REFERENCIA_MS_EM_V1_1,CURRICULO_COMPLETO,CURRICULO_REFERENCIA_MS_EM_V1_1,295
EM,EM3,CURRICULAR,História,HIS,MS.EM13CHS602,"Identificar e caracterizar presença do paternalismo, do autoritarismo e do populismo na política, na sociedade e nas culturas brasileira e latinoamericana, em períodos ditatoriais e democráticos, relacionando-os com as formas de organização e de articulação das sociedades em defesa da autonomia, da liberdade, do diálogo e da promoção da democracia, da cidadania e dos direitos humanos na sociedade atual.",,"Crise de 1929; Democracia e Populismo naEra Vargas; Brasil: uma experiência democrática de 1945 -1964; INDIVÍDUO, CULTURA, Ditadura Militar no Brasil e na América Latina; 1985: Período de redemocratização.",CURRICULO_REFERENCIA_MS_EM_V1_1,CURRICULO_COMPLETO,CURRICULO_REFERENCIA_MS_EM_V1_1,296
EM,EM3,CURRICULAR,História,HIS,MS.EM13CHS603,"Analisar a formação de diferentes países, povos nações e de suas experiências políticas e de exercício da cidadania, aplicando conceitos políticos básicos (Estado, poder, formas, sistemas e regimesde governo, soberania etc.).",,Revolução Americana; Independência dos EUA e a Constituição de 1787; Independência do Haiti.,CURRICULO_REFERENCIA_MS_EM_V1_1,CURRICULO_COMPLETO,CURRICULO_REFERENCIA_MS_EM_V1_1,297
EM,EM3,CURRICULAR,História,HIS,MS.EM13CHS604,"Discutir o papel dos organismos internacionais no contexto mundial, com vistas à elaboração de uma visão crítica sobre seus limites e suas formas de atuação nos países, considerando os aspectos positivos e negativos dessa atuação para as populações locais.",,Criação da ONU e outros organismos do século XX e XXI; Blocos de integração econômica mundial e regional. Organizações internacionais:,CURRICULO_REFERENCIA_MS_EM_V1_1,CURRICULO_COMPLETO,CURRICULO_REFERENCIA_MS_EM_V1_1,299
EM,EM3,CURRICULAR,História,HIS,MS.EM13CHS605,"Analisar os princípios da declaração dos Direitos Humanos, recorrendo às noções de justiça, igualdade e fraternidade, identificar os progressos entraves à concretização desses direitos nas diversas sociedades contemporâneas e promover ações concretas diante da desigualdade e das violações desses direitos em diferentes espaços de vivência, respeitando a identidade de cada grupo e de cada indivíduo.",,Revolução Inglesa e Francesa: seus desdobramentos na Europa e no mundo; Crise no Sistema Colonial Brasileiro; Direitos Humanos e Democracia.,CURRICULO_REFERENCIA_MS_EM_V1_1,CURRICULO_COMPLETO,CURRICULO_REFERENCIA_MS_EM_V1_1,300
EM,EM3,CURRICULAR,História,HIS,MS.EM13CHS606,"Analisar as características socioeconômicas da sociedade brasileira – com base na análise de documentos (dados, tabelas, mapas etc.) de diferentes fontes – e propor medidas para enfrentar os problemas identificados e construir uma sociedade mais próspera, justa e inclusiva, que valorize o protagonismo de seus cidadãos e promova o autoconhecimento, a autoestima, a autoconfiança e a empatia. 5.6. Ciências da Na contemporaneidade, das demandas por novas partir dos desafios senso comum ao conhecimento, considerando com vistas a alcançar responsabilidade (POZO, Com os avanços da e avanços científicos conceitos e teorias dos seres vivos, além investigação sobre a e individual da ciência investigação, de um ativo; de outro, esses demandam um olhar tecnologia para necessidades Nesse contexto, a área situações de aprendizagem para que ele desenvolva desenvolver experimentos estudante alcance a que correlacionam a de recursos naturais O Currículo de Referência epistemológicos e novas crenças relacionadas do mundo de forma sociocultural e realização Nesta perspectiva, a papel do sujeito participativo elaborações, experimentos, somente da informação, científico no processo âmbito da área de CNT, 16 As ações que são implícitas questionar, desafiar, argumentar, linguagem das ciências deve TEIXEIRA, Odete Pacubi Baierl. investigação científica, tal maneira, as unidades a educação científica. estudante e seu compromisso (CARVALHO, 2013, p. A área de CNT, assim uma formação integral apresentar inúmeras seus aspectos microscópicos experimentação, vivências conhecimento de maneira primordiais de abordagens apresentar modelos, intervenção de forma aprendizagem dentro Do ponto de vista do teórico-experimental aprendizagem, baseado descobertas científicas. estudantes a ampliação explicações, considerando hipótese ou teoria ambiente (ROTH, 2011, A construção de um convergir ou serem aprendizagem científica em que desenvolve contribui de forma substantiva No processo de ensino-aprendizagem, promovam a educação conhecimentos, mas pensamento científico, importante papel fundamentada, buscando dos desafios do século 17 Sobre o debate no campo ciência afinal? Trad. Raul Filker. Paulo: Atlas, 2000; pp. 74-125; Física, Florianópolis, v. 13, n. Florianópolis, v. 13, n. 3, pp Nesse sentido, cabe atividades, os instrumentos para que o estudante complexidade do conhecimento18. ampliação da percepção, frente aos desafios atemporais, vislumbrando sua projeção Por sua vez, espera-se uma vez que os diversos estudante pode vivenciar, e potencialidades, integradas mais simples ao mais O Currículo de CNT processo formativo consigo mediante a dos conhecimentos democracia, tendo efetividade do protagonismo problemas e pelo agir 2007, p. 6). No que se refere à estudante se aproprie cognitivas partir das necessidades ciência. Por isso, é fundamental humana, cognitiva, emocional, pressupõe a formação Por fim, cabe salientar com relação à parte Formativos, com vistas contextualizado das 18 Do ponto de vista da aprendizagem, diversas. Assim, é possível perceber mobilização de diferentes recursos relevância possível em relação reconhecer quais os instrumentos como saber aplicá-los corretamente Henrique Lucas Lima. Porto 5.6.1. Ciências da Competências Específicas 1. Analisar fenômenos matéria e energia, minimizem impactos global. 2. Analisar e utilizar argumentos, realizar fundamentar e defender",,Formação econômica e social Brasil Monárquico e da República. O Mito da Caverna de Platão,CURRICULO_REFERENCIA_MS_EM_V1_1,CURRICULO_COMPLETO,CURRICULO_REFERENCIA_MS_EM_V1_1,301
EM,EM1,CURRICULAR,Língua Espanhola,LE,MS.EM13LGG104,"Utilizar as diferentes linguagens, levando em conta seus funcionamentos, para a compreensão e produção de textos e discursos em diversos campos de atuação social. AGRUPAMENTO 4 – EM AGRUPAMENTO 4 – EM Agrupamento 5 – EM1 Competências Específicas da Área: 1. Compreender o funcionamento verbais) e mobilizar esses conhecimentos atuação social e nas diversas mídias, possibilidades de explicação e interpretação 7. Mobilizar criativas, éticas e estéticas, para autorais e coletivas, e de aprender vida pessoal e coletiva. AGRUPAMENTO 5 – EM",,"Funções da linguagem: elementos semânticos: sinônimos, antônimos, expressões idiomáticas, dentre outros, no estudo de texto literário (conto e/ou fábula) Campos de atuação: • Campo de atuação na vida • Campo artístico-literário; • Campo das práticas de estudo • Campo jornalístico – midiático; Objetos de conhecimento",CURRICULO_REFERENCIA_MS_EM_V1_1,CURRICULO_COMPLETO,CURRICULO_REFERENCIA_MS_EM_V1_1,169
EM,EM1,CURRICULAR,Língua Espanhola,LE,MS.EM13LGG304,"Formular propostas, intervir e tomar decisões que levem em conta o bem comum e os Direitos Humanos, a consciência socioambiental e o consumo responsável em âmbito local, regional e global. AGRUPAMENTO 1 – EM AGRUPAMENTO 1 – EM Agrupamento 2 – EM1 Competências Específicas da Área: 1. Compreender o funcionamento verbais) e mobilizar esses conhecimentos social e nas diversas mídias, para possibilidades de explicação e interpretação 2. Compreender os processos identitários, de linguagem, respeitando as diversidades base em princípios e valores exercitando o autoconhecimento, combatendo preconceitos de qualquer 4. Compreender as línguas como e sensível aos contextos de uso, expressões indentitárias, pessoais qualquer natureza. AGRUPAMENTO 2 – EM",,"Diferentes linguagens; informações: implícitas, explícitas e ambíguas, subentendidas na linguagem verbal e não verbal; Sistema fonéticofonológico entre a Língua Espanhola e a Língua Portuguesa; Intencionalidade do uso e aplicação dos substantivos (gênero, número e grau) e dos artigos (definidos e indefinidos).",CURRICULO_REFERENCIA_MS_EM_V1_1,CURRICULO_COMPLETO,CURRICULO_REFERENCIA_MS_EM_V1_1,160
EM,EM1,CURRICULAR,Língua Espanhola,LE,MS.EM13LGG402,"Empregar, nas interações sociais, a variedade e o estilo de língua AGRUPAMENTO 2 – EM adequados à situação comunicativa, ao(s) interlocutor(es) e ao gênero do discurso, respeitando os usos das línguas por esse(s) interlocutor(es) e sem preconceito linguístico. AGRUPAMENTO 2 – EM Agrupamento 3 – EM1 Competências Específicas da Área: 1. Compreender o funcionamento verbais) e mobilizar esses conhecimentos de atuação social e nas diversas e as possibilidades de explicação 6. Apreciar esteticamente as características locais, regionais e para dar significado e (re)construir de maneira crítica e criativa, com 7. Mobilizar criativas, éticas e estéticas, para autorais e coletivas, e de aprender vida pessoal e coletiva. AGRUPAMENTO 3 – EM Componente Curricular",,"Apreciação das funções comunicativas, auditivas e aplicação intencional das variações linguísticas e do regionalismo hispanohablante, sem preconceito linguístico; Contextos comunicativos, nas modalidades oral e escrita de relações sociais da linguagem formal e informal, bem como de letras e sons da língua . Uso dos pronomes pessoais e artigos definidos, indefinidos e neutro . Todos os campos de atuação: • Campo de atuação na vida • Campo artístico-literário; • Campo das práticas de estudo • Campo jornalístico – midiático; • Campo de atuação na vida Objetos de conhecimento",CURRICULO_REFERENCIA_MS_EM_V1_1,CURRICULO_COMPLETO,CURRICULO_REFERENCIA_MS_EM_V1_1,163
EM,EM1,CURRICULAR,Língua Espanhola,LE,MS.EM13LGG501,"Selecionar e utilizar movimentos corporais de forma consciente e intencional para interagir socialmente em práticas corporais, de modo a estabelecer relações construtivas, empáticas, éticas e de respeito às diferenças. AGRUPAMENTO 6 – EM 5.2.2. Linguagens e suas Tecnologias Agrupamento 1 – EM2 Competências Específicas 3. Utilizar diferentes linguagens colaboração, o protagonismo e solidária, defendendo pontos de consciência socioambiental e o consumo 4. Compreender as línguas heterogêneo e sensível aos contextos formas de expressões identitárias, preconceitos de qualquer natureza.",,"Intencionalidade nos gestos, nas posturas, expressões e nos movimentos corporais, constituídos na oralidade e no contexto de produção; emprego adequado de adjetivos, advérbios e vocabulário referente ao corpo humano.",CURRICULO_REFERENCIA_MS_EM_V1_1,CURRICULO_COMPLETO,CURRICULO_REFERENCIA_MS_EM_V1_1,175
EM,EM1,CURRICULAR,Língua Espanhola,LE,MS.EM13LGG703,"Utilizar diferentes linguagens, mídias e ferramentas digitais em processos de produção coletiva, colaborativa e projetos autorais em ambientes digitais. AGRUPAMENTO 5 – EM AGRUPAMENTO 5 – EM Agrupamento 6 – EM1 Competências Específicas da Área: 1. Compreender o funcionamento verbais) e mobilizar esses conhecimentos de atuação social e nas diversas e as possibilidades de explicação 5.Compreender os processos reconhecendo-as e vivenciando-as perspectiva democrática e de respeito AGRUPAMENTO 6 – EM",,"Intercâmbio comunicativo e auditivo, a partir de abordagens linguísticas, nos diversos contextos sociais de produção que privilegiem o uso dos verbos dos pretéritos no modo indicativo. Todos os campos de atuação: • Campo de atuação na vida • Campo artístico-literário; • Campo das práticas de estudo • Campo jornalístico – midiático; Objetos de conhecimento",CURRICULO_REFERENCIA_MS_EM_V1_1,CURRICULO_COMPLETO,CURRICULO_REFERENCIA_MS_EM_V1_1,172
EM,EM2,CURRICULAR,Língua Espanhola,LE,MS.EM13LGG105,"Analisar e experimentar diversos processos de remidiação de produções multissemióticas, multimídia e transmídia,desenvolvendo diferentes modos de participação e intervenção social. AGRUPAMENTO 2 – EM Agrupamento 3 – EM2 Competências Específicas 1. Compreender o funcionamento verbais) e mobilizar esses conhecimentos de atuação social e nas diversas e as possibilidades de explicação 3. Utilizar diferentes linguagens colaboração, protagonismo e autoria defendendo pontos de vista que socioambiental e o consumo responsável, AGRUPAMENTO 3 – EM",,"Diferentes semioses do discurso e práticas de linguagens e a mobilização de conhecimentos específicos sobre elas: emprego das conjunções y/e/o/u/ó, “estar + gerúndio” e “apócope”.",CURRICULO_REFERENCIA_MS_EM_V1_1,CURRICULO_COMPLETO,CURRICULO_REFERENCIA_MS_EM_V1_1,179
EM,EM2,CURRICULAR,Língua Espanhola,LE,MS.EM13LGG301,"Participar de processos de produção individual e colaborativa em diferentes linguagens (artísticas, corporais e verbais), levando em conta suas formas e seus funcionamentos, para produzir sentidos em diferentes contextos. AGRUPAMENTO 3 – EM Agrupamento 4 – EM2 Competências Específicas 7. Mobilizar criativas, éticas e estéticas, para autorais e coletivas, e de aprender vida pessoal e coletiva. 6. Apreciar esteticamente as características locais, regionais e para dar significado e (re)construir de maneira crítica e criativa, com AGRUPAMENTO 4 – EM",,"Aspectos históricos, geográficos, políticos e sociais dos países hispanohablantes, preferencialmente, os países da América do Sul e suas variedades linguístico-culturais; Hábitos, costumes, regras de polidez e cortesia, vozes verbais e vocabulário relacionado aos tipos de moradia, em textos multimodais.",CURRICULO_REFERENCIA_MS_EM_V1_1,CURRICULO_COMPLETO,CURRICULO_REFERENCIA_MS_EM_V1_1,181
EM,EM2,CURRICULAR,Língua Espanhola,LE,MS.EM13LGG302,"Posicionar-se criticamente diante de diversas visões de mundo presentes nos discursos em diferentes linguagens, levando em conta seus contextos de produção e de circulação. AGRUPAMENTO 6 – EM 5.2.3. Linguagens e suas Agrupamento 1 – EM3 Competências Específicas 6. Apreciar esteticamente as características locais, regionais e para dar significado e (re)construir de maneira crítica e criativa, com 7. Mobilizar criativas, éticas e estéticas, para autorais e coletivas e de aprender vida pessoal e coletiva.",,"Operadores argumentativos na construção de sentidos; Processo de formação de palavras, função dos elementos mórficos; modo imperativo e ortografia; Vocabulário relacionado a tempo, espaço, estabelecimentos comerciais, profissões. Textos multissemióticos",CURRICULO_REFERENCIA_MS_EM_V1_1,CURRICULO_COMPLETO,CURRICULO_REFERENCIA_MS_EM_V1_1,187
EM,EM2,CURRICULAR,Língua Espanhola,LE,MS.EM13LGG403,"Fazer uso do inglês como língua de comunicação global, levando em conta a multiplicidade e variedade de usos, usuários e funções dessa língua no mundo contemporâneo. AGRUPAMENTO 1 – EM Agrupamento 2 – EM2 Competências Específicas 1. Compreender o funcionamento verbais) e mobilizar esses conhecimentos de atuação social e nas diversas e as possibilidades de explicação AGRUPAMENTO 2 – EM",,Textos multissemióticos e as várias perspectivas de visões de mundo; Anglicismos na Língua Espanhola.,CURRICULO_REFERENCIA_MS_EM_V1_1,CURRICULO_COMPLETO,CURRICULO_REFERENCIA_MS_EM_V1_1,177
EM,EM2,CURRICULAR,Língua Espanhola,LE,MS.EM13LGG503,"Vivenciar práticas corporais e significá-las em seuprojeto de vida, como forma de autoconhecimento, autocuidado AGRUPAMENTO 5 – EM com o corpo e com a saúde, socialização e entretenimento. Agrupamento 6 – EM2 Competências Específicas 6. Apreciar esteticamente as características locais, regionais e para dar significado e (re)construir de maneira crítica e criativa, com 3. Utilizar diferentes linguagens colaboração, protagonismo e autoria defendendo pontos de vista que socioambiental e o consumo responsável, AGRUPAMENTO 6 – EM",,"Funções auditivas, interpretativas e comunicativas em textos multissemióticos e multimidiáticos e a intencionalidade do estilo direto e indireto; acentuação das palavras e as conjunções e preposições.",CURRICULO_REFERENCIA_MS_EM_V1_1,CURRICULO_COMPLETO,CURRICULO_REFERENCIA_MS_EM_V1_1,185
EM,EM2,CURRICULAR,Língua Espanhola,LE,MS.EM13LGG603,"Expressar-se e atuar em processos de criação autorais individuais e coletivos nas diferentes linguagens artísticas (artes visuais, audiovisual, dança, música e teatro) e nas intersecções entre elas, recorrendo a referências estéticas e culturais, conhecimentos de naturezas diversas (artísticos, históricos, sociais e políticos) e experiências individuais e coletivas. AGRUPAMENTO 4 – EM Agrupamento 5 – EM2 Competências Específicas 1. Compreender o funcionamento verbais) e mobilizar esses conhecimentos de atuação social e nas diversas e as possibilidades de explicação 3. Utilizar diferentes linguagens colaboração, protagonismo e autoria defendendo pontos de vista que socioambiental e o consumo responsável, 5. Compreender os processos reconhecendo-as e vivenciando-as perspectiva democrática e de respeito AGRUPAMENTO 5 – EM",,"A literatura hispânica: influência paraguaia, boliviana e indígena na cultura, culinária e nas artes plásticas de Mato Grosso do Sul.",CURRICULO_REFERENCIA_MS_EM_V1_1,CURRICULO_COMPLETO,CURRICULO_REFERENCIA_MS_EM_V1_1,183
EM,EM3,CURRICULAR,Língua Espanhola,LE,MS.EM13LGG201,"Utilizar as diversas linguagens (artísticas, corporais e verbais) em diferentes contextos, valorizandoas como fenômeno social, cultural, histórico, variável, heterogêneo e sensível aos contextos de uso. AGRUPAMENTO 4 – EM Agrupamento 5 – EM3 Competências Específicas 7. Mobilizar criativas, éticas e estéticas, para autorais e coletivas, e de aprender vida pessoal e coletiva. 3. Utilizar diferentes linguagens colaboração, protagonismo e autoria defendendo pontos de vista que socioambiental e o consumo responsável, AGRUPAMENTO 5 – EM",,"Processos de criação de textos e atos de linguagem; Objeto direto e indireto em diferentes textos e contextos; Aspectos históricos, geográficos, políticos e sociais dos países hispanohablantes, preferencialmente, dos países da América do Sul.",CURRICULO_REFERENCIA_MS_EM_V1_1,CURRICULO_COMPLETO,CURRICULO_REFERENCIA_MS_EM_V1_1,195
EM,EM3,CURRICULAR,Língua Espanhola,LE,MS.EM13LGG304,"Formular propostas, intervir e tomar decisões que levem em conta o bem comum e os Direitos Humanos, a consciência socioambiental e o consumo responsável em âmbito local, regional e global. AGRUPAMENTO 6 – EM AGRUPAMENTO 6 – EM 5.3. Língua Portuguesa 5.3.1. Língua Portuguesa Agrupamento 1 – EM1 Competências Específicas 6. Apreciar esteticamente as características locais, regionais e para dar significado e (re) construir de maneira crítica e criativa, com 7. Mobilizar criativas, éticas e estéticas, para autorais e coletivas, e de aprender pessoal e coletiva.",,"Contexto de produção, circulação e recepção de textos e atos de linguagem; Relação entre discursos atos e linguagem com intencionalidade; Parônimas e homônimas; vocabulário relacionado à ecologia e ao meio ambiente. Campos de atuação: • Campo de atuação na vida • Campo artístico-literário; • Campo das práticas de estudo • Campo jornalístico – midiático; • Campo de atuação na vida Objetos de conhecimento",CURRICULO_REFERENCIA_MS_EM_V1_1,CURRICULO_COMPLETO,CURRICULO_REFERENCIA_MS_EM_V1_1,199
EM,EM3,CURRICULAR,Língua Espanhola,LE,MS.EM13LGG305,"Mapear e criar, por meio de práticas delinguagem, possibilidades de atuação social, política, artística e cultural para enfrentar desafios contemporâneos,discutindo princípios e objetivos dessa atuação de maneira crítica, criativa, solidária e ética. AGRUPAMENTO 5 – EM Agrupamento 6 – EM3 Competências Específicas 2. Compreender os processos identitários, de linguagem, respeitando as diversidades base em princípios e valores exercitando o autoconhecimento, combatendo preconceitos de qualquer 3. Utilizar diferentes linguagens colaboração, protagonismo e autoria defendendo pontos de vista que socioambiental e o consumo responsável, AGRUPAMENTO 6 – EM",,"Técnicas de aprimoramento e edição de textos; Relações interpessoais: simetria, assimetria, cortesia, afetividade; verbos no futuro e condicional.",CURRICULO_REFERENCIA_MS_EM_V1_1,CURRICULO_COMPLETO,CURRICULO_REFERENCIA_MS_EM_V1_1,197
EM,EM3,CURRICULAR,Língua Espanhola,LE,MS.EM13LGG502,"Analisar criticamente preconceitos, estereótipos e relações de poder presentes nas práticas corporais, adotando posicionamento contrário a qualquer manifestação de injustiça e desrespeito a direitos humanos e valores democráticos. AGRUPAMENTO 2 – EM Agrupamento 3 – EM3 Competências Específicas 4. Compreender as línguas como e sensível aos contextos de uso, expressões identitárias, pessoais qualquer natureza. AGRUPAMENTO 3 – EM",,"Estratégias de persuasão: pontos de vista, argumentos e contra-argumentos em processos interacionais; Vocabulário relacionado aos esportes, aos jogos e às atividades físicas.",CURRICULO_REFERENCIA_MS_EM_V1_1,CURRICULO_COMPLETO,CURRICULO_REFERENCIA_MS_EM_V1_1,191
EM,EM3,CURRICULAR,Língua Espanhola,LE,MS.EM13LGG702,"Avaliar o impacto das Tecnologias Digitais da Informação e Comunicação (TDIC) na formação do sujeito e em suas práticas sociais, para fazer uso crítico dessa mídia em práticas de seleção, compreensão e AGRUPAMENTO 1 – EM produção de discursos em ambiente digital. Agrupamento 2 – EM3 Competências Específicas 2. Compreender os processos identitários, de linguagem, respeitando as diversidades base em princípios e valores exercitando o autoconhecimento, combatendo preconceitos de qualquer 5. Compreender os processos reconhecendo-as e vivenciando-as perspectiva democrática e de respeito AGRUPAMENTO 2 – EM",,Língua Espanhola na composição da cultura sul-mato-grossense e no contexto local e linguístico dos países fronteiriços; Influência da Língua Espanhola na formação de estrangeirismos e heterossemânticos.,CURRICULO_REFERENCIA_MS_EM_V1_1,CURRICULO_COMPLETO,CURRICULO_REFERENCIA_MS_EM_V1_1,189
EM,EM1,CURRICULAR,Língua Inglesa,LI,MS.EM13LGG104,"Utilizar as diferentes linguagens, levando em conta seus funcionamentos, para a compreensão e produção de textos e discursos em diversos campos de atuação social. AGRUPAMENTO 4 – EM AGRUPAMENTO 4 – EM Agrupamento 5 – EM1 Competências Específicas da Área: 1. Compreender o funcionamento verbais) e mobilizar esses conhecimentos atuação social e nas diversas mídias, possibilidades de explicação e interpretação 7. Mobilizar criativas, éticas e estéticas, para autorais e coletivas, e de aprender vida pessoal e coletiva. AGRUPAMENTO 5 – EM",,"Gêneros discursivos digitais em Língua Inglesa de diferentes campos de atuação social que privilegiem vocábulos relacionados a tempo/clima e meio ambiente. linguagens e práticas e produção de as formas de participação da realidade e para digital, considerando formas de produzir sentidos, nos campos da ciência, Todos os campos de atuação: • Campo de atuação na vida • Campo artístico-literário; • Campo das práticas de estudo • Campo jornalístico – midiático; Objetos de conhecimento",CURRICULO_REFERENCIA_MS_EM_V1_1,CURRICULO_COMPLETO,CURRICULO_REFERENCIA_MS_EM_V1_1,169
EM,EM1,CURRICULAR,Língua Inglesa,LI,MS.EM13LGG304,"Formular propostas, intervir e tomar decisões que levem em conta o bem comum e os Direitos Humanos, a consciência socioambiental e o consumo responsável em âmbito local, regional e global. AGRUPAMENTO 1 – EM AGRUPAMENTO 1 – EM Agrupamento 2 – EM1 Competências Específicas da Área: 1. Compreender o funcionamento verbais) e mobilizar esses conhecimentos social e nas diversas mídias, para possibilidades de explicação e interpretação 2. Compreender os processos identitários, de linguagem, respeitando as diversidades base em princípios e valores exercitando o autoconhecimento, combatendo preconceitos de qualquer 4. Compreender as línguas como e sensível aos contextos de uso, expressões indentitárias, pessoais qualquer natureza. AGRUPAMENTO 2 – EM",,"Estratégias de leitura skimming e scanning; emprego de cognatos e falsos cognatos em textos relacionados ao campo jornalísticomidiático. Todos os campos de atuação: • Campo de atuação na vida • Campo artístico-literário; • Campo das práticas de estudo • Campo jornalístico – midiático; • Campo de atuação na vida Objetos de conhecimento linguagens e práticas de discursos formas de participação da realidade e para e relações de poder pluralidade de ideias democracia, na igualdade o diálogo, a resolução histórico, suas variedades bem como agindo no Todos os campos de atuação: • Campo de atuação na vida • Campo artístico-literário; • Campo das práticas de estudo • Campo jornalístico – midiático; • Campo de atuação na vida Objetos de conhecimento As linguagens artísticas",CURRICULO_REFERENCIA_MS_EM_V1_1,CURRICULO_COMPLETO,CURRICULO_REFERENCIA_MS_EM_V1_1,160
EM,EM1,CURRICULAR,Língua Inglesa,LI,MS.EM13LGG402,"Empregar, nas interações sociais, a variedade e o estilo de língua AGRUPAMENTO 2 – EM adequados à situação comunicativa, ao(s) interlocutor(es) e ao gênero do discurso, respeitando os usos das línguas por esse(s) interlocutor(es) e sem preconceito linguístico. AGRUPAMENTO 2 – EM Agrupamento 3 – EM1 Competências Específicas da Área: 1. Compreender o funcionamento verbais) e mobilizar esses conhecimentos de atuação social e nas diversas e as possibilidades de explicação 6. Apreciar esteticamente as características locais, regionais e para dar significado e (re)construir de maneira crítica e criativa, com 7. Mobilizar criativas, éticas e estéticas, para autorais e coletivas, e de aprender vida pessoal e coletiva. AGRUPAMENTO 3 – EM Componente Curricular",,"Textos multimodais críticos, relacionados ao convívio social, com enfoque no campo jornalístico-midiático, distinguindo notícias reais de fake news; Práticas das competências linguísticas, com ênfase nos quantifiers e tempos verbais no presente. linguagens e práticas e produção as formas de crítica da realidade produções artísticas seus conhecimentos autorais individuais e de saberes, digital, considerando formas de produzir nos campos da ciência, TEMÁTICO de atuação: Campo de atuação na vida Campo artístico-literário; Campo das práticas de estudo Campo jornalístico – midiático; Objetos de conhecimento",CURRICULO_REFERENCIA_MS_EM_V1_1,CURRICULO_COMPLETO,CURRICULO_REFERENCIA_MS_EM_V1_1,163
EM,EM1,CURRICULAR,Língua Inglesa,LI,MS.EM13LGG501,"Selecionar e utilizar movimentos corporais de forma consciente e intencional para interagir socialmente em práticas corporais, de modo a estabelecer relações construtivas, empáticas, éticas e de respeito às diferenças. AGRUPAMENTO 6 – EM 5.2.2. Linguagens e suas Tecnologias Agrupamento 1 – EM2 Competências Específicas 3. Utilizar diferentes linguagens colaboração, o protagonismo e solidária, defendendo pontos de consciência socioambiental e o consumo 4. Compreender as línguas heterogêneo e sensível aos contextos formas de expressões identitárias, preconceitos de qualquer natureza.",,"Textos multimodais do campo artísticoliterário; contos e fábulas (FOLK TALES) com as diferentes perspectivas apresentadas sobre o mesmo assunto. – 2º Ano do Ensino corporais e verbais) vida pessoal e coletiva, o outro e em âmbito local, (geo)político, histórico, reconhecendo suas e coletivas, bem como",CURRICULO_REFERENCIA_MS_EM_V1_1,CURRICULO_COMPLETO,CURRICULO_REFERENCIA_MS_EM_V1_1,175
EM,EM1,CURRICULAR,Língua Inglesa,LI,MS.EM13LGG703,"Utilizar diferentes linguagens, mídias e ferramentas digitais em processos de produção coletiva, colaborativa e projetos autorais em ambientes digitais. AGRUPAMENTO 5 – EM AGRUPAMENTO 5 – EM Agrupamento 6 – EM1 Competências Específicas da Área: 1. Compreender o funcionamento verbais) e mobilizar esses conhecimentos de atuação social e nas diversas e as possibilidades de explicação 5.Compreender os processos reconhecendo-as e vivenciando-as perspectiva democrática e de respeito AGRUPAMENTO 6 – EM",,Contexto social de cidadania para a ampliação da comunicação em Língua Inglesa; Expressões de preferências e/ou pontos de vista sobre a pluralidade cultural. linguagens e práticas e produção as formas de crítica da realidade e negociação de de expressão de Campos de atuação: • Campo de atuação na vida • Campo artístico-literário; • Campo das práticas de estudo • Campo jornalístico – midiático. Objetos de conhecimento,CURRICULO_REFERENCIA_MS_EM_V1_1,CURRICULO_COMPLETO,CURRICULO_REFERENCIA_MS_EM_V1_1,172
EM,EM2,CURRICULAR,Língua Inglesa,LI,MS.EM13LGG105,"Analisar e experimentar diversos processos de remidiação de produções multissemióticas, multimídia e transmídia,desenvolvendo diferentes modos de participação e intervenção social. AGRUPAMENTO 2 – EM Agrupamento 3 – EM2 Competências Específicas 1. Compreender o funcionamento verbais) e mobilizar esses conhecimentos de atuação social e nas diversas e as possibilidades de explicação 3. Utilizar diferentes linguagens colaboração, protagonismo e autoria defendendo pontos de vista que socioambiental e o consumo responsável, AGRUPAMENTO 3 – EM",,"Gêneros audiovisuais televisivos, telenovela e telejornal, nos processos transmidiáticos da atualidade, em plataformas digitais de comunicação. linguagens e práticas e produção as formas de crítica da realidade corporais e verbais) e coletiva, de forma outro e promovam âmbito local, regional Campos de atuação: • Campo de atuação na vida • Campo artístico-literário; • Campo das práticas de estudo • Campo jornalístico – midiático. Objetos de conhecimento",CURRICULO_REFERENCIA_MS_EM_V1_1,CURRICULO_COMPLETO,CURRICULO_REFERENCIA_MS_EM_V1_1,179
EM,EM2,CURRICULAR,Língua Inglesa,LI,MS.EM13LGG301,"Participar de processos de produção individual e colaborativa em diferentes linguagens (artísticas, corporais e verbais), levando em conta suas formas e seus funcionamentos, para produzir sentidos em diferentes contextos. AGRUPAMENTO 3 – EM Agrupamento 4 – EM2 Competências Específicas 7. Mobilizar criativas, éticas e estéticas, para autorais e coletivas, e de aprender vida pessoal e coletiva. 6. Apreciar esteticamente as características locais, regionais e para dar significado e (re)construir de maneira crítica e criativa, com AGRUPAMENTO 4 – EM",,"Profissões, planos para o futuro e/ou diferentes assuntos relevantes, para a formação integral dos jovens. digital, considerando formas de produzir nos campos da ciência, produções artísticas seus conhecimentos autorais individuais e de saberes, Campos de atuação: • Campo de atuação na vida • Campo artístico-literário; • Campo das práticas de estudo • Campo jornalístico – midiático. Objetos de conhecimento",CURRICULO_REFERENCIA_MS_EM_V1_1,CURRICULO_COMPLETO,CURRICULO_REFERENCIA_MS_EM_V1_1,181
EM,EM2,CURRICULAR,Língua Inglesa,LI,MS.EM13LGG302,"Posicionar-se criticamente diante de diversas visões de mundo presentes nos discursos em diferentes linguagens, levando em conta seus contextos de produção e de circulação. AGRUPAMENTO 6 – EM 5.2.3. Linguagens e suas Agrupamento 1 – EM3 Competências Específicas 6. Apreciar esteticamente as características locais, regionais e para dar significado e (re)construir de maneira crítica e criativa, com 7. Mobilizar criativas, éticas e estéticas, para autorais e coletivas e de aprender vida pessoal e coletiva.",,"Textos multissemióticos de diferentes campos de atuação. Conhecimentos linguísticos sobre conjunctions and phrasal verbs, em diversas situações comunicativas. – 3º Ano do Ensino produções artísticas seus conhecimentos autorais individuais e de saberes, digital, considerando formas de produzir sentidos, nos campos da ciência,",CURRICULO_REFERENCIA_MS_EM_V1_1,CURRICULO_COMPLETO,CURRICULO_REFERENCIA_MS_EM_V1_1,187
EM,EM2,CURRICULAR,Língua Inglesa,LI,MS.EM13LGG403,"Fazer uso do inglês como língua de comunicação global, levando em conta a multiplicidade e variedade de usos, usuários e funções dessa língua no mundo contemporâneo. AGRUPAMENTO 1 – EM Agrupamento 2 – EM2 Competências Específicas 1. Compreender o funcionamento verbais) e mobilizar esses conhecimentos de atuação social e nas diversas e as possibilidades de explicação AGRUPAMENTO 2 – EM",,A Língua Inglesa como instrumento de comunicação global na sociedade atual; Relevância da Língua Inglesa no mundo contemporâneo; A importância e a influência dessa língua franca sobre a cultura brasileira. linguagens e práticas e produção de as formas de participação crítica da realidade Campos de atuação: • Campo de atuação na vida • Campo artístico-literário; • Campo das práticas de estudo • Campo jornalístico – midiático. Objetos de conhecimento,CURRICULO_REFERENCIA_MS_EM_V1_1,CURRICULO_COMPLETO,CURRICULO_REFERENCIA_MS_EM_V1_1,177
EM,EM2,CURRICULAR,Língua Inglesa,LI,MS.EM13LGG503,"Vivenciar práticas corporais e significá-las em seuprojeto de vida, como forma de autoconhecimento, autocuidado AGRUPAMENTO 5 – EM com o corpo e com a saúde, socialização e entretenimento. Agrupamento 6 – EM2 Competências Específicas 6. Apreciar esteticamente as características locais, regionais e para dar significado e (re)construir de maneira crítica e criativa, com 3. Utilizar diferentes linguagens colaboração, protagonismo e autoria defendendo pontos de vista que socioambiental e o consumo responsável, AGRUPAMENTO 6 – EM",,"Reading strategies and reading comprehension - posicionamento responsável; visões de mundo e ideologias veiculadas por textos e atos de linguagem; formas de gerund and infinitive em letras de música. produções artísticas seus conhecimentos autorais individuais e de saberes, corporais e verbais) e coletiva, de forma outro e promovam âmbito local, regional Campos de atuação: • Campo de atuação na vida • Campo artístico-literário; • Campo das práticas de estudo • Campo jornalístico – midiático. Objetos de conhecimento",CURRICULO_REFERENCIA_MS_EM_V1_1,CURRICULO_COMPLETO,CURRICULO_REFERENCIA_MS_EM_V1_1,185
EM,EM2,CURRICULAR,Língua Inglesa,LI,MS.EM13LGG603,"Expressar-se e atuar em processos de criação autorais individuais e coletivos nas diferentes linguagens artísticas (artes visuais, audiovisual, dança, música e teatro) e nas intersecções entre elas, recorrendo a referências estéticas e culturais, conhecimentos de naturezas diversas (artísticos, históricos, sociais e políticos) e experiências individuais e coletivas. AGRUPAMENTO 4 – EM Agrupamento 5 – EM2 Competências Específicas 1. Compreender o funcionamento verbais) e mobilizar esses conhecimentos de atuação social e nas diversas e as possibilidades de explicação 3. Utilizar diferentes linguagens colaboração, protagonismo e autoria defendendo pontos de vista que socioambiental e o consumo responsável, 5. Compreender os processos reconhecendo-as e vivenciando-as perspectiva democrática e de respeito AGRUPAMENTO 5 – EM",,"Aspectos culturais da Língua Inglesa; processos criativos em diferentes linguagens; conhecimentos linguísticos para a prática dos conditionals. linguagens e práticas e produção as formas de crítica da realidade corporais e verbais) e coletiva, de forma outro e promovam âmbito local, regional e negociação de de expressão de Campos de atuação: • Campo de atuação na vida • Campo artístico-literário; • Campo das práticas de estudo • Campo jornalístico – midiático; • Campo de atuação na vida Objetos de conhecimento",CURRICULO_REFERENCIA_MS_EM_V1_1,CURRICULO_COMPLETO,CURRICULO_REFERENCIA_MS_EM_V1_1,183
EM,EM3,CURRICULAR,Língua Inglesa,LI,MS.EM13LGG201,"Utilizar as diversas linguagens (artísticas, corporais e verbais) em diferentes contextos, valorizandoas como fenômeno social, cultural, histórico, variável, heterogêneo e sensível aos contextos de uso. AGRUPAMENTO 4 – EM Agrupamento 5 – EM3 Competências Específicas 7. Mobilizar criativas, éticas e estéticas, para autorais e coletivas, e de aprender vida pessoal e coletiva. 3. Utilizar diferentes linguagens colaboração, protagonismo e autoria defendendo pontos de vista que socioambiental e o consumo responsável, AGRUPAMENTO 5 – EM",,"Relação entre discursos, textos, atos de linguagem e processos de legitimação de práticas das diferentes linguagens, no campo jornalístico-midiático. digital, considerando formas de produzir nos campos da ciência, corporais e verbais) e coletiva, de forma outro e promovam âmbito local, regional Campos de atuação: • Campo de atuação na vida • Campo artístico-literário; • Campo das práticas de estudo • Campo jornalístico – midiático. Objetos de conhecimento",CURRICULO_REFERENCIA_MS_EM_V1_1,CURRICULO_COMPLETO,CURRICULO_REFERENCIA_MS_EM_V1_1,195
EM,EM3,CURRICULAR,Língua Inglesa,LI,MS.EM13LGG304,"Formular propostas, intervir e tomar decisões que levem em conta o bem comum e os Direitos Humanos, a consciência socioambiental e o consumo responsável em âmbito local, regional e global. AGRUPAMENTO 6 – EM AGRUPAMENTO 6 – EM 5.3. Língua Portuguesa 5.3.1. Língua Portuguesa Agrupamento 1 – EM1 Competências Específicas 6. Apreciar esteticamente as características locais, regionais e para dar significado e (re) construir de maneira crítica e criativa, com 7. Mobilizar criativas, éticas e estéticas, para autorais e coletivas, e de aprender pessoal e coletiva.",,"Proposta de intervenção no Meio Ambiente e argumentação com foco na sustentabilidade. Ensino Médio produções artísticas seus conhecimentos autorais individuais e de saberes, digital, considerando formas de produzir nos campos da ciência,",CURRICULO_REFERENCIA_MS_EM_V1_1,CURRICULO_COMPLETO,CURRICULO_REFERENCIA_MS_EM_V1_1,199
EM,EM3,CURRICULAR,Língua Inglesa,LI,MS.EM13LGG305,"Mapear e criar, por meio de práticas delinguagem, possibilidades de atuação social, política, artística e cultural para enfrentar desafios contemporâneos,discutindo princípios e objetivos dessa atuação de maneira crítica, criativa, solidária e ética. AGRUPAMENTO 5 – EM Agrupamento 6 – EM3 Competências Específicas 2. Compreender os processos identitários, de linguagem, respeitando as diversidades base em princípios e valores exercitando o autoconhecimento, combatendo preconceitos de qualquer 3. Utilizar diferentes linguagens colaboração, protagonismo e autoria defendendo pontos de vista que socioambiental e o consumo responsável, AGRUPAMENTO 6 – EM",,"Diversidade cultural e linguística em peças teatrais na Língua Inglesa; Conhecimentos sobre a língua, com ênfase na voz passiva e em tag questions. e relações de poder pluralidade de ideias democracia, na igualdade o diálogo, a resolução corporais e verbais) e coletiva, de forma outro e promovam âmbito local, regional Campos de atuação: • Campo de atuação na vida • Campo artístico-literário; • Campo das práticas de estudo • Campo jornalístico – midiático; • Campo de atuação na vida Objetos de conhecimento",CURRICULO_REFERENCIA_MS_EM_V1_1,CURRICULO_COMPLETO,CURRICULO_REFERENCIA_MS_EM_V1_1,197
EM,EM3,CURRICULAR,Língua Inglesa,LI,MS.EM13LGG402,"Empregar, nas interações sociais, a variedade e o estilo de língua adequados à situação comunicativa, ao(s) interlocutor(es) e ao gênero do discurso, respeitando os usos das línguas por esse(s) interlocutor(es) e sem preconceito linguístico. AGRUPAMENTO 3 – EM Agrupamento 4 – EM3 Competências Específicas 2. Compreender os processos identitários, de linguagem, respeitando as diversidades base em princípios e valores exercitando o autoconhecimento, combatendo preconceitos de qualquer AGRUPAMENTO 4 – EM",,"Contexto de produção, circulação e recepção de textos clássicos e contemporâneos; Adequação e pertinência do discurso direto e indireto. e relações de poder pluralidade de ideias democracia, na igualdade o diálogo, a resolução Campos de atuação: • Campo de atuação na vida • Campo artístico-literário; • Campo das práticas de estudo • Campo jornalístico – midiático. Objetos de conhecimento",CURRICULO_REFERENCIA_MS_EM_V1_1,CURRICULO_COMPLETO,CURRICULO_REFERENCIA_MS_EM_V1_1,193
EM,EM3,CURRICULAR,Língua Inglesa,LI,MS.EM13LGG502,"Analisar criticamente preconceitos, estereótipos e relações de poder presentes nas práticas corporais, adotando posicionamento contrário a qualquer manifestação de injustiça e desrespeito a direitos humanos e valores democráticos. AGRUPAMENTO 2 – EM Agrupamento 3 – EM3 Competências Específicas 4. Compreender as línguas como e sensível aos contextos de uso, expressões identitárias, pessoais qualquer natureza. AGRUPAMENTO 3 – EM",,"Práticas de linguagem: circunstâncias históricas, sociais e ideológicas; Verbos regulares e irregulares, no passado; em biografias. histórico, cultural, suas variedades como agindo no Campos de atuação: • Campo de atuação na vida • Campo artístico-literário; • Campo das práticas de estudo • Campo jornalístico – midiático. Objetos de conhecimento",CURRICULO_REFERENCIA_MS_EM_V1_1,CURRICULO_COMPLETO,CURRICULO_REFERENCIA_MS_EM_V1_1,191
EM,EM3,CURRICULAR,Língua Inglesa,LI,MS.EM13LGG702,"Avaliar o impacto das Tecnologias Digitais da Informação e Comunicação (TDIC) na formação do sujeito e em suas práticas sociais, para fazer uso crítico dessa mídia em práticas de seleção, compreensão e AGRUPAMENTO 1 – EM produção de discursos em ambiente digital. Agrupamento 2 – EM3 Competências Específicas 2. Compreender os processos identitários, de linguagem, respeitando as diversidades base em princípios e valores exercitando o autoconhecimento, combatendo preconceitos de qualquer 5. Compreender os processos reconhecendo-as e vivenciando-as perspectiva democrática e de respeito AGRUPAMENTO 2 – EM",,"Multimodalidade em textos publicitários, no contexto local do turismo de Mato Grosso do Sul; Verbos modais: can / can’t / should / shouldn’t, adjetivos, and the causative form of have, em textos publicitários; Termos do campo semântico financeiro. e relações de poder pluralidade de ideias democracia, na igualdade o diálogo, a resolução e negociação de de expressão Campos de atuação: • Campo de atuação na vida • Campo artístico-literário; • Campo das práticas de estudo • Campo jornalístico – midiático; • Campo de atuação na vida Objetos de conhecimento",CURRICULO_REFERENCIA_MS_EM_V1_1,CURRICULO_COMPLETO,CURRICULO_REFERENCIA_MS_EM_V1_1,189
EM,EM1,CURRICULAR,Língua Portuguesa,LP,MS.EM13LP103,"Analisar relações de intertextualidade e AGRUPAMENTO 5 – EM 1 Objetos interdiscursividade que permitam a Produção, explicitação de relações dialógicas, recepção a identificação de posicionamentos linguagem ou de perspectivas, a compreensão digital. de paráfrases, paródias e estilizações, entre outras possibilidades.",,"efeitos especiais, elaboração Campos de Atuação Social: • Todos os campos de conhecimento circulação e Produção de textos e atos de Temas Transversais no contexto em eventos comunidade sociais. Esta criatividade, autoconfiança.",CURRICULO_REFERENCIA_MS_EM_V1_1,CURRICULO_COMPLETO,CURRICULO_REFERENCIA_MS_EM_V1_1,210
EM,EM1,CURRICULAR,Língua Portuguesa,LP,MS.EM13LP104,"Estabelecer relações de interdiscursividade e intertextualidade para explicitar, sustentar e conferir consistência a posicionamentos e para construir e corroborar explicações e relatos, fazendo uso de citações e paráfrases devidamente marcadas.",,"Pesquisa de estratégias suportes digitais, informações Web Comics, Contemporâneos, crítica e ética.",CURRICULO_REFERENCIA_MS_EM_V1_1,CURRICULO_COMPLETO,CURRICULO_REFERENCIA_MS_EM_V1_1,211
EM,EM1,CURRICULAR,Língua Portuguesa,LP,MS.EM13LP106,"Variações Analisar efeitos de sentido (fonética, decorrentes de usos expressivos da morfossintática) linguagem, da escolha de situação comunicativa determinadas palavras ou diferentes expressões e da ordenação, contextos. combinação e contraposição de Processo palavras, dentre outros, para textual (uso ampliar as possibilidades de especificidades construção de sentidose de uso estilísticas) crítico da língua. gênero discursivo;",,"linguísticas Abordagem lexical, de interesse alinhadas à pesquisa bibliográfica, em situações discursos e materializados diversas. de construção Leitura e análise das linguagens, formal e informal estruturais e apresentadas, de acordo com o linguísticas. Problematização",CURRICULO_REFERENCIA_MS_EM_V1_1,CURRICULO_COMPLETO,CURRICULO_REFERENCIA_MS_EM_V1_1,204
EM,EM1,CURRICULAR,Língua Portuguesa,LP,MS.EM13LP108,"softwares Analisar elementos e aspectos da virtuais. sintaxe do português, como a ordem dos constituintes da AGRUPAMENTO 6 – EM 1 Objetos sentença (e os efeito que causam sua inversão), a estrutura dos sintagmas, as categorias sintáticas, os processos de coordenação e subordinação (e os efeitos de seus usos) e a sintaxe de concordância e de regência, de modo a potencializar os processos de compreensão e produção de textos e a possibilitar escolhas adequadas à situação comunicativa.",,"e ambientes promover ao mundo Campos de Atuação Social: • Todos os campos de conhecimento Sugere-se, entrevistas comunidade e das aldeias repórter, analista de socializar interna e externa, e/ou da cidade.",CURRICULO_REFERENCIA_MS_EM_V1_1,CURRICULO_COMPLETO,CURRICULO_REFERENCIA_MS_EM_V1_1,212
EM,EM1,CURRICULAR,Língua Portuguesa,LP,MS.EM13LP1345,"Analisar, discutir, produzir e socializar, tendo em vista temas e acontecimentos de interesse local ou global, notícias, fotodenúncias, fotorreportagens, reportagens multimidiáticas, documentários, infográficos, podcasts noticiosos, artigos de opinião, críticas da mídia, vlogs de opinião, textos de apresentação e apreciação de produções culturais (resenhas, ensaios etc.) e outros gêneros próprios das formas de expressão das culturas juvenis (vlogs e podcasts culturais, gameplay etc.), em várias mídias, vivenciando de forma significativa o papel de repórter, analista, crítico, editorialista ou articulista, leitor, vlogueiro e booktuber, entre outros.",,,CURRICULO_REFERENCIA_MS_EM_V1_1,CURRICULO_COMPLETO,CURRICULO_REFERENCIA_MS_EM_V1_1,213
EM,EM1,CURRICULAR,Língua Portuguesa,LP,MS.EM13LP1354,"Criar obras autorais, em diferentes gêneros e mídias – mediante seleção e apropriação de recursos textuais e expressivos do repertório artístico –, e/ou produções derivadas (paródias, estilizações, fanfics, fanclipes etc.), como forma de dialogar crítica e/ou subjetivamente com o texto literário. Agrupamento 5 – EM1 Competências Específicas da Área: 6. Apreciar esteticamente as mais diversas características locais, regionais e globais, para dar significado e (re) construir produções de maneira crítica e criativa, com respeito 3. Utilizar diferentes linguagens (artísticas, colaboração, protagonismo e autoria na vida defendendo pontos de vista que respeitem socioambiental e o consumo responsável, 1. Compreender o funcionamento das diferentes verbais) e mobilizar esses conhecimentos de atuação social e nas diversas mídias, e as possibilidades de explicação e interpretação 7. Mobilizar práticas de linguagem no universo criativas, éticas e estéticas, para expandir autorais e coletivas e de aprender a aprender pessoal coletiva. AGRUPAMENTO 5 – EM 1 Objetos",,"produções artísticas e mobilizar seus conhecimentos autorais individuais e à diversidade de saberes, corporais e verbais) pessoal e coletiva, de forma o outro e promovam em âmbito local, regional linguagens e práticas na recepção e produção para ampliar as formas de crítica da realidade digital, considerando as formas de produzir nos campos da ciência, Campos de Atuação Social: • Todos os campos de conhecimento",CURRICULO_REFERENCIA_MS_EM_V1_1,CURRICULO_COMPLETO,CURRICULO_REFERENCIA_MS_EM_V1_1,209
EM,EM1,CURRICULAR,Língua Portuguesa,LP,MS.EM13LP14.n.01,"Interpretar e usar, adequadamente, os sinais gráficos de pontuação, segundo as intenções comunicativas do emissor, nos diversos contextos de produção escrita.",,"É possível, fanfics (crossover), Arcadismo, desse movimento de pontuação.",CURRICULO_REFERENCIA_MS_EM_V1_1,CURRICULO_COMPLETO,CURRICULO_REFERENCIA_MS_EM_V1_1,209
EM,EM1,CURRICULAR,Língua Portuguesa,LP,MS.EM13LP1621,"Produzir, de forma colaborativa, e socializar playlists comentadas de preferências culturais e de entretenimento, revistas culturais, fanzines, e-zines ou publicações afins que divulguem, comentem e avaliem músicas, games, séries, filmes, quadrinhos, livros, peças, exposições, espetáculos de dança etc., de forma a compartilhar gostos, identificar afinidades, fomentar comunidades etc.",,"Produção como referência dramatizações de Gil Vicente socializados, clubes de comunidade desenvolvimento artístico, da",CURRICULO_REFERENCIA_MS_EM_V1_1,CURRICULO_COMPLETO,CURRICULO_REFERENCIA_MS_EM_V1_1,207
EM,EM1,CURRICULAR,Língua Portuguesa,LP,MS.EM13LP1648,"Obras fundamentais Identificar assimilações, rupturas e cânone ocidental permanências no processo de Literatura constituição da Literatura Brasileira Brasileira e ao longo de sua trajetória, por poesias simples meio da leitura e análise de obras sátira política fundamentais do cânone ocidental, exploração em especial da literatura Processos portuguesa, para perceber a roteiros para historicidade de matrizes e peças teatrais; procedimentos estéticos. Relações",,"do Leitura de e da posição do Portuguesa e pseudônimo Neoclássica: buscando e bucólicas, obscuridade sobre a Comparação portuguesa; teatrais que de produção de Arcadismo, vídeos e de conhecimentos do texto, para gênero discursivo, de",CURRICULO_REFERENCIA_MS_EM_V1_1,CURRICULO_COMPLETO,CURRICULO_REFERENCIA_MS_EM_V1_1,210
EM,EM1,CURRICULAR,Língua Portuguesa,LP,MS.EM13LP1648,"Perspectivas Identificar assimilações, rupturas e Brasileira permanências no processo de (poesia satírica, constituição da Literatura Brasileira religiosa), e ao longo de sua trajetória, por estilo literário meio da leitura e análise de obras Relação composicional fundamentais do cânone ocidental, a linguagem em especial da literatura moderna portuguesa, para perceber a textual (inversão historicidade de matrizes e vocabulário) procedimentos estéticos. estilizados",,"da Literatura Leitura de do período colonial com foco lírica e relacionados com vistas ao Arcadismo, desse período; períodos literários. entre Comparação barroca e a coloniais e na elaboração linguagem sintática, com as principais e traços cada escola da linguagem Produção",CURRICULO_REFERENCIA_MS_EM_V1_1,CURRICULO_COMPLETO,CURRICULO_REFERENCIA_MS_EM_V1_1,208
EM,EM1,CURRICULAR,Língua Portuguesa,LP,MS.EM13LP1649,"Modalidades Perceber as peculiaridades Idade Média estruturais e estilísticas de poesia palaciana, diferentes gêneros literários(a cavalaria, apreensão pessoal do cotidiano aspectos nas crônicas, a manifestação livre e sociais e políticos subjetiva do eu lírico diante do formação mundo nos poemas, a múltipla Peculiaridades perspectiva da vida humana e estilísticas social dos romances, a dimensão períodos política e social de textos da Média; dialogia literatura marginal e da periferia intertextuais etc.) para experimentar os interdiscursivasentre diferentes ângulos de apreensão de diferentes do indivíduo e do mundo pela gêneros literários, literatura. na recepção",,"literárias da Leitura de (cantigas, construir sentido novela de considerando crônica e teatro): leitor, na identificação éticos, estéticos, histórico e na Média com do leitor; intertextual autores e estruturais e de diferentes No Trovadorismo, literários da Idade intertextualidade e relações de Taveirós e Caetano Veloso; obras da Barca do autores e contextualizada com foco Auto da Compadecida, e produção de noClassicismo,",CURRICULO_REFERENCIA_MS_EM_V1_1,CURRICULO_COMPLETO,CURRICULO_REFERENCIA_MS_EM_V1_1,206
EM,EM1,CURRICULAR,Língua Portuguesa,LP,MS.EM13LP1649,"regionais Perceber as peculiaridades estruturais e estilísticas de Condições diferentes gêneros literários(a circulação apreensão pessoal do cotidiano textos artístico-literários; nas crônicas, a manifestação livre e subjetiva do eu lírico diante do Funções da mundo nos poemas, a múltipla (fática, poética, perspectiva da vida humana e referencial, social dos romances, a dimensão conativa) política e social de textos da linguística, literatura marginal e da periferia etc.) para experimentar os AGRUPAMENTO 2 – EM 1 Objetos diferentes ângulos de apreensão produção do indivíduo e do mundo pela sentido. literatura. Agrupamento 3 – EM1 Competências Específicas da Área: 1. Compreender o funcionamento das diferentes verbais) e mobilizar esses conhecimentos social e nas diversas mídias, para ampliar possibilidades de explicação e interpretação 6. Apreciar esteticamente as mais diversas características locais, regionais e globais, para dar significado e (re) construir produções de maneira crítica e criativa, com respeito 3. Utilizar diferentes linguagens (artísticas, colaboração, protagonismo e autoria na vida defendendo pontos de vista que respeitem socioambiental e o consumo responsável, AGRUPAMENTO 3 – EM 1 Objetos",,"e globais; perspectiva especificidades de produção, linguísticas). e recepção de Discussão condições linguagem observar as emotiva, cada momento metalinguística e literários. e intencionalidade contexto de A partir de lidos, analisar Campos de Atuação Social: • Todos os campos de atuação de conhecimento e efeito de funções da releituras Produção nas impressões, cotidiano conhecimento consonância aos aspectos da língua Socialização comunidade sociais, jornal linguagens e práticas na recepção de discursos as formas de participação crítica da realidade e para produções artísticas e mobilizar seus conhecimentos autorais individuais e à diversidade de saberes, corporais e verbais) pessoal e coletiva, de forma o outro e promovam em âmbito local, regional Campos de Atuação Social: • Artístico – Literário; • Vida Pessoal. de conhecimento",CURRICULO_REFERENCIA_MS_EM_V1_1,CURRICULO_COMPLETO,CURRICULO_REFERENCIA_MS_EM_V1_1,204
EM,EM1,CURRICULAR,Língua Portuguesa,LP,MS.EM13LP1744,"Contexto Analisar formas contemporâneas circulação de publicidade em contexto digital textos e atos (advergame, anúncios em vídeos, do campo social advertising, unboxing, midiático, narrativa mercadológica, entre participação outras) e peças de campanhas culturas juvenis; publicitárias e políticas (cartazes, Mecanismos folhetos, anúncios, propagandas os efeitos em diferentes mídias, spots, jingles foco no interdiscurso etc.), identificando valores e caráter dialógico representações de situações, discursos, grupos e configurações sociais publicitárias; veiculadas, desconstruindo estereótipos, destacando Recursos estratégias de engajamento e sintáticos viralização e explicando os efeitos de mecanismos de persuasão diferentes utilizados e os efeitos de sentido e produção provocados pelas escolhas feitas publicitários, em termos de elementos e digital; recursos linguístico-discursivos, imagéticos, sonoros, gestuais e Processo espaciais, entre outros. multissemióticos",,"de produção, Seleção de e recepção de midiático, de linguagem, serviços e jornalísticojuventudes, em práticas de recepção desses social e das lugar e a posição Análise crítica de persuasão e para compreensão de sentido, com persuasiva e no contribuem dos tais como: em campanhas apelativa; verbos; vocativo; linguísticos. morfológicos, e estilísticos e seus Análise de sentido, nas documentários, práticas de leitura fotorreportagens de textos que abordem em contexto promovendo variedades adequação de edição de textos Produção em de edição",CURRICULO_REFERENCIA_MS_EM_V1_1,CURRICULO_COMPLETO,CURRICULO_REFERENCIA_MS_EM_V1_1,212
EM,EM1,CURRICULAR,Língua Portuguesa,LP,MS.EM13LP3647,"Participar de eventos (saraus, competições orais, audições, mostras, festivais, feiras culturais e literárias, rodas e clubes de leitura, cooperativas culturais, jograis, repentes, slams etc.), inclusive para socializar obras da própria autoria (poemas, contos e suas variedades, roteiros e microrroteiros, videominutos, playlists comentadas de música etc.) e/ou interpretar obras de outros, inserindo-se nas diferentes práticas culturais de seu tempo. Agrupamento 4 – EM1 Competências Específicas da Área: 1. Compreender o funcionamento das diferentes verbais) e mobilizar esses conhecimentos social e nas diversas mídias, para ampliar possibilidades de explicação e interpretação 6. Apreciar esteticamente as mais diversas características locais, regionais e globais, para dar significado e (re) construir produções de maneira crítica e criativa, com respeito 4. Compreender as línguas como fenômeno heterogêneo e sensível aos contextos de formas de expressões identitárias, pessoais preconceitos de qualquer natureza. 3. Utilizar diferentes linguagens (artísticas, colaboração, protagonismo e autoria na vida defendendo pontos de vista que respeitem socioambiental e o consumo responsável, AGRUPAMENTO 4 – EM 1 Objetos",,"linguagens e práticas na recepção de discursos as formas de participação crítica da realidade e para produções artísticas e mobilizar seus conhecimentos autorais individuais e à diversidade de saberes, (geo) político, uso, reconhecendo suas e coletivas, bem como corporais e verbais) pessoal e coletiva, de forma o outro e promovam em âmbito local, regional Campos de Atuação Social: • Artístico – Literário. de conhecimento",CURRICULO_REFERENCIA_MS_EM_V1_1,CURRICULO_COMPLETO,CURRICULO_REFERENCIA_MS_EM_V1_1,207
EM,EM1,CURRICULAR,Língua Portuguesa,LP,MS.EM13LP3717,"Elaborar roteiros para a produção de vídeos variados (vlog, videoclipe, videominuto, documentário etc.), apresentações teatrais, narrativas multimídia e transmídia, podcasts, playlists comentadas etc., para ampliar as possibilidades de produção de sentidos e engajar-se em práticas autorais e coletivas. Agrupamento 6 – EM1 Competências Específicas da Área: 1. Compreender o funcionamento das diferentes verbais) e mobilizar esses conhecimentos de atuação social e nas diversas mídias, e as possibilidades de explicação e interpretação 7. Mobilizar práticas de linguagem no universo criativas, éticas e estéticas, para expandir autorais e coletivas e de aprender a aprender pessoal coletiva. 3. Utilizar diferentes linguagens (artísticas, colaboração, protagonismo e autoria na vida defendendo pontos de vista que respeitem socioambiental e o consumo responsável, AGRUPAMENTO 6 – EM 1 Objetos",,"linguagens e práticas na recepção e produção para ampliar as formas de crítica da realidade digital, considerando as formas de produzir nos campos da ciência, corporais e verbais) pessoal e coletiva, de forma o outro e promovam em âmbito local, regional Campos de Atuação Social: • Todos os campos de conhecimento",CURRICULO_REFERENCIA_MS_EM_V1_1,CURRICULO_COMPLETO,CURRICULO_REFERENCIA_MS_EM_V1_1,211
EM,EM1,CURRICULAR,Língua Portuguesa,LP,MS.EM13LP3728,"intertextualidade Organizar situações de estudo e interdiscursividade; utilizar procedimentos e estratégias explicitação de leitura adequados aos objetivos dialógicas e à natureza do conhecimento em paráfrases, questão. estilizações.",,social. e Seleção de de relações de intertextualidade na produção de fontes do paródias e representativas indicações,CURRICULO_REFERENCIA_MS_EM_V1_1,CURRICULO_COMPLETO,CURRICULO_REFERENCIA_MS_EM_V1_1,210
EM,EM1,CURRICULAR,Língua Portuguesa,LP,MS.EM13LP646,"Compartilhar sentidos construídos Aspectos na leitura/escuta de textos sociais e políticos literários, percebendo diferenças e e produções eventuais tensões entre as formas culturais; pessoais e as coletivas de estruturais apreensão desses textos, para diferentes exercitar o diálogo cultural e individual aguçar a perspectiva crítica. época na características",,"atribuem a éticos, estéticos, prestígio ou em textos dos níveis artísticas e especificidades Leitura/escuta e estilísticas de momentos gêneros no estilo do estilo individual e as tendências de acionando literatura; efeitos de locais, linguísticos",CURRICULO_REFERENCIA_MS_EM_V1_1,CURRICULO_COMPLETO,CURRICULO_REFERENCIA_MS_EM_V1_1,204
EM,EM1,CURRICULAR,Língua Portuguesa,LP,MS.EM13LP646,"conotativa Compartilhar sentidos construídos sentido nos na leitura/escuta de textos hipérbole, literários, percebendo diferenças e antítese); eventuais tensões entre as formas Sinais gráficos pessoais e as coletivas de segundo apreensão desses textos, para comunicativas exercitar o diálogo cultural e nos diversos aguçar a perspectiva crítica. produção AGRUPAMENTO 4 – EM 1 Objetos",,"e seus efeitos de social e nas textos (metáfora, semiótica paradoxo, representam estudantes de pontuação, releituras as intenções segundo as do emissor, as formas contextos de multimodais. escrita. Campos de Atuação Social: • Artístico – Literário. de conhecimento",CURRICULO_REFERENCIA_MS_EM_V1_1,CURRICULO_COMPLETO,CURRICULO_REFERENCIA_MS_EM_V1_1,208
EM,EM1,CURRICULAR,Língua Portuguesa,LP,MS.EM13LP650,"Analisar textos. relações intertextuais e Recursos interdiscursivasentre obras de (morfológicos, diferentes autores e gêneros multissemióticos literários de um mesmo momento etc.), paralinguísticos histórico e de momentos históricos (entonação, diversos, explorando os modos cinésicos como a literatura e as artes em gestualidade geral se constituem, dialogam e se construção retroalimentam. AGRUPAMENTO 3 – EM 1 Objetos",,"Sonetos de de Vinicius da língua entrelaçamento sintáticos), a passagem (imagens Castelo, da ritmo etc.) e Análise dos (postura corporal, orações, observando etc.), na funções dentro de sentidos. Campos de Atuação Social: • Artístico – Literário; • Vida Pessoal. de conhecimento",CURRICULO_REFERENCIA_MS_EM_V1_1,CURRICULO_COMPLETO,CURRICULO_REFERENCIA_MS_EM_V1_1,206
EM,EM1,CURRICULAR,Língua Portuguesa,LP,MS.EM13LP650,"Condições Analisar relações intertextuais e circulação interdiscursivas entre obras de e atos de diferentes autores e gêneros em diferentes literários de um mesmo momento Aspectos histórico e de momentos históricos e sociais dos diversos, explorando os modos da Antiguidade como a literatura e as artes em épico (narrativo) geral se constituem, dialogam e se retroalimentam. Características e globais",,"de produção, Atividades e recepção de textos problematizações linguagem; discursos variadas linguagens. diversos diferentes estilísticos, históricos digitais gêneros literários Clássica: lírico, Reflexão e dramático; dialogia escritos, locais, regionais problematização na leitura e no",CURRICULO_REFERENCIA_MS_EM_V1_1,CURRICULO_COMPLETO,CURRICULO_REFERENCIA_MS_EM_V1_1,202
EM,EM1,CURRICULAR,Língua Portuguesa,LP,MS.EM13LP711,"processo Fazer curadoria de informação, literário em tendo em vista diferentes com outras propósitos e projetos discursivos. Dialogia e",,"referido de formação do leitor destaque relação à Literatura artes; Seleção Clássica, relações entre",CURRICULO_REFERENCIA_MS_EM_V1_1,CURRICULO_COMPLETO,CURRICULO_REFERENCIA_MS_EM_V1_1,202
EM,EM1,CURRICULAR,Língua Portuguesa,LP,MS.EM13LP718,"Utilizar softwares de edição de textos, fotos, vídeos e áudio, além de ferramentas e ambientes colaborativos para criar textos e produções multissemióticas com finalidades diversas, explorando os recursos e efeitos disponíveis e apropriando-se de práticas colaborativas de escrita, de construção coletiva do conhecimento e de desenvolvimento de projetos. 5.3.2. Língua Portuguesa – 2º Ano Agrupamento 1 – EM2 Competências Específicas da Área: 4. Compreender as línguas como fenômeno heterogêneo e sensível aos contextos de formas de expressões identitárias, pessoais preconceitos de qualquer natureza. 7. Mobilizar práticas de linguagem no universo criativas, éticas e estéticas, para expandir autorais e coletivas e de aprender a aprender pessoal coletiva. 1. Compreender o funcionamento das diferentes verbais) e mobilizar esses conhecimentos de atuação social e nas diversas mídias, para e as possibilidades de explicação e interpretação",,"do Ensino Médio (geo) político, uso, reconhecendo suas e coletivas, bem como digital, considerando as formas de produzir nos campos da ciência, linguagens e práticas na recepção e produção ampliar as formas de crítica da realidade",CURRICULO_REFERENCIA_MS_EM_V1_1,CURRICULO_COMPLETO,CURRICULO_REFERENCIA_MS_EM_V1_1,213
EM,EM1,CURRICULAR,Língua Portuguesa,LP,MS.EM13LP739,"textos: intertextualidade Usar procedimentos de checagem interdiscursividade; de fatos noticiados e fotos publicadas (verificar/avaliar veículo, Curadoria fonte, data e local da publicação, diferentes autoria, URL, formatação; comparar diferentes fontes; consultar ferramentas e sites checadores etc.), de forma a combater a proliferação de notícias falsas (fake news). AGRUPAMENTO 1 – EM 1 Objetos",,"literários: e do leitor, relações Literatura de informação em gêneros discursivos. Estudo das intertextuais diversos mesmo diferentes, linguísticos de produção Campos de Atuação Social: • Todos os campos de atuação de conhecimento",CURRICULO_REFERENCIA_MS_EM_V1_1,CURRICULO_COMPLETO,CURRICULO_REFERENCIA_MS_EM_V1_1,202
EM,EM1,CURRICULAR,Língua Portuguesa,LP,MS.EM13LP743,"Atuar de forma fundamentada, ética e crítica na produção e no compartilhamento de comentários, textos noticiosos e de opinião, memes, gifs, remixes variados etc., em redes sociais ou outros ambientes digitais. Agrupamento 2 – EM1 Competências Específicas da Área: 1. Compreender o funcionamento das diferentes verbais) e mobilizar esses conhecimentos de atuação social e nas diversas mídias, e as possibilidades de explicação e interpretação 6. Apreciar esteticamente as mais diversas características locais, regionais e globais, para dar significado e (re) construir produções de maneira crítica e criativa, com respeito AGRUPAMENTO 2 – EM 1 Objetos",,"Análise de sociais e/ou exercendo e discutir veracidade de comunicação, de credibilidade apurar a ocorrências manipulação outras previamente Elaboração títulos, personagens diferentes espaços linguagens e práticas na recepção e produção para ampliar as formas de crítica da realidade produções artísticas e mobilizar seus conhecimentos autorais individuais e à diversidade de saberes, Campos de Atuação Social: • Todos os campos de atuação de conhecimento",CURRICULO_REFERENCIA_MS_EM_V1_1,CURRICULO_COMPLETO,CURRICULO_REFERENCIA_MS_EM_V1_1,203
EM,EM2,CURRICULAR,Língua Portuguesa,LP,MS.EM.13LP334,"Produzir textos para a divulgação do conhecimento e de resultados de levantamentos e pesquisas – texto monográfico, ensaio, artigo de divulgação científica, verbete de enciclopédia (colaborativa ou não), infográfico (estático ou animado), relato de experimento, relatório, relatório multimidiático de campo, reportagem científica, podcast ou vlog científico, apresentações orais, semiários, comunicações em mesas redondas, mapas dinâmicos etc. –, considerando o contexto de produção e utilizando os conhecimentos sobre os gêneros de divulgação científica, de forma a engajarse em processos significativos de socialização e divulgação do conhecimento. Agrupamento 4 – EM2 Competências Específicas da Área: 2. Compreender os processos identitários, de linguagem, respeitando as diversidades base em princípios e valores assentados exercitando o autoconhecimento, a empatia, combatendo preconceitos de qualquer natureza. 1. Compreender o funcionamento das diferentes verbais) e mobilizar esses conhecimentos de atuação social e nas diversas mídias, e as possibilidades de explicação e interpretação 3. Utilizar diferentes linguagens (artísticas, colaboração, protagonismo e autoria na vida defendendo pontos de vista que respeitem socioambiental e o consumo responsável AGRUPAMENTO 4 – EM 2 Objetos",,"conflitos e relações de poder e a pluralidade de ideias na democracia, na igualdade o diálogo, a resolução linguagens e práticas na recepção e produção para ampliar as formas de crítica da realidade corporais e verbais) pessoal e coletiva, de forma o outro e promovam em âmbito local, regional Campos de Atuação Social: • Todos os campos de conhecimento",CURRICULO_REFERENCIA_MS_EM_V1_1,CURRICULO_COMPLETO,CURRICULO_REFERENCIA_MS_EM_V1_1,219
EM,EM2,CURRICULAR,Língua Portuguesa,LP,MS.EM13LP107,"Analisar, em fala; réplica textos de diferentes gêneros, marcas que expressam a posição responsável do enunciador frente àquilo que é temas, visões dito: uso de diferentes ideologias modalidades (epistêmica, deôntica textos e atos e apreciativa) e de diferentes recursos gramaticais que operam Efeitos de como modalizadores (verbos decorrentes modais, tempos e modos verbais, vocabular expressões modais, adjetivos, recursos gramaticais, locuções ou orações adjetivas modalizadores advérbios, locuções ou orações modais, tempos adverbiais, entonação etc.), uso de verbais, expressões estratégias de impessoalização adjetivos, (uso de terceira pessoa e de voz orações adjetivas AGRUPAMENTO 4 – EM 2 Objetos passiva etc.), com vistas ao locuções incremento da compreensão e da adverbiais, criticidade e ao manejo adequado em textos desses elementos nos textos multissemióticos. produzidos, considerando os contextos de produção.",,"(posicionamento pelo autor, em relação a discursos de mundo e consciente veiculados por Análise da de linguagem); obrigatoriedade, sentido marcas linguísticas, da escolha da disposição e de diferentes presentes como contextos (verbos e modos Produção modais, significativos locuções ou vinculados advérbios, grupos de Campos de Atuação Social: • Todos os campos de conhecimento ou orações importante entonação etc.) recursos gramaticais verbais e e às estratégias posicionamento desenvolvendo, determinação",CURRICULO_REFERENCIA_MS_EM_V1_1,CURRICULO_COMPLETO,CURRICULO_REFERENCIA_MS_EM_V1_1,220
EM,EM2,CURRICULAR,Língua Portuguesa,LP,MS.EM13LP113,"Analisar, a partir reconstrução de referências contextuais, de produção, estéticas e culturais, efeitos de recepção; sentido decorrentes de escolhas de elementos sonoros (volume, Efeitos de timbre, intensidade, pausas, ritmo, de recursos efeitos sonoros, sincronização etc.) multissemióticos; e de suas relações com o verbal, musicalidade levando-os em conta na produção figuras de de áudios, para ampliar as a sinestesia; possibilidades de construção de místicos e sentidos e de apreciação. AGRUPAMENTO 6 – EM 2 Objetos",,"das condições Reconhecimento circulação e dos períodos intertextualidade sentidos no uso o diálogo linguísticos e e presença de Produção linguagem como livros, filmes, elementos exposições, transcendentais. empregando vídeo, áudio Campos de Atuação Social: • Todos os campos de conhecimento",CURRICULO_REFERENCIA_MS_EM_V1_1,CURRICULO_COMPLETO,CURRICULO_REFERENCIA_MS_EM_V1_1,224
EM,EM2,CURRICULAR,Língua Portuguesa,LP,MS.EM13LP114,"Analisar, a partir de referências contextuais, estéticas e culturais, sição, movimentos de câmera, remix, entre outros), das performances (movimentos do corpo, gestos, ocupação do espaço cênico), dos elementos sonoros (entonação, trilha sonora, sampleamento etc.) e das relações desses elementos com o verbal, levando em conta esses efeitos nas produções de imagens e vídeos, para ampliar as possibilidades de construção de sentidos e de apreciação.",,"honestos, tema discutido,",CURRICULO_REFERENCIA_MS_EM_V1_1,CURRICULO_COMPLETO,CURRICULO_REFERENCIA_MS_EM_V1_1,225
EM,EM2,CURRICULAR,Língua Portuguesa,LP,MS.EM13LP12325,"Participar de reuniões na escola (conselho de escola e de classe, grêmio livre etc.), agremiações, coletivos ou movimentos, entre outros, em debates, assembleias, fóruns de discussão etc., exercitando a escuta atenta, respeitando seu turno e tempo de fala, posicionando-se de forma fundamentada, respeitosa e ética diante da apresentação de propostas e defesas de opiniões, usando estratégias linguísticas típicas de negociação e de apoio e/ou de consideração do discurso do outro (como solicitar esclarecimento, detalhamento, fazer referência direta ou retomar a fala do outro, parafraseando-a para endossá-la, enfatizá-la, complementá-la ou enfraquecê-la), considerando propostas alternativas e reformulando seu posicionamento, quando for caso, com vistas ao entendimento e ao bem comum. Agrupamento 5 – EM2 Competências Específicas da Área: 2. Compreender os processos identitários, de linguagem, respeitando as diversidades base em princípios e valores assentados exercitando o autoconhecimento, a empatia, combatendo preconceitos de qualquer natureza. 3. Utilizar diferentes linguagens (artísticas, colaboração, protagonismo e autoria na vida defendendo pontos de vista que respeitem socioambiental e o consumo responsável, 6. Apreciar esteticamente as mais diversas características locais, regionais e globais, para dar significado e (re) construir produções de maneira crítica e criativa, com respeito 7. Mobilizar práticas de linguagem no universo criativas, éticas e estéticas, para expandir autorais e coletivas e de aprender a aprender pessoal coletiva. 1. Compreender o funcionamento das diferentes verbais) e mobilizar esses conhecimentos de atuação social e nas diversas mídias, para e as possibilidades de explicação e interpretação AGRUPAMENTO 5 – EM 2 Objetos",,"conflitos e relações de poder e a pluralidade de ideias na democracia, na igualdade o diálogo, a resolução corporais e verbais) pessoal e coletiva, de forma o outro e promovam em âmbito local, regional produções artísticas e mobilizar seus conhecimentos autorais individuais e à diversidade de saberes, digital, considerando as formas de produzir nos campos da ciência, linguagens e práticas na recepção e produção ampliar as formas de crítica da realidade Campos de Atuação Social: • Todos os campos de conhecimento",CURRICULO_REFERENCIA_MS_EM_V1_1,CURRICULO_COMPLETO,CURRICULO_REFERENCIA_MS_EM_V1_1,221
EM,EM2,CURRICULAR,Língua Portuguesa,LP,MS.EM13LP1238,"Analisar os diferentes graus de parcialidade/imparcialidade (no limite, a não neutralidade) em textos noticiosos, comparando relatos de diferentes fontes e analisando o recorte feito de fatos/dados e os efeitos de sentido provocados pelas escolhas realizadas pelo autor do texto, de forma a manter uma atitude crítica diante dos textos jornalísticos e tornar-se consciente das escolhas feitas como produtor.",,,CURRICULO_REFERENCIA_MS_EM_V1_1,CURRICULO_COMPLETO,CURRICULO_REFERENCIA_MS_EM_V1_1,221
EM,EM2,CURRICULAR,Língua Portuguesa,LP,MS.EM13LP1252,"Aspectos Analisar obras significativas das sociais e políticos literaturas brasileiras e de outros e produções países e povos, em especial a culturais; portuguesa, a indígena, a africana e locais, regionais a latino-americana, com base em obras significativas ferramentas da crítica literária literaturas (estrutura da composição, estilo, portuguesa, aspectos discursivos) ou outros africana e critérios relacionados a diferentes Sentimento matrizes culturais, considerando o indianismo, contexto de produção (visões de amorosa, mundo, diálogos com outros presença textos, inserções em movimentos obras literárias; estéticos e culturais etc.) e o modo como dialogam com o presente. Paráfrases, discurso reportado",,"éticos, estéticos, Leitura e análise em textos para conhecer artísticas e procedimentos características discursivos e globais em Estudo comparativo das literatura africana, brasileira, contrastando indígena, sociais, bem latino-americana; vinculadas nacionalista, histórico-cultural idealização brasileira. a subjetividade, Produção do pessimismo em apreciativos, citações diretas marcas do espetáculos e relacionar",CURRICULO_REFERENCIA_MS_EM_V1_1,CURRICULO_COMPLETO,CURRICULO_REFERENCIA_MS_EM_V1_1,216
EM,EM2,CURRICULAR,Língua Portuguesa,LP,MS.EM13LP131,"Compreender Contexto criticamente textos de divulgação composição científica orais, escritos e divulgação multissemióticos de diferentes apreciação áreas do conhecimento, analíticas identificando sua organização instrumentos tópica e a hierarquização das dados e informações, informações, identificando e tratamento descartando fontes não confiáveis dados; e problematizando enfoques tendenciosos ou superficiais Obras literárias (campo das práticas de estudo e naturalistas pesquisa). diferenças entre os aspectos",,"de produção e Seleção de de textos de compreensão científica: hierarquização descartando estética, imagens enfoques e estrutura, importante de coleta de científica, técnicos, objetividade, e análise de Leitura de Naturalismo, realistas e produção, com foco nas estudantes e similaridades diferenças éticos,",CURRICULO_REFERENCIA_MS_EM_V1_1,CURRICULO_COMPLETO,CURRICULO_REFERENCIA_MS_EM_V1_1,218
EM,EM2,CURRICULAR,Língua Portuguesa,LP,MS.EM13LP1315,"Planejar, produzir, revisar, editar, reescrever e avaliar textos escritos e multissemióticos, considerando sua adequação às condições de produção do texto, no que diz respeito ao lugar social a ser assumido e à imagem que se pretende passar a respeito de si mesmo, ao leitor pretendido, ao veículo e mídia em que o texto ou produção cultural vai circular, ao contexto imediato e sócio-histórico mais geral, ao gênero textual em questão e suas regularidades, à variedade linguística apropriada a esse contexto e ao uso do conhecimento dos aspectos notacionais (ortografia padrão, pontuação adequada, mecanismos, de concordância nominal e verbal, regência verbal etc.), sempre que o contexto o exigir. Agrupamento 6 – EM2 Competências Específicas da Área: 1. Compreender o funcionamento das diferentes verbais) e mobilizar esses conhecimentos de atuação social e nas diversas mídias, e as possibilidades de explicação e interpretação 6. Apreciar esteticamente as mais diversas características locais, regionais e globais, para dar significado e (re) construir produções de maneira crítica e criativa, com respeito 3. Utilizar diferentes linguagens (artísticas, colaboração, protagonismo e autoria na vida defendendo pontos de vista que respeitem socioambiental e o consumo responsável, AGRUPAMENTO 6 – EM 2 Objetos",,"linguagens e práticas na recepção e produção para ampliar as formas de crítica da realidade produções artísticas e mobilizar seus conhecimentos autorais individuais e à diversidade de saberes, corporais e verbais) pessoal e coletiva, de forma o outro e promovam em âmbito local, regional Campos de Atuação Social: • Todos os campos de conhecimento",CURRICULO_REFERENCIA_MS_EM_V1_1,CURRICULO_COMPLETO,CURRICULO_REFERENCIA_MS_EM_V1_1,223
EM,EM2,CURRICULAR,Língua Portuguesa,LP,MS.EM13LP1353,"Produzir apresentações e comentários apreciativos e críticos AGRUPAMENTO 2 – EM 2 Objetos sobre livros, filmes, discos, canções, espetáculos de teatro e dança, exposições etc. (resenhas, vlogs e podcasts literários e artísticos, playlists comentadas, fanzines, ezines etc.). Agrupamento 3 – EM2 Competências Específicas da Área: 1. Compreender o funcionamento das diferentes verbais) e mobilizar esses conhecimentos de atuação social e nas diversas mídias, e as possibilidades de explicação e interpretação 6. Apreciar esteticamente as mais diversas características locais, regionais e globais, para dar significado e (re) construir produções de maneira crítica e criativa, com respeito 3. Utilizar diferentes linguagens (artísticas, colaboração, protagonismo e autoria na vida defendendo pontos de vista que respeitem socioambiental e o consumo responsável, 7. Mobilizar práticas de linguagem no universo criativas, éticas e estéticas, para expandir autorais e coletivas e de aprender a aprender vida pessoal coletiva. AGRUPAMENTO 3 – EM 2 Objetos",,"Campos de Atuação Social: • Artístico-literário; • Práticas de estudo de conhecimento linguagens e práticas na recepção e produção para ampliar as formas de crítica da realidade produções artísticas e mobilizar seus conhecimentos autorais individuais e à diversidade de saberes, corporais e verbais) pessoal e coletiva, de forma o outro e promovam em âmbito local, regional digital, considerando as formas de produzir sentidos, nos campos da ciência, Campos de Atuação Social: • Artístico-literário; • Práticas de estudo de conhecimento",CURRICULO_REFERENCIA_MS_EM_V1_1,CURRICULO_COMPLETO,CURRICULO_REFERENCIA_MS_EM_V1_1,216
EM,EM2,CURRICULAR,Língua Portuguesa,LP,MS.EM13LP1353,"Produzir apresentações e comentários apreciativos e críticos sobre livros, filmes, discos, canções, espetáculos de teatro e dança, exposições etc. (resenhas, vlogs e podcasts literários e artísticos, playlists comentadas, fanzines, e-zines etc.). 5.3.3. Língua Portuguesa – 3º Ano Agrupamento 1 – EM3 Competências Específicas da Área: 7. Mobilizar práticas de linguagem no universo criativas, éticas e estéticas, para expandir autorais e coletivas, e de aprender a aprender vida pessoal e coletiva. 3. Utilizar diferentes linguagens (artísticas, colaboração, protagonismo e autoria na vida defendendo pontos de vista que respeitem socioambiental e o consumo responsável,",,"do Ensino Médio digital, considerando as formas de produzir nos campos da ciência, corporais e verbais) pessoal e coletiva, de forma o outro e promovam em âmbito local, regional",CURRICULO_REFERENCIA_MS_EM_V1_1,CURRICULO_COMPLETO,CURRICULO_REFERENCIA_MS_EM_V1_1,225
EM,EM2,CURRICULAR,Língua Portuguesa,LP,MS.EM13LP1416,"Produzir e analisar textos orais, considerando sua adequação aos contextos de produção, à forma composicional e ao estilo do gênero em questão, à clareza, à progressão temática e à variedade linguística empregada, como também aos elementos relacionados à fala (modulação de voz, entonação, ritmo, altura e intensidade, respiração etc.) e à cinestesia (postura corporal, movimentos e gestualidade significativa, expressão facial, contato de olho com plateia etc.). Agrupamento 2 – EM2 Competências Específicas da Área: 1. Compreender o funcionamento das diferentes verbais) e mobilizar esses conhecimentos de atuação social e nas diversas mídias, e as possibilidades de explicação e interpretação 2. Compreender os processos identitários, de linguagem, respeitando as diversidades base em princípios e valores assentados exercitando o autoconhecimento, a empatia, combatendo preconceitos de qualquer natureza. 3. Utilizar diferentes linguagens (artísticas, colaboração, protagonismo e autoria na vida defendendo pontos de vista que respeitem socioambiental e o consumo responsável, AGRUPAMENTO 2 – EM 2 Objetos",,"linguagens e práticas na recepção e produção para ampliar as formas de crítica da realidade conflitos e relações de poder e a pluralidade de ideias na democracia, na igualdade o diálogo, a resolução corporais e verbais) pessoal e coletiva, de forma o outro e promovam em âmbito local, regional Campos de Atuação Social: • Artístico-literário; • Práticas de estudo de conhecimento",CURRICULO_REFERENCIA_MS_EM_V1_1,CURRICULO_COMPLETO,CURRICULO_REFERENCIA_MS_EM_V1_1,215
EM,EM2,CURRICULAR,Língua Portuguesa,LP,MS.EM13LP1649,"Perceber as Obras pautadas peculiaridades estruturais e características estilísticas de diferentes gêneros clássicos literários (a apreensãopessoal do perfeição cotidiano nas crônicas, a poéticas e manifestação livre e subjetiva do eu lírico diante do mundo nos Produções poemas, a múltipla perspectiva da culturais do vida humana e social dos XIX: aspectos romances, a dimensão política e estéticos, social de textos da literatura características marginal e da periferia etc.) para regionais experimentar os diferentes ângulos de apreensão do indivíduo e do Peculiaridades mundo pela literatura. estilísticas gêneros literários:",,"em Pesquisa e dos valores as relações como a busca da produção, das formas concepções no rigor estético; produção artísticas e Observação final do século estilística formal éticos, as mais diversas sociais e políticos, análise de locais, possível reconhecer e globais; considerando produção, estruturais e de diferentes de escolhas com o verbal.",CURRICULO_REFERENCIA_MS_EM_V1_1,CURRICULO_COMPLETO,CURRICULO_REFERENCIA_MS_EM_V1_1,224
EM,EM2,CURRICULAR,Língua Portuguesa,LP,MS.EM13LP201,"Relacionar o Processos texto, tanto na produção como na textos (orais, leitura/escuta, com suas condições multissemióticos: de produção e seu contexto sóciode produção, histórico de circulação recepção (leitor/audiência previstos, diferentes objetivos, pontos de vista e campo jornalísticoperspectivas, papel social do autor, midiático); época, gênero do discurso etc.), de forma a ampliar as possibilidades Novos gêneros: de construção de sentidos e de práticas da análise crítica e produzir textos impactos adequados a diferentes situações. Tecnologias Informação da Web 2.0; AGRUPAMENTO 5 – EM 2 Objetos curadoria aspectos",,"de produção de Leitura, escuta escritos e gêneros do contexto contexto de circulação e interesses de textos de impactos das gêneros, do e Comunicação réplica, assumindo Discussão mídias e de disseminação cultura digital; sobre as causas das novas partir de comentários Digitais de para realizar e Comunicação e réplica; Campos de Atuação Social: • Todos os campos de conhecimento de informação; notacionais da",CURRICULO_REFERENCIA_MS_EM_V1_1,CURRICULO_COMPLETO,CURRICULO_REFERENCIA_MS_EM_V1_1,222
EM,EM2,CURRICULAR,Língua Portuguesa,LP,MS.EM13LP2329,"citações em Resumir e resenhar textos, por resenhas. meio do uso de paráfrases, de marcas do discurso reportado e de citações, para uso em textos de divulgação de estudos e pesquisas.",,resumos e desenvolvendo produzidos comunidade,CURRICULO_REFERENCIA_MS_EM_V1_1,CURRICULO_COMPLETO,CURRICULO_REFERENCIA_MS_EM_V1_1,216
EM,EM2,CURRICULAR,Língua Portuguesa,LP,MS.EM13LP236,"Analisar os língua, condições interesses que movem o campo mecanismos jornalístico, os impactos das novas disseminação tecnologias digitais de informação e comunicação e da Web 2.0 no campo e as condições que fazem da informação uma mercadoria e da checagem de informação uma prática (e um serviço) essencial, adotando atitude analítica e crítica diante dos textos jornalísticos.",,"e Planejamento de multimodais, de fake news. multissemióticos, forma crítica flexível que quando se concebidas.",CURRICULO_REFERENCIA_MS_EM_V1_1,CURRICULO_COMPLETO,CURRICULO_REFERENCIA_MS_EM_V1_1,223
EM,EM2,CURRICULAR,Língua Portuguesa,LP,MS.EM13LP237,"Conhecer e Projetos editoriais analisar diferentes projetos institucionais, editoriais – institucionais, privados, públicos, públicos, financiados, independentes: independentes etc. –, de forma a produção, ampliar o repertório de escolhas recepção possíveis de fontes de informação parcialidade e opinião, reconhecendo o papel imparcialidade; da mídia plural para a consolidação da democracia. Práticas de atenta, turno",,"– Leitura crítica privados, midiático, financiados, abordem o contexto de estratégias circulação e público-alvo, de textos, graus de linguísticos, e a consolidação Estudo comparativo oralidade: escuta imparcialidade e tempo de do mesmo",CURRICULO_REFERENCIA_MS_EM_V1_1,CURRICULO_COMPLETO,CURRICULO_REFERENCIA_MS_EM_V1_1,220
EM,EM2,CURRICULAR,Língua Portuguesa,LP,MS.EM13LP2740,"Analisar o fenômeno da pós-verdade - discutindo as condições e os mecanismos de disseminação de fake news e também exemplos, causas e consequências desse fenômeno e da prevalência de crenças e opiniões sobre fatos -, de forma a adotar atitude crítica em relação ao fenômeno e desenvolver uma postura flexível que permita rever crenças e opiniões quando fatos apurados as contradisserem.",,,CURRICULO_REFERENCIA_MS_EM_V1_1,CURRICULO_COMPLETO,CURRICULO_REFERENCIA_MS_EM_V1_1,223
EM,EM2,CURRICULAR,Língua Portuguesa,LP,MS.EM13LP333,"Selecionar, Processos elaborar e utilizar instrumentos de busca de coleta de dados e informações universo (questionários, enquetes, mapeamentos, opinários) e de tratamento e análise dos conteúdos obtidos, que atendam adequadamente a diferentes objetivos de pesquisa.",,"de pesquisa e de ferramentas informações no distribuição digital. Criação de literária O contexto de ao momento com a realidade cenário, os de poder da",CURRICULO_REFERENCIA_MS_EM_V1_1,CURRICULO_COMPLETO,CURRICULO_REFERENCIA_MS_EM_V1_1,219
EM,EM2,CURRICULAR,Língua Portuguesa,LP,MS.EM13LP409,"Gramática Comparar o tratamento dado pela contemporânea: gramática tradicional e pelas poder, aspectos gramáticas de uso contemporâneas e processo em relação a diferentes tópicos de algumas gramaticais, de forma a perceber as marginalização diferenças de abordagem e o Variações fenômeno da variação linguística e (fonética, analisar motivações que levam ao morfossintática) predomínio do ensino da normasituação comunicativa padrão na escola. diferentes",,"tradicional e Investigação relações de gramáticas ideológicos comparação de valorização fonético-fonológicas, variedades e conceitos de outras; categorias de promover linguísticas português lexical, alinhadas à Estações de em grupos, com discursos e entre a gramática",CURRICULO_REFERENCIA_MS_EM_V1_1,CURRICULO_COMPLETO,CURRICULO_REFERENCIA_MS_EM_V1_1,214
EM,EM2,CURRICULAR,Língua Portuguesa,LP,MS.EM13LP410,"contextos; Analisar o fenômeno da variação Preconceito linguística, em seus diferentes Marcadores níveis (variações fonéticopráticas de fonológica, lexical, sintática, semântica e estilístico-pragmática) Apresentações e em suas diferentes dimensões apoio de (regional, histórica, social, digitais. situacional, ocupacional, etária etc.), de forma a ampliar a compreensão sobre a natureza viva e dinâmica da língua e sobre o fenômeno da constituição de variedades linguísticas de prestígio e estigmatizadas, e a fundamentar o respeito às variedades AGRUPAMENTO 1 – EM 2 Objetos linguísticas e o combate a preconceitos linguísticos.",,"contemporânea. linguístico e Discussão sociais nas ideológicos linguagem; língua e marginalizam importância orais com comunicativa ferramentas linguístico. Elaboração variação linguística, ferramentas Power Point, informações de organização, Campos de Atuação Social: • Todos os campos de conhecimento",CURRICULO_REFERENCIA_MS_EM_V1_1,CURRICULO_COMPLETO,CURRICULO_REFERENCIA_MS_EM_V1_1,214
EM,EM2,CURRICULAR,Língua Portuguesa,LP,MS.EM13LP650,"Analisar relações estéticos, intertextuais e interdiscursivas linguagem entre obras de diferentes autores e objetivismo gêneros literários de um mesmo momento histórico e de momentos Ambiguidade históricos diversos, explorando os subentendidos, modos como a literatura e as artes AGRUPAMENTO 3 – EM 2 Objetos em geral se constituem, dialogam e intertextualidade se retroalimentam. na construção",,"literatura e sociais e políticos, se retroalimentam. impessoal e científico. Discussão posterior sistematização, e Pesquisa e explorando empregada, Campos de Atuação Social: • Artístico-literário; • Práticas de estudo de conhecimento e polifonia explícitas, de sentido; gênero em das fontes",CURRICULO_REFERENCIA_MS_EM_V1_1,CURRICULO_COMPLETO,CURRICULO_REFERENCIA_MS_EM_V1_1,218
EM,EM2,CURRICULAR,Língua Portuguesa,LP,MS.EM13LP730,"Realizar pesquisas de diferentes tipos (bibliográfica, de campo, experimento científico, levantamento de dados etc.), usando fontes abertas e confiáveis, registrando o processo e comunicando os resultados, tendo em vista os objetivos pretendidos e demais elementos do contexto de produção, como forma de compreender como o conhecimento científico é produzido e apropriar-se dos procedimentos e dos gêneros textuais envolvidos na realização de pesquisas.",,"Os textos e/ou jornal outros. Nesta resiliência autoconfiança reescrita de outro, de forma significativos conhecimento.",CURRICULO_REFERENCIA_MS_EM_V1_1,CURRICULO_COMPLETO,CURRICULO_REFERENCIA_MS_EM_V1_1,219
EM,EM2,CURRICULAR,Língua Portuguesa,LP,MS.EM13LP735,"Utilizar adequadamente ferramentas de apoio a apresentações orais, escolhendo e usando tipos e tamanhos de fontes que permitam boa visualização, topicalizando e/ou organizando o conteúdo em itens, inserindo de forma adequada imagens, gráficos, tabelas, formas e elementos gráficos, dimensionando a quantidade de texto e imagem por slide e usando, de forma harmônica, recursos (efeitos de transição, slides mestres, layouts personalizados, gravação de áudios em slides etc.).",,,CURRICULO_REFERENCIA_MS_EM_V1_1,CURRICULO_COMPLETO,CURRICULO_REFERENCIA_MS_EM_V1_1,215
EM,EM3,CURRICULAR,Língua Portuguesa,LP,MS.EM13LP102,"Estabelecer relações entre as partes do texto, tanto na produção como na leitura/escuta, considerando a construção composicional e o estilo do gênero, usando/reconhecendo adequadamente elementos e recursos coesivos diversos que contribuam para a coerência, a continuidade do texto e sua progressão temática, e organizando informações, tendo em vista as condições de produção e as relações lógico-discursivas AGRUPAMENTO 6 – EM 3 Objetos envolvidas (causa/efeito ou consequência; tese/argumentos; problema/solução; definição/exemplos etc.).",,"construções Seleção de fontes confiáveis um blogue criticamente, contemporâneos, recursos persuasivos as posições de trato com manipulação Campos de Atuação Social: • Todos os campos de conhecimento",CURRICULO_REFERENCIA_MS_EM_V1_1,CURRICULO_COMPLETO,CURRICULO_REFERENCIA_MS_EM_V1_1,236
EM,EM3,CURRICULAR,Língua Portuguesa,LP,MS.EM13LP124,"Analisar formas não institucionalizadas de participação social, sobretudo as vinculadas a manifestações artísticas, produções culturais, intervenções urbanas e formas de expressão típica das culturas juvenis que pretendam expor uma problemática ou promover uma reflexão/ação, posicionando-se em relação a essas produções e manifestações.",,,CURRICULO_REFERENCIA_MS_EM_V1_1,CURRICULO_COMPLETO,CURRICULO_REFERENCIA_MS_EM_V1_1,233
EM,EM3,CURRICULAR,Língua Portuguesa,LP,MS.EM13LP1252,"Analisar obras Aspectos significativas das literaturas sociais e políticos brasileiras e de outros países e e produções povos, em especial a portuguesa, a culturais locais, indígena, a africana e a latinoglobais; americana, com base em Condições ferramentas da crítica literária circulação (estrutura da composição, estilo, textos da aspectos discursivos) ou outros caracterizados critérios relacionados a diferentes fragmentação, matrizes culturais, considerando o blague, ironia, contexto de produção (visões de do passado mundo, diálogos com outros cultural, pelo textos, inserções em movimentos nacionalismo, estéticos e culturais etc.) e o modo cotidiano, como dialogam com o presente. versos livres.",,"éticos, estéticos, Leitura e análise em textos Modernismo artísticas e outros países regionais e crítica literária, aspectos discursivos diferentes de produção, e recepção de Discussão Literatura Brasileira brasileira, pela americana, síntese, ideologias revisão crítica considerando histórico e argumentações humor, criticamente, relato do necessários. subjetivismo e Criação de mídias, mediante",CURRICULO_REFERENCIA_MS_EM_V1_1,CURRICULO_COMPLETO,CURRICULO_REFERENCIA_MS_EM_V1_1,230
EM,EM3,CURRICULAR,Língua Portuguesa,LP,MS.EM13LP1252,"Analisar obras culturais; significativas das literaturas locais, regionais brasileiras e de outros países e Hibridização povos, em especial a portuguesa, a com a arte indígena, a africana e a latinohistórica, americana, com base em sociais e urbanos, ferramentas da crítica literária intimista, (estrutura da composição, estilo, concreta aspectos discursivos) ou outros retomada critérios relacionados a diferentes matrizes culturais, considerando o Variedades contexto de produção (visões de língua portuguesa mundo, diálogos com outros diversas línguas textos, inserções em movimentos Mato Grosso estéticos e culturais etc.) e o modo como dialogam com o presente. Produção em diferentes AGRUPAMENTO 5 – EM 3 Objetos",,"características envolve a e globais; multimodais, estabelecer da arte erudita compreensão popular, prosa formas de marcada por temas poesia Apreciação como a visual, culturais de e marginal, preconceito do regionalismo; língua, presentes enfatizando linguísticas da indígenas e as conhecer faladas em do Sul; Produção ou coletiva. de obras autorais hiperconto, gêneros do possível aproveitar Campos de Atuação Social: • Campo artístico-literário; • Vida pública. de conhecimento",CURRICULO_REFERENCIA_MS_EM_V1_1,CURRICULO_COMPLETO,CURRICULO_REFERENCIA_MS_EM_V1_1,234
EM,EM3,CURRICULAR,Língua Portuguesa,LP,MS.EM13LP1252,"Analisar obras problemas significativas das literaturas Obras fundamentadas brasileiras e de outros países e temas como povos, em especial a portuguesa, a inovações indígena, a africana e a latinoindustrialização americana, com base em temas da ferramentas da crítica literária experimentações (estrutura da composição, estilo, e estilos como aspectos discursivos) ou outros AGRUPAMENTO 2 – EM 3 Objetos critérios relacionados a diferentes fortes e contrastes. matrizes culturais, considerando o contexto de produção (visões de mundo, diálogos com outros textos, inserções em movimentos estéticos e culturais etc.) e o modo como dialogam com o presente Agrupamento 3 – EM3 Competências Específicas da Área: 1. Compreender o funcionamento das diferentes verbais) e mobilizar esses conhecimentos de atuação social e nas diversas mídias, e as possibilidades de explicação e interpretação 2. Compreender os processos identitários, de linguagem, respeitando as diversidades base em princípios e valores assentados exercitando o autoconhecimento, a empatia, combatendo preconceitos de qualquer natureza. 3. Utilizar diferentes linguagens (artísticas, colaboração, protagonismo e autoria na vida defendendo pontos de vista que respeitem socioambiental e o consumo responsável, 6. Apreciar esteticamente as mais diversas características locais, regionais e globais, para dar significado e (re) construir produções de maneira crítica e criativa, com respeito AGRUPAMENTO 3 – EM 3 Objetos",,"sociais; Contextualização em artísticas, valorização das produção, trazidas pela movimentos e tecnologia; vida urbana; É possível, de técnicas novas experiências uso de cores de análise, de improvisos Campos de Atuação Social: • Artístico-literário. de conhecimento representam culturais ocorridos veiculação de leitura, de promover criações autorais artísticas. linguagens e práticas na recepção e produção para ampliar as formas de crítica da realidade conflitos e relações de poder e a pluralidade de ideias na democracia, na igualdade o diálogo, a resolução corporais e verbais) pessoal e coletiva, de forma o outro e promovam em âmbito local, regional produções artísticas e mobilizar seus conhecimentos autorais individuais e à diversidade de saberes, Campos de Atuação Social: • Artístico-literário; • Atuação social. de conhecimento",CURRICULO_REFERENCIA_MS_EM_V1_1,CURRICULO_COMPLETO,CURRICULO_REFERENCIA_MS_EM_V1_1,228
EM,EM3,CURRICULAR,Língua Portuguesa,LP,MS.EM13LP126,"Relacionar textos Textos legais e documentos legais e normativos contexto de âmbito universal, nacional, local circulação ou escolar que envolvam a textos do definição de direitos e deveres - na vida pública; em especial, os voltados a Curadoria adolescentes e jovens - aos seus réplica; comparação contextos de produção, textos noticiosos identificando ou inferindo possíveis mesmo fato, motivações e finalidades, como fontes. forma de ampliar a compreensão dessesdireitos e deveres.",,"e normativos: Leitura comparativa de produção, direcionados e recepção de debate sobre campo de atuação que os estudantes hipóteses considerando de informação; de circulação. de sobre um Pesquisa sobre em diferentes Grêmio Estudantil posterior reflexão finalidade sociedade, questões que",CURRICULO_REFERENCIA_MS_EM_V1_1,CURRICULO_COMPLETO,CURRICULO_REFERENCIA_MS_EM_V1_1,232
EM,EM3,CURRICULAR,Língua Portuguesa,LP,MS.EM13LP1354,"Criar obras autorais, em diferentes gêneros e mídias – mediante seleção e apropriação de recursos textuais e expressivos do repertório artístico – , e/ou produções derivadas (paródias, estilizações, fanfics, fanclipes etc.), como forma de dialogar crítica e/ou subjetivamente com o texto literário.",,,CURRICULO_REFERENCIA_MS_EM_V1_1,CURRICULO_COMPLETO,CURRICULO_REFERENCIA_MS_EM_V1_1,231
EM,EM3,CURRICULAR,Língua Portuguesa,LP,MS.EM13LP1354,"Criar obras campo artístico-literário: autorais, em diferentes gêneros e efeitos de mídias – mediante seleção e linguísticos apropriação de recursos textuais e multissemióticos; expressivos do repertório artístico – e circulação , e/ou produções derivadas digital. (paródias, estilizações, fanfics, fanclipes etc.), como forma de dialogar crítica e/ou subjetivamente com o texto literário.",,"tecnologias: sentido, recursos hiperlinks, e Os hipercontos apreciação da escola na cultura interesses artístico-literárias,",CURRICULO_REFERENCIA_MS_EM_V1_1,CURRICULO_COMPLETO,CURRICULO_REFERENCIA_MS_EM_V1_1,235
EM,EM3,CURRICULAR,Língua Portuguesa,LP,MS.EM13LP1648,"Identificar Aspectos assimilações, rupturas e sociais e políticos permanências no processo de e produções constituição da Literatura Brasileira culturais; e, ao longo de sua trajetória, por locais, regionais meio da leitura e análise de obras Relações fundamentais do cânone ocidental, literários, em especial da literatura assimilações portuguesa, para perceber a quanto a historicidade de matrizes e procedimentos procedimentos estéticos. investigação",,"éticos, estéticos, Leitura crítica em textos peculiaridades artísticas e período pré-modernista, características da Semana e globais; diferentes do indivíduo entre textos possibilidades com foco em apreciação e rupturas temas e articulando estéticos; textos literários e denúncia dos inferidos nos",CURRICULO_REFERENCIA_MS_EM_V1_1,CURRICULO_COMPLETO,CURRICULO_REFERENCIA_MS_EM_V1_1,228
EM,EM3,CURRICULAR,Língua Portuguesa,LP,MS.EM13LP1712,"Selecionar Contextos informações, dados e argumentos circulação em fontes confiáveis, impressas e discursos digitais, e utilizá-los de forma com finalidade referenciada, para que o texto a ser Construção produzido tenha um nível de estilo; elementos aprofundamento adequado (para coesão e além do senso comum) e contemple a sustentação das Relações posições defendidas. intertextualidade interdiscursividade;",,"de produção, Pesquisa, e recepção de discursos da esfera política, Leitura compartilhada persuasiva; observando produção composicional; gênero discursivo, coesivos; composição coerência; Análise crítica de momentos e programas réplica;",CURRICULO_REFERENCIA_MS_EM_V1_1,CURRICULO_COMPLETO,CURRICULO_REFERENCIA_MS_EM_V1_1,236
EM,EM3,CURRICULAR,Língua Portuguesa,LP,MS.EM13LP1723,"Analisar criticamente o histórico e o processos discurso político de candidatos, informação propagandas políticas, políticas digital e não públicas, programas e propostas de governo, de forma a participar do debate político e tomar decisões conscientes e fundamentadas.",,"desenvolvimento explorando de curadoria de as condições em ambiente foi construído digital. Reconhecimento do texto como paráfrases, jogos de palavras,",CURRICULO_REFERENCIA_MS_EM_V1_1,CURRICULO_COMPLETO,CURRICULO_REFERENCIA_MS_EM_V1_1,236
EM,EM3,CURRICULAR,Língua Portuguesa,LP,MS.EM13LP2320,"Compartilhar gostos, interesses, práticas culturais, temas/ problemas/questões que despertam maior interesse ou preocupação, respeitando e valorizando diferenças, como forma de identificar afinidades e interesses comuns, como também de organizar e/ou participar de grupos, clubes, oficinas e afins. Agrupamento 6 – EM3 Competências Específicas da Área: 1. Compreender o funcionamento das diferentes verbais) e mobilizar esses conhecimentos de atuação social e nas diversas mídias, e as possibilidades de explicação e interpretação 7. Mobilizar práticas de linguagem no universo criativas, éticas e estéticas, para expandir autorais e coletivas, e de aprender a aprender vida pessoal e coletiva. AGRUPAMENTO 6 – EM 3 Objetos",,"linguagens e práticas na recepção e produção para ampliar as formas de crítica da realidade digital, considerando as formas de produzir nos campos da ciência, Campos de Atuação Social: • Todos os campos de conhecimento",CURRICULO_REFERENCIA_MS_EM_V1_1,CURRICULO_COMPLETO,CURRICULO_REFERENCIA_MS_EM_V1_1,235
EM,EM3,CURRICULAR,Língua Portuguesa,LP,MS.EM13LP242,"Acompanhar, analisar e discutir a cobertura da mídia diante de acontecimentos e questões de relevância social, local e global, comparando diferentes enfoques e perspectivas, por meio do uso de ferramentas de curadoria (como agregadores de conteúdo) e da consulta a serviços e fontes de checagem e curadoria de informação, de forma a aprofundar o entendimento sobre um determinado fato ou questão, AGRUPAMENTO 4 – EM 3 Objetos identificar o enfoque preponderante da mídia e manterse implicado, de forma crítica, com os fatos e as questões que afetam a coletividade.",,"questões que Criação de participação promovendo Organização com o objetivo coletividade, democráticos Campos de Atuação Social: • Vida pública; • Jornalístico-midiático. de conhecimento",CURRICULO_REFERENCIA_MS_EM_V1_1,CURRICULO_COMPLETO,CURRICULO_REFERENCIA_MS_EM_V1_1,232
EM,EM3,CURRICULAR,Língua Portuguesa,LP,MS.EM13LP305,"Analisar, em textos argumentativos, os posicionamentos assumidos, os movimentos argumentativos AGRUPAMENTO 3 – EM 3 Objetos (sustentação, refutação/contra- Operadores argumentação e negociação) e os na construção argumentos utilizados para sustentá-los, para avaliar sua força e eficácia, e posicionar-se criticamente diante da questão discutida e/ou dos argumentos utilizados, recorrendo aos mecanismos linguísticos necessários.",,"textuais e produções fanfics,fanclipes Campos de Atuação Social: • Artístico-literário; • Atuação social. de conhecimento argumentativos crítica ou subjetivamente dos sentidos. Reconhecimento textos dos técnicas para Promoção audições, rodas e clubes autoria dos",CURRICULO_REFERENCIA_MS_EM_V1_1,CURRICULO_COMPLETO,CURRICULO_REFERENCIA_MS_EM_V1_1,230
EM,EM3,CURRICULAR,Língua Portuguesa,LP,MS.EM13LP319,"Apresentar-se por meio de textos multimodais diversos (perfis variados, gifs biográficos, biodata, currículo web, videocurrículo etc.) e de ferramentas digitais (ferramenta de gif, wiki, sites etc.), para falar de si mesmo de formas variadas, considerando diferentes situações e objetivos. Agrupamento 2 – EM3 Competências Específicas da Área: 1. Compreender o funcionamento das diferentes verbais) e mobilizar esses conhecimentos de atuação social e nas diversas mídias, e as possibilidades de explicação e interpretação 6. Apreciar esteticamente as mais diversas características locais, regionais e globais, para dar significado e (re) construir produções de maneira crítica e criativa, com respeito 3. Utilizar diferentes linguagens (artísticas, colaboração, protagonismo e autoria na vida defendendo pontos de vista que respeitem socioambiental e o consumo responsável, 2. Compreender os processos identitários, de linguagem, respeitando as diversidades base em princípios e valores assentados exercitando o autoconhecimento, a empatia, combatendo preconceitos de qualquer natureza. AGRUPAMENTO 2 – EM 3 Objetos",,"linguagens e práticas na recepção e produção para ampliar as formas de crítica da realidade produções artísticas e mobilizar seus conhecimentos autorais individuais e à diversidade de saberes, corporais e verbais) pessoal e coletiva, de forma o outro e promovam em âmbito local, regional conflitos e relações de poder e a pluralidade de ideias na democracia, na igualdade o diálogo, a resolução Campos de Atuação Social: • Artístico-literário. de conhecimento",CURRICULO_REFERENCIA_MS_EM_V1_1,CURRICULO_COMPLETO,CURRICULO_REFERENCIA_MS_EM_V1_1,227
EM,EM3,CURRICULAR,Língua Portuguesa,LP,MS.EM13LP322,"Construir e/ou atualizar, de forma colaborativa, registros dinâmicos (mapas, wiki etc.) de profissões e ocupações de seu interesse (áreas de atuação, dados sobre formação, fazeres, produções, depoimentos de profissionais etc.) que possibilitem vislumbrar trajetórias pessoais e profissionais.",,"É possível, textos sobre atualidade, ambiente conteúdo contribuição assim, a interação da troca de",CURRICULO_REFERENCIA_MS_EM_V1_1,CURRICULO_COMPLETO,CURRICULO_REFERENCIA_MS_EM_V1_1,227
EM,EM3,CURRICULAR,Língua Portuguesa,LP,MS.EM13LP327,"Engajar-se na busca de solução para problemas que envolvam a coletividade, denunciando o desrespeito a direitos, organizando e/ou participando de discussões, campanhas e debates, produzindo textos reivindicatórios, normativos, entre outras possibilidades, como forma de fomentar os princípios democráticos e uma atuação pautada pela ética da responsabilidade, pelo consumo consciente e pela consciência socioambiental. Agrupamento 5 – EM3 Competências Específicas da Área: 3. Utilizar diferentes linguagens (artísticas, colaboração, protagonismo e autoria na vida defendendo pontos de vista que respeitem socioambiental e o consumo responsável, 1. Compreender o funcionamento das diferentes verbais) e mobilizar esses conhecimentos de atuação social e nas diversas mídias, e as possibilidades de explicação e interpretação 2. Compreender os processos identitários, de linguagem, respeitando as diversidades base em princípios e valores assentados exercitando o autoconhecimento, a empatia, combatendo preconceitos de qualquer natureza. AGRUPAMENTO 5 – EM 3 Objetos",,"corporais e verbais) pessoal e coletiva, de forma o outro e promovam em âmbito local, regional linguagens e práticas na recepção e produção para ampliar as formas de crítica da realidade conflitos e relações de poder e a pluralidade de ideias na democracia, na igualdade o diálogo, a resolução Campos de Atuação Social: • Campo artístico-literário; • Vida pública. de conhecimento",CURRICULO_REFERENCIA_MS_EM_V1_1,CURRICULO_COMPLETO,CURRICULO_REFERENCIA_MS_EM_V1_1,233
EM,EM3,CURRICULAR,Língua Portuguesa,LP,MS.EM13LP351,"Selecionar obras Obras do do repertório artístico-literário literatura contemporâneo à disposição, brasileira, segundo suas predileções, de indígena, modo a constituir um acervo americana; pessoal e dele se apropriar para se Aspectos inserir e intervir com autonomia e sociais e políticos criticidade no meio cultural. e produções",,"repertório da Seleção de contemporânea contemporâneo portuguesa, acervo pessoal, africana e latinoqual o leitor inserir-se, cultural. éticos, estéticos, em textos Análise de artísticas e observando",CURRICULO_REFERENCIA_MS_EM_V1_1,CURRICULO_COMPLETO,CURRICULO_REFERENCIA_MS_EM_V1_1,234
EM,EM3,CURRICULAR,Língua Portuguesa,LP,MS.EM13LP3647,"Participar de eventos (saraus, competições orais, audições, mostras, festivais, feiras culturais e literárias, rodas e clubes de leitura, cooperativas culturais, jograis, repentes, slams etc.), inclusive para socializar obras da própria autoria (poemas, contos e suas variedades, roteiros e microrroteiros, videominutos, playlists comentadas de música etc.) e/ou interpretar obras de outros, inserindo-se nas diferentes práticas culturais de seu tempo. Agrupamento 4 – EM3 Competências Específicas da Área: 1. Compreender o funcionamento das diferentes verbais) e mobilizar esses conhecimentos de atuação social e nas diversas mídias, e as possibilidades de explicação e interpretação 2. Compreender os processos identitários, de linguagem, respeitando as diversidades base em princípios e valores assentados exercitando o autoconhecimento, a empatia, combatendo preconceitos de qualquer natureza. 3. Utilizar diferentes linguagens (artísticas, colaboração, protagonismo e autoria na vida defendendo pontos de vista que respeitem socioambiental e o consumo responsável, AGRUPAMENTO 4 – EM 3 Objetos",,"linguagens e práticas na recepção e produção para ampliar as formas de crítica da realidade conflitos e relações de poder e a pluralidade de ideias na democracia, na igualdade o diálogo, a resolução corporais e verbais) pessoal e coletiva, de forma o outro e promovam em âmbito local, regional Campos de Atuação Social: • Vida pública; • Jornalístico-midiático. de conhecimento",CURRICULO_REFERENCIA_MS_EM_V1_1,CURRICULO_COMPLETO,CURRICULO_REFERENCIA_MS_EM_V1_1,231
EM,EM3,CURRICULAR,Língua Portuguesa,LP,MS.EM13LP718,"Utilizar softwares gestualidade de edição de textos, fotos, vídeos e construção áudios, além de ferramentas e ambientes colaborativos para criar Apreciação textos e produções curadoria multissemióticas com finalidades posicionamento diversas, explorando os recursos e recursos linguísticos efeitos disponíveis e apropriandomultissemióticos. se de práticas colaborativas de escrita, de construção coletiva do conhecimento e de desenvolvimento de projetos. AGRUPAMENTO 1 – EM 3 Objetos",,"etc.), na com o verbal. de sentidos. Análise de e réplica; textos, bem de informação; informal da crítico; e Elaboração apresentação, softwares sobre o gênero, interesse do muitas empresas Campos de Atuação Social: • Todos os campos de conhecimento Portanto, complemento",CURRICULO_REFERENCIA_MS_EM_V1_1,CURRICULO_COMPLETO,CURRICULO_REFERENCIA_MS_EM_V1_1,226
EM,EM3,CURRICULAR,Língua Portuguesa,LP,MS.EM13LP732,"Selecionar Tipos de informações e dados necessários éticos, estéticos; para uma dada pesquisa (sem produção, excedê-los) em diferentes fontes intencionalidade; (orais, impressas, digitais etc.) e alvo; comparar autonomamente esses conteúdos, levando em conta seus Processo contextos de produção, referências multissemióticos e índices de confiabilidade, e softwares percebendo coincidências, virtuais; complementaridades, contradições, erros ou imprecisões conceituais e Recursos de dados, de forma a compreender (morfológicos, e posicionar-se criticamente sobre multissemióticos esses conteúdos e estabelecer etc.), paralinguísticos recortes precisos. (entonação, cinésicos",,"currículos: aspectos Pesquisa, contexto de de profissões circulação; estudantes, públicoíndices de sobre processos objetivos pessoais, de edição de textos o mundo do em de cada um. e ambientes Leitura e análise variados, gifs da língua videocurrículo sintáticos), para apresentação (imagens contextos, resultantes ritmo etc.) e imagens, da (postura corporal, elementos",CURRICULO_REFERENCIA_MS_EM_V1_1,CURRICULO_COMPLETO,CURRICULO_REFERENCIA_MS_EM_V1_1,226
EM,EM3,CURRICULAR,Língua Portuguesa,LP,MS.EM13LP741,"Analisar os processos humanos e automáticos de curadoria que operam nas redes sociais e outros domínios da internet, comparando os feeds de diferentes páginas de redes sociais e discutindo os efeitos desses modelos de curadoria, de forma a ampliar as possibilidades de trato com o diferente e minimizar o efeito bolha e a manipulação de terceiros. 5.4. Matemática e suas Tecnologias No final do século XIX, a matemática, métodos, com a intenção de propor melhoria com outras ciências, suas aplicabilidades cotidiano. No século XX, por uma parte, aplicações práticas tinham pouco valor; destacava-se com a influência da orientação pedagógica considera relevante a ação de interação Discute-se também a aprendizagem com explicar, avaliar, discutir e criar. Diante disso, visa problematizar temáticas e estratégias a promover o protagonismo do estudante pensamento crítico, resolução de problemas Nesse contexto histórico, vários autores D’Ambrosio (1997), dentre outros, ressaltam do ensino e suas evidências de aprendizagem. não necessita de aplicação em alguma área aplicação da teoria em outras áreas do conhecimento relação dialógica à educação matemática, pesquisa interdisciplinar, com foco na estudantes do século XXI. No Currículo de Referência de Mato Grosso conformidade com a BNCC, organiza habilidades, priorizando o desenvolvimento pesquisa, a criatividade, a reflexão, a abstração, em diversos contextos, favorecendo a autonomia corresponsabilidade e sua atuação relevante democraticamente no uso da matemática (TDIC) e seu impacto na sociedade local Considerando a Resolução 10.814, de 10 a educação fiscal e a educação financeira amplo campo de investigação e mobilização como a economia, política, antropologia, situações financeira, gastos públicos e históricos, que vão além do ambiente potencialidade de ordem social na medida 13DUARTE, Newton. As pedagogias do ""aprender a aprender"" Educ. [online]. 2001, n.18, pp.35-40. ISSN 1413-2478. http://dx.doi.org/10.1590/S1413-24782001000300004. 14 APEL, Karl Otto. Ética e responsabilidade: o problema Instituto Piaget, 2007, pp. 209-258. Para Hans Jonas, a educação abrange essencialmente a capacidade de responsabilizar-se” tecnológica. Trad. Marijane Lisboa e Luiz Barros Montez. Rio sua participação no acompanhamento dos cotidiano. Este Currículo de Referência visa a uma privilegiar compartilhamentos de conhecimentos, contextualizações tanto na matemática quanto a desenvolver o raciocínio lógico/matemático Dessa forma, o ensino e a aprendizagem sistematizar e organizar o conhecimento, que se aplicam à realidade e novas compreensão da matemática. 5.4.1. Matemática e Suas Tecnologias Competências Específicas da Área: 1. Utilizar estratégias, conceitos e diversos contextos, sejam atividades Humanas, das questões socioeconômicas modo a contribuir para uma formação 2. Propor ou participar de ações decisões éticas e socialmente responsáveis, voltados a situações de saúde, sustentabilidade, trabalho, entre outros, mobilizando próprios da Matemática. 3. Utilizar estratégias, conceitos, construir modelos e resolver problemas resultados e a adequação das consistente. 4. Compreender e utilizar, com flexibilidade matemáticos (algébrico, geométrico, comunicação de resultados de problemas. 5. Investigar e estabelecer conjecturas matemáticas, empregando estratégias experimentações e diferentes demonstração cada vez mais formal",,"na educação básica, sofreu na compreensão dos e atividades experimentais com a influência da o uso da linguagem do “aprender a aprender”13, e reflexão do estudante base no desenvolvimento nasce a visão sociopolítica a serem trabalhadas em espaços na consolidação do conhecimento, matemáticos, bem como como Fiorentini (1995), a importância de compreender Alguns autores argumentam do conhecimento, e a matemática e da tecnologia, no contexto que fomenta aprendizagem criativa do Sul, a área de Matemática o ensino e a aprendizagem integral dos estudantes. a investigação, a formulação e a formação de na sociedade14, com e das Tecnologias Digitais e global. de março de 2016, do Conselho foram inseridas no Currículo de saberes, em diferentes dentre outras, com abordagem outras concepções envolvendo escolar, fortalecendo o em que permite ao estudante e algumas ilusões da assim chamada da passagem para a moral pós-convencional. tem um fim determinado como (JONAS, Hans. O princípio responsabilidade: de Janeiro: Contraponto – Ed. PUC-Rio, recursos arrecadados pelo relação dialógica entre bem como na vida real, com apoio e o pensamento computacional. da matemática apresentam com vistas à construção e descobertas na proposição – 1º ano do Ensino procedimentos matemáticos cotidianas, sejam ou tecnológicas, geral. para investigar desafios do com base na análise das implicações e articulando conceitos, definições e procedimentos em diversos contextos, soluções propostas, de e precisão, diferentes estatístico, computacional a respeito de diferentes e recursos, tecnologias, identificando na validação das referidas",CURRICULO_REFERENCIA_MS_EM_V1_1,CURRICULO_COMPLETO,CURRICULO_REFERENCIA_MS_EM_V1_1,237
EM,EM1,CURRICULAR,Matemática,MAT,MS.EM13MAT101,"Interpretar criticamente situações econômicas, sociais e fatos relativos às Ciências da Natureza que envolvam a variação de grandezas, pela análise dos gráficos das funções representadas e das taxas de variação, com ou sem apoio de tecnologias digitais.",Números e Álgebra,"Noções de Porcentagem; Funções: interpretação de gráficos e expressões algébricas; Sistemas e unidades de medida: leitura e conversão de unidades de grandezas diversas; Variação de grandezas: velocidade, concentração, taxas de crescimento ou decrescimento de populações, índices econômicos etc.",CURRICULO_REFERENCIA_MS_EM_V1_1,CURRICULO_COMPLETO,CURRICULO_REFERENCIA_MS_EM_V1_1,240
EM,EM1,CURRICULAR,Matemática,MAT,MS.EM13MAT103,"Interpretar e compreender textos científicos ou divulgados pelas mídias, que empregam unidades de medida de diferentes grandezas e as conversões possíveis entre elas, adotadas ou não pelo Sistema Internacional (SI), como as de armazenamento e velocidade de transferência de COMPONENTE dados, ligadas aos avanços tecnológicos.",Geometria e Medidas Eixo Temático,"Sistema Internacional de Medidas: principais unidades e conversões; Bases de sistemas de contagem (base decimal, base binária, base octal, base hexadecimal e base sexagesimal); CURRICULAR: MATEMÁTICA Principais unidades de armazenamento de dados na informática (bit, byte, kilobyte, megabyte, gigabyte e terabyte) e transferência de dados (Mbps, Kbps, Gbps).",CURRICULO_REFERENCIA_MS_EM_V1_1,CURRICULO_COMPLETO,CURRICULO_REFERENCIA_MS_EM_V1_1,245
EM,EM1,CURRICULAR,Matemática,MAT,MS.EM13MAT201,"Propor ou participar de ações adequadas às demandas da região, preferencialmente para sua comunidade, envolvendo medições e cálculos de perímetro, de área, de volume, de capacidade ou de massa. COMPONENTE",Geometria e Medidas Eixo Temático,"Polígonos regulares inscritos na circunferência; Área e perímetro de superfícies planas (quadrado unitário, quadrado, retângulo, paralelogramo, triângulo, losango, trapézio, hexágono, círculo, setor circular); CURRICULAR: MATEMÁTICA Aproximação e razão de semelhança de áreas; Volumes e capacidades; Sistema métrico decimal e unidades não convencionais.",CURRICULO_REFERENCIA_MS_EM_V1_1,CURRICULO_COMPLETO,CURRICULO_REFERENCIA_MS_EM_V1_1,244
EM,EM1,CURRICULAR,Matemática,MAT,MS.EM13MAT301,"Resolver e elaborar problemas do cotidiano, da Matemática e de outras áreas do conhecimento, que envolvem equações lineares simultâneas, usando técnicas algébricas e gráficas, com ou sem apoio de tecnologias digitais. COMPONENTE",Números e Álgebra Eixo Temático,Sistemas de equações lineares; Gráficos de funções lineares com uma ou duas variáveis. CURRICULAR: MATEMÁTICA,CURRICULO_REFERENCIA_MS_EM_V1_1,CURRICULO_COMPLETO,CURRICULO_REFERENCIA_MS_EM_V1_1,242
EM,EM1,CURRICULAR,Matemática,MAT,MS.EM13MAT302,"Construir modelos empregando as funções polinomiais de 1º ou 2º graus, para resolver problemas em contextos diversos, com ou sem apoio de tecnologias digitais.",Números e Álgebra,Função polinomial do 1° grau; Função polinomial do 2° grau; Variação entre grandezas (proporcionalidade e não proporcionalidade).,CURRICULO_REFERENCIA_MS_EM_V1_1,CURRICULO_COMPLETO,CURRICULO_REFERENCIA_MS_EM_V1_1,244
EM,EM1,CURRICULAR,Matemática,MAT,MS.EM13MAT310,"Resolver e elaborar problemas de contagem envolvendo agrupamentos ordenáveis ou não de elementos, por meio dos princípios multiplicativo e aditivo, recorrendo a estratégias diversas, como o diagrama de árvore. Matemática e Suas Tecnologias Específicas da Utilizar estratégias, conceitos diversos contextos, sejam Humanas, das questões socioeconômicas modo a contribuir para uma Propor ou participar de ações decisões éticas e socialmente voltados a situações de saúde, trabalho, entre outros, mobilizando próprios da Matemática. Utilizar estratégias, conceitos, construir modelos e resolver resultados e a adequação consistente. Compreender e utilizar, com matemáticos (algébrico, geométrico, comunicação de resultados Investigar e estabelecer matemáticas, empregando experimentações e diferentes demonstração cada vez mais",Probabilidade e Estatística 5.4.2. Competências 1. 2. 3. 4. 5.,"Noções de combinatória: agrupamentos ordenados (arranjos) e não ordenáveis (combinações); Princípio multiplicativo e princípio aditivo; Modelos para contagem de dados: diagrama de árvore, listas, esquemas, desenhos. – 2º ano do Área: e procedimentos matemáticos atividades cotidianas, ou tecnológicas, formação geral. para investigar desafios responsáveis, com base sustentabilidade, das e articulando definições e procedimentos problemas em diversos das soluções propostas, flexibilidade e precisão, estatístico, computacional de problemas. conjecturas a respeito estratégias e recursos, tecnologias, identificando formal na validação das",CURRICULO_REFERENCIA_MS_EM_V1_1,CURRICULO_COMPLETO,CURRICULO_REFERENCIA_MS_EM_V1_1,246
EM,EM1,CURRICULAR,Matemática,MAT,MS.EM13MAT313,"Utilizar, quando necessário, a notação científica para expressar uma medida, compreendendo as noções de algarismos significativos e algarismos duvidosos, e reconhecendo que toda medida é inevitavelmente acompanhada de erro.",Geometria e Medidas,Notação científica: algarismos significativos e técnicas de arredondamento; Estimativa e comparação de valores em notação científica e em arredondamentos; Noção de erro em medições,CURRICULO_REFERENCIA_MS_EM_V1_1,CURRICULO_COMPLETO,CURRICULO_REFERENCIA_MS_EM_V1_1,245
EM,EM1,CURRICULAR,Matemática,MAT,MS.EM13MAT314,"Resolver e elaborar problemas que envolvem grandezas determinadas pela razão ou pelo produto de outras (velocidade, densidade demográfica, energia elétrica etc.).",Geometria e Medidas,Grandezas diretamente ou inversamente proporcionais; Conversão entre unidades.,CURRICULO_REFERENCIA_MS_EM_V1_1,CURRICULO_COMPLETO,CURRICULO_REFERENCIA_MS_EM_V1_1,246
EM,EM1,CURRICULAR,Matemática,MAT,MS.EM13MAT315,"Investigar e registrar, por meio de um fluxograma, quando possível, um algoritmo que resolve um problema.",Números e Álgebra,Noções básicas de Matemática Computacional; Algoritmos e suas representações por fluxogramas.,CURRICULO_REFERENCIA_MS_EM_V1_1,CURRICULO_COMPLETO,CURRICULO_REFERENCIA_MS_EM_V1_1,240
EM,EM1,CURRICULAR,Matemática,MAT,MS.EM13MAT401,"Converter representações algébricas de funções polinomiais de 1º grau em representações geométricas no plano cartesiano, distinguindo os casos nos quais o comportamento é proporcional, recorrendo ou não a softwares ou aplicativos de álgebra e geometria dinâmica.",Números e Álgebra,"Funções afins e polinomiais do 1º grau; Gráficos de função afim; Estudo da variação de funções polinomiais de 1º grau: crescimento, decrescimento, taxa de variação da função.",CURRICULO_REFERENCIA_MS_EM_V1_1,CURRICULO_COMPLETO,CURRICULO_REFERENCIA_MS_EM_V1_1,242
EM,EM1,CURRICULAR,Matemática,MAT,MS.EM13MAT402,"Converter representações algébricas de funções polinomiais de 2º grau em representações geométricas no plano cartesiano, distinguindo os casos nos quais uma variável for diretamente proporcional ao quadrado da outra, recorrendo ou não a softwares ou aplicativos de álgebra e geometria dinâmica, entre outros materiais. COMPONENTE",Números e Álgebra Eixo Temático,"Funções polinomiais de 2º grau; Gráficos de função polinomial de 2º; Estudo do comportamento da função quadrática (intervalos de crescimento/decrescimento, ponto de máximo/mínimo e variação da função). CURRICULAR: MATEMÁTICA",CURRICULO_REFERENCIA_MS_EM_V1_1,CURRICULO_COMPLETO,CURRICULO_REFERENCIA_MS_EM_V1_1,243
EM,EM1,CURRICULAR,Matemática,MAT,MS.EM13MAT405,Utilizar conceitos iniciais de uma linguagem de programação na implementação de algoritmos escritos em linguagem corrente e/ou matemática. COMPONENTE,Números e Álgebra Eixo Temático,"Noções elementares de matemática computacional: sequências, laços de repetição, variáveis e condicionais; Algoritmos: modelagem de problemas e soluções; Linguagem de programação: sintaxe e algoritmos. CURRICULAR: MATEMÁTICA",CURRICULO_REFERENCIA_MS_EM_V1_1,CURRICULO_COMPLETO,CURRICULO_REFERENCIA_MS_EM_V1_1,240
EM,EM1,CURRICULAR,Matemática,MAT,MS.EM13MAT501,"Investigar relações entre números expressos em tabelas para representá-los no plano cartesiano, identificando padrões e criando conjecturas para generalizar e expressar COMPONENTE algebricamente essa generalização, reconhecendo quando essa representação é de função polinomial de 1º grau.",Números e Álgebra Eixo Temático,"Funções afins (função polinomial do 1º grau, linear, identidade e constante), taxa de variação; Gráficos de funções (crescimento/decrescimento); CURRICULAR: MATEMÁTICA Razões trigonométricas objetivando a tangente em relação à inclinação do gráfico; Equação da reta: coeficiente angular.",CURRICULO_REFERENCIA_MS_EM_V1_1,CURRICULO_COMPLETO,CURRICULO_REFERENCIA_MS_EM_V1_1,241
EM,EM1,CURRICULAR,Matemática,MAT,MS.EM13MAT502,"Investigar relações entre números expressos em tabelas para representá-los no plano cartesiano, identificando padrões e criando conjecturas para generalizar e expressar algebricamente essa generalização, reconhecendo quando essa representação é de função polinomial de 2º grau do tipo y = ax².",Números e Álgebra,"Funções polinomiais do 2º grau (função quadrática): gráfico, raízes, pontos de máximo e mínimo, crescimento/decrescimento, concavidade; Gráficos de função polinomial do 2º grau.",CURRICULO_REFERENCIA_MS_EM_V1_1,CURRICULO_COMPLETO,CURRICULO_REFERENCIA_MS_EM_V1_1,243
EM,EM1,CURRICULAR,Matemática,MAT,MS.EM13MAT503,"Investigar pontos de máximo ou de mínimo de funções quadráticas em contextos envolvendo superfícies, Matemática Financeira ou Cinemática, entre outros, com apoio de tecnologias digitais.",Números e Álgebra,"Funções polinomiais do 2º grau (função quadrática); Gráficos de funções: pontos críticos de uma função quadrática (concavidade, pontos de máximo ou de mínimo).",CURRICULO_REFERENCIA_MS_EM_V1_1,CURRICULO_COMPLETO,CURRICULO_REFERENCIA_MS_EM_V1_1,244
EM,EM1,CURRICULAR,Matemática,MAT,MS.EM13MAT507,"Identificar e associar progressões aritméticas (PA) a funções afins de domínios discretos, para análise de propriedades, dedução de algumas fórmulas e resolução de problemas.",Números e Álgebra,Funções afins e Sequências numéricas: progressões aritméticas (P.A.).,CURRICULO_REFERENCIA_MS_EM_V1_1,CURRICULO_COMPLETO,CURRICULO_REFERENCIA_MS_EM_V1_1,243
EM,EM1,CURRICULAR,Matemática,MAT,MS.EM13MAT510,"Investigar conjuntos de dados relativos ao comportamento de duas variáveis numéricas, usando ou não tecnologias da informação, e, quando apropriado, levar em conta a variação e utilizar uma reta para descrever a relação observada.",Números e Álgebra,"Pares ordenados no plano cartesiano ou em tabelas em que representam ou não funções; Funções afins (função polinomial do 1º grau, linear, identidade e constante), taxa de variação; Gráficos de funções (crescimento/decrescimento); Razões trigonométricas objetivando a tangente em relação à inclinação do gráfico; Equação da reta: coeficiente angular.",CURRICULO_REFERENCIA_MS_EM_V1_1,CURRICULO_COMPLETO,CURRICULO_REFERENCIA_MS_EM_V1_1,241
EM,EM2,CURRICULAR,Matemática,MAT,MS.EM13MAT106,"Identificar situações da vida cotidiana quais seja necessário fazer escolhas levando-se em conta os riscos probabilísticos (usar este ou aquele método contraceptivo, optar por um tratamento médico em detrimento de outro etc.).",Probabilidade e Estatística,"Porcentagem: cálculo nas de taxas, índices e coeficientes; Probabilidade simples e condicional; Eventos sucessivos, mutuamente exclusivos e não mutuamente exclusivos; Estatística: medidas de posição (mediana, quartis, decis e percentis).",CURRICULO_REFERENCIA_MS_EM_V1_1,CURRICULO_COMPLETO,CURRICULO_REFERENCIA_MS_EM_V1_1,252
EM,EM2,CURRICULAR,Matemática,MAT,MS.EM13MAT311,"Identificar e descrever o espaço amostral de eventos aleatórios, realizando contagem das possibilidades, para resolver elaborar problemas que envolvem o cálculo da probabilidade.",Probabilidade e Estatística,"Noções de probabilidade básica: espaço amostral, evento aleatório e (equiprovável); Cálculo e contagem de possibilidades; Eventos dependentes e",CURRICULO_REFERENCIA_MS_EM_V1_1,CURRICULO_COMPLETO,CURRICULO_REFERENCIA_MS_EM_V1_1,253
EM,EM2,CURRICULAR,Matemática,MAT,MS.EM13MAT312,"Resolver e elaborar problemas que envolvem o cálculo de probabilidade de eventos experimentos aleatórios sucessivos. Matemática e Suas Tecnologias Específicas da Utilizar estratégias, conceitos diversos contextos, sejam Humanas, das questões socioeconômicas modo a contribuir para uma Propor ou participar de ações decisões éticas e socialmente voltados a situações de saúde, trabalho, entre outros, mobilizando próprios da Matemática. Utilizar estratégias, conceitos, construir modelos e resolver resultados e a adequação consistente. Compreender e utilizar, com matemáticos (algébrico, geométrico, comunicação de resultados Investigar e estabelecer matemáticas, empregando experimentações e diferentes demonstração cada vez mais",Probabilidade e Estatística 5.4.3. Competências 1. 2. 3. 4. 5.,"Eventos dependentes e independentes; em Cálculo de probabilidade de eventos relativos a experimentos aleatórios sucessivos. – 3º ano do Área: e procedimentos matemáticos atividades cotidianas, ou tecnológicas, formação geral. para investigar desafios responsáveis, com base sustentabilidade, das e articulando definições e procedimentos problemas em diversos das soluções propostas, flexibilidade e precisão, estatístico, computacional de problemas. conjecturas a respeito estratégias e recursos, tecnologias, identificando formal na validação das",CURRICULO_REFERENCIA_MS_EM_V1_1,CURRICULO_COMPLETO,CURRICULO_REFERENCIA_MS_EM_V1_1,253
EM,EM2,CURRICULAR,Matemática,MAT,MS.EM13MAT511,"Reconhecer a existência de diferentes tipos de espaços COMPONENTE amostrais, discretos ou não, de eventos, equiprováveis não, e investigar implicações no cálculo de probabilidades.",Probabilidade e Estatística Eixo Temático,"Probabilidade: espaços amostrais discretos ou CURRICULAR: MATEMÁTICA Objetos de Conhecimento e contínuos, eventos ou equiprováveis ou não.",CURRICULO_REFERENCIA_MS_EM_V1_1,CURRICULO_COMPLETO,CURRICULO_REFERENCIA_MS_EM_V1_1,252
EM,EM3,CURRICULAR,Matemática,MAT,MS.EM13MAT102,"Analisar tabelas, gráficos amostras de pesquisas estatísticas apresentadas relatórios divulgados por diferentes meios de comunicação, identificando, quando for o caso, inadequações que possam induzir a erros de interpretação, como escalas e amostras não apropriadas. Ciências Humanas da área de conhecimento a Base Nacional Comum História e Sociologia. Posto se destina à ampliação e do Ensino Fundamental. cumpre assinalar que no Ensino Fundamental se concentra nos “processos em relação ao Outro e espaços e épocas históricas” Filosofia e Sociologia do estudo de questões relativas, aos modos de organização de (re)produção de mercadorias trabalho, poder, verdade de cada indivíduo, do mundo. Currículo de Referência, a por meio da confluência a parte de FGB a cada um dos componentes implementada mediante que procuram refletir os das ciências humanas. Por definidos na BNCC, e de escolha” e, sob das diferenças, o de qualquer natureza” Currículo, a Formação Geral organizada de forma disciplinar, e História e, de forma da Filosofia e da Sociologia. e as práticas pedagógicos Em conjunto, contudo, essenciais ao estudante e autorreflexivo, que promova de problemas; habilitá-lo e corresponsabilidade); tecnológica e digital; habilitá-lo em sua especificidade, formativo do estudante, com (clássicos e contemporâneos), do conhecimento, filosofia uma introdução sistemática argumentativa, bem realidade. curricular Geografia do espaço geográfico. região, espaço, lugar e as condições teóricas a pesquisa em fontes e espacialidade. O é a compreensão de de forma proativa frente está inserido. curricular História históricos, políticos, sociais, permanências, mudanças a investigação de diversas representações pictóricas) da humanidade. uma compreensão crítica de autoria e protagonismo curricular Sociologia sobre conceitos, temas, A parte da Formação relações de poder, grupos proporcionar ao estudante o e com isso habilitá-lo vez, tal como estabelecido o trabalho pedagógico e dos Itinerários curricular procura efetivar que lhe faculta escolher arranjos de atuação sociocultural. de redimensionar a autonomia pedagógicas, possivelmente e a ampliação do repertório da compreensão e análise processo pedagógico que e flexibilizada, entende-se Médio é contribuir, efetivamente, a diferença entre ser do qual faz parte (ARROYO, tendo em conta que as científico-filosófico-cultural, e comunitária. da especificidade da área, em perspectiva dialética. como contraposição gerais dos campos científicos como proposta pedagógica (estudante) na história e pelo intelectual, ética e estética aqui a importância do para o êxito da formação da autoria pelo estudante, intelectual do professor, Humanas e Sociais Aplicadas o professor da área mediar e inspirar a investigação, aos fenômenos e processos considerando as relações que a prática pedagógica construídos pelas ciências cognitiva, de formação e sustentável, enfim, e tecnológica. é importante apontar que neste currículo, se interliga alinhadas à abordagem estabelece a BNCC. Notoriamente, status de aprendizagens essenciais das competências ratifica a transversalidade disso, as instituições planos pedagógicos, cuja capaz de subsidiar e habilitar local, regional e global” escolar organize e implemente, dos TCT nos planos Ciências Humanas e Sociais Específica da 1. Analisar processos local, regional, nacional procedimentos epistemológicos, posicionar-se criticamente tomando decisões 2. Analisar a formação mediante a compreensão o papel geopolítico","Probabilidade e Estatística 5.5. A composição conforme Geografia, Aplicadas etapa Com efeito, Aplicadas abordagem diferenças diferentes dos componentes ocasião contemporânea, relações espaço, corresponsabilidade sustentabilidade Neste desenvolve complementam correspondente conhecimento, Formativos âmbito e fundamentos pensamento reconhecimento preconceitos Neste Médio, Geografia próprios metodológicas curriculares. aprendizagens crítico resolução (alteridade civilização humanos. Considerado processo de pensadores (teoria estudante racionalidade própria O componente e a transformação a paisagem, ao estudante concretas, territorialidade componente posicionar-se nos quais O componente processos assim as mediante arqueológicos, desenvolvimento construa trajetória O componente reflexivas sociedade. instituições, foco é da sociedade, Por sua compreende aprofundamento flexibilização passo pretensão possibilidade de práticas crítica semânticos, Nesse diversificada Ensino e reconhecer naqueles estudante, patrimônio profissional Em razão desenvolva dimensionada das teorias dimensionada sujeito autonomia 118 e 169-186). Cabe ressaltar estudante construção trajetória das Ciências pedagógico, potencializar, em relação mundiais, espera-se historicamente de construção responsável informação Por fim, assimilada aprendizagens conforme (TCT) o o desenvolvimento ademais, Em consequência em seus qualidade em escala instituição incorporação 5.5.1. Competência","Conceitos estatísticos: e população e amostragem; em Gráficos utilizados pela estatística: elementos de um gráfico; Medidas de tendência central e de dispersão. e Sociais Aplicadas de Ciências Humanas Curricular (BNCC), abrange isso, a BNCC estabelece ao aprofundamento das a composição curricular abrange apenas os de tomada de consciência das diversas formas de organização (BRASIL, 2018c, p. 561). se afiguram de forma por exemplo, à caracterização da sociedade e bens culturais, à explicação científica, ética, equidade, da escola e da comunidade organização curricular de de dois processos didático-pedagógicos, (propedêutica), estruturada da área, e a parte arranjos formativos interesses cognitivos, socioemocionais sua vez, essa organização nas “ideias de justiça, o horizonte de promover respeito aos direitos humanos (BNCC, 2018, p. 561). Básica da área de Ciências oportuniza ao estudante introdutória, a apropriação De tal forma, a FGB peculiares aos campos esses componentes capazes de: habilitá-lo a dúvida metódica e para a comunicação habilitá-lo para lidar com para a convivência na parte da FGB do currículo, a compreensão e reflexão tendo como pano política, ética, estética e à filosofia que lhe como a sensibilidade estético-ética tem como ponto de partida Assim, discute conceitos território. De forma relevante, para a leitura analítica locais e/ou regionais, a contextualização foco do aprofundamento culturas, identidades, crenças aos processos geopolíticos propõe o aprofundamento culturais e ambientais e diferenças das vivências coletivas fontes (memórias, registros, e processos que Com base nisso, o componente e transformadora da como ser social. contribui no processo teorias e métodos que Geral Básica do ensino étnicos, classes sociais, desenvolvimento de uma para intervir no âmbito sociocultural na BNCC (2018, p. 477-478), integrado dos componentes Formativos. No âmbito o protagonismo do formativos diversificados Em perspectiva ampliada, intelectual da escola, inovadoras, capazes conceitual, do domínio de teorias, autores e obras compatibiliza formação que a meta da área de para que o estudante mero espectador em acontecimentos 2001, p. 145). Trata-se Ciências Humanas e Sociais e competências vale ressaltar a importância Isso significa, por à fragmentação dos saberes dos respectivos componentes marcada pela inflexão viés emancipatório, direcionando-se do estudante (BRASIL, protagonismo didático-pedagógico própria da área de em alguma medida, é o qual testemunha, na prática, para a educação integral de Ciências Humanas e a autorreflexão, sociais, econômicos, dos seres em seus diferentes do professor reflita o humanas com o desafio político-ética e socioemocional de preparação para o mundo a concepção de área de à dinâmica do trabalho humanista dos Temas a BNCC confere para a Educação Básica, e habilidades vinculadas como critério orientador de ensino estão obrigadas, relevância curricular se o estudante para lidar (BRASIL, 2018c, p. 19-20). considerando o pedagógicos da área de Ciências Aplicadas – 1º Área: políticos, econômicos, sociais, e mundial em diferentes científicos em relação a eles, baseadas em argumentos de territórios e fronteiras das relações de poder dos Estados-nações.",CURRICULO_REFERENCIA_MS_EM_V1_1,CURRICULO_COMPLETO,CURRICULO_REFERENCIA_MS_EM_V1_1,258
EM,EM3,CURRICULAR,Matemática,MAT,MS.EM13MAT202,"Planejar e executar pesquisa amostral sobre questões relevantes, usando dados coletados diretamente ou em diferentes fontes, e comunicar os resultados meio de relatório contendo gráficos e interpretação das medidas de tendência central e das medidas de dispersão (amplitude e desvio padrão), utilizando não recursos tecnológicos.",Probabilidade e Estatística,"Conceitos de Estatística Descritiva; Medidas de tendência central (média, moda e mediana); por Medidas de dispersão (amplitude, desvio padrão e variância); Gráficos estatísticos ou (histogramas e polígonos de frequência).",CURRICULO_REFERENCIA_MS_EM_V1_1,CURRICULO_COMPLETO,CURRICULO_REFERENCIA_MS_EM_V1_1,257
EM,EM3,CURRICULAR,Matemática,MAT,MS.EM13MAT316,"Resolver e elaborar problemas, em diferentes contextos, que envolvem cálculo e interpretação das medidas de tendência central (média, moda, mediana) e das medidas de dispersão (amplitude, variância e desvio padrão).",Probabilidade e Estatística,"Noções de estatística descritiva: medidas de tendência central (média, moda e mediana); Medidas de dispersão: amplitude, variância e desvio-padrão.",CURRICULO_REFERENCIA_MS_EM_V1_1,CURRICULO_COMPLETO,CURRICULO_REFERENCIA_MS_EM_V1_1,257
EM,EM3,CURRICULAR,Matemática,MAT,MS.EM13MAT406,"Construir e interpretar tabelas e gráficos de frequências com base em dados obtidos em pesquisas por amostras estatísticas, incluindo ou não o uso de softwares que interrelacionem estatística, geometria e álgebra. COMPONENTE",Probabilidade e Estatística Eixo Temático,"Amostragem; Gráficos e diagramas estatísticos: histogramas, polígonos de frequências; Medidas de tendência central e medidas de dispersão. CURRICULAR: MATEMÁTICA Objetos de Conhecimento",CURRICULO_REFERENCIA_MS_EM_V1_1,CURRICULO_COMPLETO,CURRICULO_REFERENCIA_MS_EM_V1_1,256
EM,EM3,CURRICULAR,Matemática,MAT,MS.EM13MAT407,"Interpretar e comparar conjuntos de dados estatísticos por meio de diferentes diagramas e gráficos (histograma, de caixa (box-plot), de ramos folhas, entre outros), reconhecendo os mais eficientes para sua análise. COMPONENTE",Probabilidade e Estatística Eixo Temático,"Gráficos e diagramas estatísticos: histogramas, polígonos de frequências, diagrama de caixa, ramos e folhas, medidas de tendência central e e medidas de dispersão. CURRICULAR: MATEMÁTICA Objetos de Conhecimento",CURRICULO_REFERENCIA_MS_EM_V1_1,CURRICULO_COMPLETO,CURRICULO_REFERENCIA_MS_EM_V1_1,257
EM,EM1,CURRICULAR,Química,QUI,MS.EM13CNT101,"Analisar e representar, com ou sem o uso de dispositivos e de aplicativos digitais específicos, as transformações e conservações em sistemas que envolvam quantidade de matéria, de energia e de movimento para realizar previsões sobre seus comportamentos em situações cotidianas e em processos produtivos que priorizem o desenvolvimento sustentável, uso consciente dos recursos naturais e a preservação da vida em todas as suas formas.",,"Introdução às propriedades físicas e químicas da matéria na representação dos processos energéticos; Estudo das leis ponderais e a conservação da matéria na previsão e utilização consciente de recursos naturais, considerando as concepções da química verde na perspectiva do desenvolvimento sustentável.",CURRICULO_REFERENCIA_MS_EM_V1_1,CURRICULO_COMPLETO,CURRICULO_REFERENCIA_MS_EM_V1_1,312
EM,EM1,CURRICULAR,Química,QUI,MS.EM13CNT104,"Avaliar os benefícios e os riscos à saúde ao ambiente, considerando a composição, a toxicidade e a reatividade de diferentes materiais e produtos, como também o nível de exposição a eles, posicionando-se criticamente e propondo soluções individuais e/ou coletivas para seus usos e descartes responsáveis.",,"Estudo avaliativo das características físicas, químicas e toxicológicas dos compostos inorgânicos e orgânicos, com foco na classificação e identificação de risco à saúde, meio ambiente e segurança; Identificação e previsão das substâncias em uma reação química de neutralização, oxidação e combustão; Introdução ao cálculo e representação dos tipos de concentrações existentes. MATÉRIA E ENERGIA",CURRICULO_REFERENCIA_MS_EM_V1_1,CURRICULO_COMPLETO,CURRICULO_REFERENCIA_MS_EM_V1_1,315
EM,EM1,CURRICULAR,Química,QUI,MS.EM13CNT105,"Analisar os ciclos biogeoquímicos e interpretar os efeitos de fenômenos naturais e da interferência humana sobre esses ciclos, para promover ações individuais e/ou coletivas que minimizem consequências nocivas à vida.",,Identificação e análise das reações químicas existentes nos ciclos biogeoquímicos no estudo quantitativo e qualitativo do equilíbrio químico e na interpretação dos fenômenos naturais.,CURRICULO_REFERENCIA_MS_EM_V1_1,CURRICULO_COMPLETO,CURRICULO_REFERENCIA_MS_EM_V1_1,314
EM,EM1,CURRICULAR,Química,QUI,MS.EM13CNT201,"Analisar e discutir modelos, teorias e leis propostos em diferentes épocas e culturas para comparar distintas explicações sobre o surgimento e a evolução da Vida, da Terra e do Universo com as teorias científicas aceitas atualmente.",,"Átomo como unidade fundamental da matéria e a sua estrutura atômica; Condições para a existência dos elementos químicos na origem do universo; Discussão sobre os experimentos de origem do modelo nuclear do átomo e compreensão dos estados energéticos. VIDA, TERRA E COSMOS",CURRICULO_REFERENCIA_MS_EM_V1_1,CURRICULO_COMPLETO,CURRICULO_REFERENCIA_MS_EM_V1_1,307
EM,EM1,CURRICULAR,Química,QUI,MS.EM13CNT202,"Analisar as diversas formas de manifestação da vida em seus diferentes níveis de organização, bem como as condições ambientais favoráveis e os fatores limitantes a elas, com ou sem o uso dispositivos e aplicativos digitais (como softwares de simulação e de realidade virtual, entre outros).",,"Investigação e comparação de previsões e explicações das condições físico-químicas para a formação dos elementos químicos e para as novas substâncias presentes no Cosmos; Avaliação da formação de moléculas ao longo dos estágios de desenvolvimento do Universo; Compreensão dos procedimentos de identificação de moléculas no espaço para a explicação da origem e manutenção da vida. VIDA, TERRA E COSMOS",CURRICULO_REFERENCIA_MS_EM_V1_1,CURRICULO_COMPLETO,CURRICULO_REFERENCIA_MS_EM_V1_1,310
EM,EM1,CURRICULAR,Química,QUI,MS.EM13CNT204,"Elaborar explicações, previsões e cálculos a respeito dos movimentos de objetos na Terra, no Sistema Solar e no Universo com base na análise das interações gravitacionais, com ou sem uso de dispositivos e aplicativos digitais (como softwares de simulação e de realidade virtual, entre outros).",,"Descrição e identificação das características e da representação das ligações químicas a partir da estabilidade energética; Análise da formação de moléculas e regras para o estabelecimento de uma ligação química e interações intermoleculares; Avaliação das propriedades das ligações na constituição de substâncias simples e complexas para a manifestação da vida. VIDA, TERRA E COSMOS",CURRICULO_REFERENCIA_MS_EM_V1_1,CURRICULO_COMPLETO,CURRICULO_REFERENCIA_MS_EM_V1_1,309
EM,EM1,CURRICULAR,Química,QUI,MS.EM13CNT207,"Identificar, analisar e discutir vulnerabilidades vinculadas às vivências e aos desafios contemporâneos aos quais as juventudes estão expostas, considerando os aspectos físico, psicoemocional e social, a fim de desenvolver e divulgar ações de prevenção e de promoção da saúde e do bem-estar. 5.6.2. Ciências da Natureza Competências Específicas 1. Analisar fenômenos naturais matéria e energia, para minimizem impactos socioambientais global. 2. Analisar e utilizar interpretações argumentos, realizar previsões fundamentar e defender 3. Investigar situações-problema implicações no mundo, utilizando propor soluções que considerem e conclusões a públicos digitais de informação e",,"Identificação e análise de informações da representação da estrutura química de medicamentos e drogas e as funções orgânicas existentes; Discussão e divulgação de informações sobre o uso de medicações e drogas; VIDA, TERRA E COSMOS Os efeitos do uso de medicações na saúde do corpo e das emoções: a química dos hormônios e dos neurotransmissores.",CURRICULO_REFERENCIA_MS_EM_V1_1,CURRICULO_COMPLETO,CURRICULO_REFERENCIA_MS_EM_V1_1,316
EM,EM1,CURRICULAR,Química,QUI,MS.EM13CNT208,"Aplicar os princípios da evolução biológica para analisar a história humana, considerando sua origem, diversificação, dispersão pelo planeta e diferentes formas de interação com a natureza, valorizando e respeitando a diversidade étnica e cultural humana.",,"Macromoléculas biológicas e os avanços tecnológicos para evolução da vida; Associação e caracterização das estruturas moleculares dos carboidratos, das proteínas, dos lipídios e das vitaminas, considerando a composição química, as interações intermoleculares e as aplicações em produtos alimentícios e outros materiais para manutenção e evolução da vida.",CURRICULO_REFERENCIA_MS_EM_V1_1,CURRICULO_COMPLETO,CURRICULO_REFERENCIA_MS_EM_V1_1,311
EM,EM1,CURRICULAR,Química,QUI,MS.EM13CNT209,"Analisar a evolução estelar associando-a aos modelos de origem e distribuição dos elementos químicos no Universo, compreendendo suas relações com as condições necessárias ao surgimento de sistemas solares e planetários, suas estruturas e composições e as possibilidades de existência de vida, utilizando representações e simulações, com ou sem o uso de dispositivos e aplicativos digitais (como softwares de simulação e de realidade virtual, entre outros.",,"Análise e sistematização da periodicidade dos elementos químicos, a partir da sua origem e distribuição no cosmos e evolução estelar; Compreensão e avaliação da historicidade dos elementos químicos: interpretação da classificação de cada grupo no posicionamento da tabela periódica.",CURRICULO_REFERENCIA_MS_EM_V1_1,CURRICULO_COMPLETO,CURRICULO_REFERENCIA_MS_EM_V1_1,308
EM,EM2,CURRICULAR,Química,QUI,MS.EM13CNT102,"Realizar previsões, avaliar intervenções e/ou construir protótipos de sistemas térmicos que visem à sustentabilidade, considerando sua composição e os efeitos das variáveis termodinâmicas sobre seu funcionamento, considerando também o uso de tecnologias digitais que auxiliem no cálculo de estimativas e no apoio à construção dos protótipos.",,"Estudo avaliativo de sistemas térmicos, considerando os processos de absorção e liberação de energia; Utilização de previsões das medidas de calor, por meio da construção de protótipos e/ou experimentos; Realização de cálculos para determinação da variação de entalpia nos processos físicos e químicos.",CURRICULO_REFERENCIA_MS_EM_V1_1,CURRICULO_COMPLETO,CURRICULO_REFERENCIA_MS_EM_V1_1,319
EM,EM2,CURRICULAR,Química,QUI,MS.EM13CNT106,"Avaliar, com ou sem o uso de dispositivos e aplicativos digitais, tecnologias possíveis soluções para as demandas que envolvem a geração, o transporte, a distribuição e o consumo de energia elétrica, considerando disponibilidade de recursos, a eficiência energética, a relação custo/benefício, as características geográficas e ambientais, a produção de resíduos e os impactos socioambientais e culturais. EIXO",,Estudo avaliativo dos combustíveis alternativos e a relação com a energia renovável nos impactos ao meio ambiente; Desenvolvimento de cálculos das quantidades de energia e interpretação da relação com fontes de energia alternativas para melhoria da eficiência energética e diminuição de poluentes químicos.,CURRICULO_REFERENCIA_MS_EM_V1_1,CURRICULO_COMPLETO,CURRICULO_REFERENCIA_MS_EM_V1_1,322
EM,EM2,CURRICULAR,Química,QUI,MS.EM13CNT107,"Realizar previsões qualitativas e quantitativas sobre o funcionamento de geradores, motores elétricos e seus componentes, bobinas, transformadores, pilhas, baterias e dispositivos eletrônicos, com base na análise dos processos transformação e condução de energia envolvidos - com ou sem o uso de dispositivos e aplicativos digitais -, para propor ações que visem a sustentabilidade.",,"Compreensão das reações redox, balanceamento e representação das “meiasreações” em células galvânicas; Realização das análises e previsões qualitativas e quantitativas de fontes de energia elétrica, utilizando o potencial padrão; Características físicas e químicas das células galvânicas primárias e secundárias.",CURRICULO_REFERENCIA_MS_EM_V1_1,CURRICULO_COMPLETO,CURRICULO_REFERENCIA_MS_EM_V1_1,321
EM,EM2,CURRICULAR,Química,QUI,MS.EM13CNT203,"Avaliar e prever efeitos de intervenções nos ecossistemas, e seus impactos nos seres vivos e no corpo humano, com base nos mecanismos de manutenção da vida, nos ciclos da matéria e nas transformações e transferências de energia, utilizando representações e simulações sobre tais fatores, com ou sem uso de dispositivos e aplicativos digitais (como softwares de simulação e de realidade virtual, entre outros).",,"Estudo e avaliação, com base nas condições necessárias para ocorrência das reações químicas; Análise das principais reações químicas para manutenção e existência da vida, avaliando os aspectos qualitativos e quantitativos de reagentes e produtos em diferentes tipos de análises químicas. VIDA, TERRA E COSMOS",CURRICULO_REFERENCIA_MS_EM_V1_1,CURRICULO_COMPLETO,CURRICULO_REFERENCIA_MS_EM_V1_1,318
EM,EM2,CURRICULAR,Química,QUI,MS.EM13CNT306,"Avaliar os riscos envolvidos em atividades cotidianas, aplicando conhecimento das Ciências da Natureza, para justificar o uso equipamentos e recursos, bem como comportamentos de segurança, visando à integridade física, individual e coletiva, e socioambiental, podendo fazer uso de dispositivos e aplicativos digitais que viabilizem a estruturação de simulações de riscos. EIXO",,"Compreensão e aplicação de conduta em caso de acidentes com produtos químicos; Análise e avaliação de equipamentos e processos de biossegurança, armazenamento, manejo e descartes em situações de risco, em ambientes domésticos e industriais.",CURRICULO_REFERENCIA_MS_EM_V1_1,CURRICULO_COMPLETO,CURRICULO_REFERENCIA_MS_EM_V1_1,326
EM,EM2,CURRICULAR,Química,QUI,MS.EM13CNT308,"Investigar analisar o funcionamento de equipamentos elétricos e/ou eletrônicos e sistemas de automação para compreender tecnologias contemporâneas e avaliar seus impactos sociais, culturais e ambientais. EIXO EIXO",,"Investigação e análise de processos de automação no desenvolvimento dos produtos pela indústria de química fina, avaliando os impactos sociais, culturais e ambientais na utilização no cotidiano.",CURRICULO_REFERENCIA_MS_EM_V1_1,CURRICULO_COMPLETO,CURRICULO_REFERENCIA_MS_EM_V1_1,324
EM,EM2,CURRICULAR,Química,QUI,MS.EM13CNT309,"Analisar questões socioambientais, políticas e econômicas relativas dependência do mundo atual relação aos recursos não renováveis e discutir a necessidade de introdução de alternativas e novas tecnologias energéticas materiais, comparando diferentes tipos de motores e processos de produção de novos materiais. EIXO",,"Compreensão da química do petróleo, considerando processos de análise das propriedades físico-químicas, formas de extração e os impactos socioambientais, políticos e econômicos como recursos não renováveis; Proposição de novas alternativas energéticas a partir de discussões comparativas da análise de fontes de energias E PRÁTICAS EM renováveis, motores e processos de produção.",CURRICULO_REFERENCIA_MS_EM_V1_1,CURRICULO_COMPLETO,CURRICULO_REFERENCIA_MS_EM_V1_1,323
EM,EM2,CURRICULAR,Química,QUI,MS.EM13CNT310,"Investigar analisar os efeitos de programas de infraestrutura e demais serviços básicos (saneamento, energia elétrica, transporte, telecomunicações, cobertura vacinal, atendimento primário saúde e produção de alimentos, entre outros) e identificar necessidades locais e/ou regionais em relação a esses serviços, a fim de promover ações que contribuam para a melhoria na qualidade de vida e nas condições de saúde da população. EIXO 5.6.3. Ciências da Natureza Competências Específicas 1. Analisar fenômenos naturais matéria e energia, para minimizem impactos socioambientais global. 2. Analisar e utilizar interpretações argumentos, realizar previsões fundamentar e defender 3. Investigar situações-problema implicações no mundo, utilizando propor soluções que considerem e conclusões a públicos digitais de informação e",,"Investigação dos processos de tratamento de água, efluentes domésticos e industriais, e os impactos nas condições de vida, saúde e bem-estar da população; Análise e discussão dos procedimentos de gestão de resíduos para proposição de ações de melhoria e preservação do meio ambiente. E PRÁTICAS EM",CURRICULO_REFERENCIA_MS_EM_V1_1,CURRICULO_COMPLETO,CURRICULO_REFERENCIA_MS_EM_V1_1,327
EM,EM3,CURRICULAR,Química,QUI,MS.EM13CNT103,"Utilizar o conhecimento sobre as radiações e suas origens para avaliar as potencialidades e os riscos de sua aplicação em equipamentos de uso cotidiano, na saúde, no ambiente, na indústria, na agricultura e na geração de energia elétrica.",,"Estudo avaliativo das mudanças na estrutura nuclear do átomo, considerando a origem das MATÉRIA E ENERGIA radiações e as reações de transmutação do núcleo; Aplicação das radiações na medicina nuclear, estudo do decaimento radioativo como base para datação de artefatosarqueológicos; Utilização de radioisótopos para produção de energia e aplicações industriais.",CURRICULO_REFERENCIA_MS_EM_V1_1,CURRICULO_COMPLETO,CURRICULO_REFERENCIA_MS_EM_V1_1,329
EM,EM3,CURRICULAR,Química,QUI,MS.EM13CNT205,"Interpretar resultados e realizar previsões sobre atividades experimentais, fenômenos naturais e processos tecnológicos, com base nas noções de probabilidade e incerteza, reconhecendo os limites explicativos das ciências. EIXO",,"Interpretação do conceito de velocidade das reações químicas e de como a concentração de reagentes e produtos mudam com a variação do tempo; Proposição de explicações a partir de dados experimentais que demonstrem a relação da constante de velocidade de maneira qualitativa e quantitativa, por meio dos parâmetros físico-químicos.",CURRICULO_REFERENCIA_MS_EM_V1_1,CURRICULO_COMPLETO,CURRICULO_REFERENCIA_MS_EM_V1_1,330
EM,EM3,CURRICULAR,Química,QUI,MS.EM13CNT206,"Discutir a importância da preservação e conservação da biodiversidade, considerando parâmetros qualitativos e quantitativos, e avaliar os efeitos da ação humana e das políticas ambientais para garantia da sustentabilidade do planeta. EIXO",,"Discussão e Propor proposição de elaboração soluções do ponto de importância vista da química verde, com a partir de ações vinculados preventivas e considerar corretivas, fontes relacionadas aos prima, efeitos antrópicos, uso como mecanismos de bioacumulativas minimização do parâmetros impacto ambiental de temas produtivos; problemas Estudo sistematizado a: química da aplicação da escala concepção de pH e cálculos desenvolvimento envolvidos. alternativas, durante sejam gráficos, criativas utilizados responsabilidade",CURRICULO_REFERENCIA_MS_EM_V1_1,CURRICULO_COMPLETO,CURRICULO_REFERENCIA_MS_EM_V1_1,333
EM,EM3,CURRICULAR,Química,QUI,MS.EM13CNT301,"Construir questões, elaborar hipóteses, previsões e estimativas, empregar instrumentos de medição e representar e interpretar modelos explicativos, dados e/ou resultados experimentais para construir, avaliar e justificar conclusões no enfrentamento de situações-problema sob uma perspectiva científica. EIXO",,"Investigação das propriedades físicas e químicas dos gases, interpretando modelos explicativos dos resultados experimentais na definição de teorias e leis; Representação e aplicação de reações dos gases e as relações com as propriedades físicas, pressão, temperatura e volume.",CURRICULO_REFERENCIA_MS_EM_V1_1,CURRICULO_COMPLETO,CURRICULO_REFERENCIA_MS_EM_V1_1,337
EM,EM3,CURRICULAR,Química,QUI,MS.EM13CNT302,"Comunicar, para públicos variados, em diversos contextos, resultados de análises, pesquisas e/ou experimentos elaborando e/ou interpretando textos, gráficos, tabelas, símbolos, códigos, sistemas de classificação e equações, por meio de diferentes linguagens, mídias, tecnologias digitais de informação e comunicação (TDIC), de modo a participar e/ou promover debates em torno de temas científicos e/ou tecnológicos de relevância sociocultural e ambiental. REFERÊNCIAS ABRAMOWICZ, M. Avaliação do Educação. PUC-Campinas. v.1. ADORNO, T. W. Educação e Emancipação. AFONSO, A. J. Avaliação educacional: – Editora Cortez- 3 edição- São ANDRÉ, C. F. O pensamento computacional In: teccogs – Revista Digital de APEL, K.O.. Ética e responsabilidade: 258.. APEL, K. O. Teoría de la verdad APPLE, M. W.. Ideologia e currículo. APPLE, M. Reestruturação educativa pp. 5-33, Jan/jun. 2001 (disponível ARENDT, H. Entre o passado e ARROYO, M. G. Experiências de práticas. Campinas: Papirus, 2001. Atividades de aprendizagem: Grande -MS: SED/MS, 2018. BACICH. L; MORAN, J. Metodologias Penso, 2018. BARBOSA, A. M. Tópicos utópicos. BELLONI, M. L. Educação a Distância. BICUDO, M. A. V. (org). Pesquisa Boletim de Educação Matemática, https://www.periodicos.rc.biblioteca.unesp.br/index.php/bolema/article/view/10608. BRASIL. Lei 4.024, de 20 de dezembro Página 51 Vol. 7, 27 de jan. de dezembro-1961-353722-publicacaooriginal-1-pl.html>. BRASIL. Ministério de Educação da Educação Nacional. Brasília Câmara dos Deputados. Decreto ENEF. Brasília: MEC, 2010. CAMARGO, F; DÁRIOS, T. A sala Alegre: Penso, 2018. CANDIDO, A. O direito à literatura. CARVALHO, A. M. P. de; et al. Ensino Paulo: Cengage Learning, 2013. Congresso Nacional. Constituição Congresso Nacional, 1988. Disponível de agosto de 2020. Conselho Nacional de Educação. Nacional Comum Curricular, a Educação Básica. Diário Oficial Conselho Nacional de Educação; Diretrizes Curriculares Nacionais Conselho Nacional de Educação; Nacional Comum Curricular na Conselho Nacional de Educação; Diretrizes Curriculares Nacionais Conselho Nacional de Educação; Curriculares Nacionais para o Ensino /resolucao-cne/cp-n-1-de-5-de-janeiro-de-2021-297767578>. CORTINA, A. Razón comunicativa Sígueme, 1988. COSCARELLI, C; RIBEIRO, A. E. Editora, 2014. D’ AMBROSIO, U. Educação Matemática: https://www.uricer.edu.br/site/pdfs/perspectiva/160_739.pdf. DANTE, L. R. Matemática Contexto DAVEL, M. A. N. Alfabetização Florianópolis, Santa Catarina: XV de Santa Catarina 3 a 6 de julho Decreto-lei n. 4.887, de 20 de novembro DEMO, P. Educação e qualidade. DEMO, P. Metodologia do conhecimento Diário Oficial Eletrônico n. 10.097. em: <https://www.spdo.ms.gov.br/diariodoe/Index/Download/DO10097_19_02_2020>. DUSSEL, E. D.. Para uma ética 1977]. FERREIRA, C. A. A Flexibilidade Pessoa, v. 13, n. 2, 2020, pp. 316-325 https://periodicos.ufpb.br/ojs2/index.php/rec/article/view/45563/31048). FERREIRA, H. B.; REES, D. K. Educação 40, n. 1, p. 229-251, mar. 2015. FIGUEIREDO, H. de F. e P.; LIMA, FIORENTINI, D. Alguns Modos DOI:https://doi.org/10.20396/zet.v3i4.8646877. https://periodicos.sbu.unicamp.br/ojs/index.php/zetetike/article/view/8646877/15035 FLEMMING, D. M. Tendências FREIRE, P. Pedagogia do oprimido. GADOTTI, M. Educação integral GERALDI, J. W. A aula como acontecimento.",,"Estudo geoquímico da composição de rochas, minerais, minérios, metais e suas aplicações no setor produtivo; Investigação e avaliação dos processos de mineração e os impactos ambientais.",CURRICULO_REFERENCIA_MS_EM_V1_1,CURRICULO_COMPLETO,CURRICULO_REFERENCIA_MS_EM_V1_1,338
EM,EM3,CURRICULAR,Química,QUI,MS.EM13CNT303,"Interpretar textos de divulgação científica que tratem de temáticas das Ciências da Natureza, disponíveis em diferentes mídias, considerando a apresentação dos dados, tanto na forma de textos como em equações, gráficos e/ou tabelas, a consistência dos argumentos e a coerência das conclusões, visando construir estratégias de seleção de fontes confiáveis de informações. EIXO",,Investigação e interpretação dos processos de desenvolvimento de novos materiais a partir da nanotecnologia aplicada à química.,CURRICULO_REFERENCIA_MS_EM_V1_1,CURRICULO_COMPLETO,CURRICULO_REFERENCIA_MS_EM_V1_1,336
EM,EM3,CURRICULAR,Química,QUI,MS.EM13CNT304,"Analisar e debater situações controversas sobre a aplicação de conhecimentos da área de Ciências da Natureza (tais como tecnologia do DNA, tratamentos com célulastronco, neurotecnologias, produção de tecnologias de defesa, estratégias de controle de pragas entre outros), com base em argumentos consistentes, legais éticos e EIXO responsáveis, distinguindo diferentes pontos de vista.",,"Identificação e Com interpretação dos e conceitos e concepções da informações agroquímica, tendo em de vista a análise da aplicação de da química na agricultura; situações-problema Avaliação dos processos pensamentos de produção e participantes, desenvolvimento de novas agroquímicos. tecnologias, possibilitando debatidas, a minimização dos efeitos agroquímicos danosos dessas debatidos, substâncias no meio econômicas ambiente no proposição éticas para ambientais importância o sistematizadas informações, criticamente, fundamentais visão objeto",CURRICULO_REFERENCIA_MS_EM_V1_1,CURRICULO_COMPLETO,CURRICULO_REFERENCIA_MS_EM_V1_1,331
EM,EM3,CURRICULAR,Química,QUI,MS.EM13CNT305,"Investigar discutir o uso indevido de conhecimentos das Ciências da Natureza na justificativa de processos de discriminação, segregação e privação de direitos individuais e coletivos, em diferentes contextos sociais e históricos, para promover a equidade e o respeito à diversidade. EIXO",,"Investigação e discussão A da poluição química pelo projeto, uso indevido de produtos ocorrência e substâncias a partir do indevido armazenamento e a descarte incorreto de classificação resíduos industriais e químicas esgoto doméstico; a Estudo avaliativo dos resultados processos existentes para globais, descontaminação de substâncias poluentes químicos no de meio ambiente e sustentáveis, motivações econômicas de ambiental. produção, uso e descarte sob de algumas substâncias redonda; tóxicas. confecção exemplificando interpretação",CURRICULO_REFERENCIA_MS_EM_V1_1,CURRICULO_COMPLETO,CURRICULO_REFERENCIA_MS_EM_V1_1,332
EM,EM3,CURRICULAR,Química,QUI,MS.EM13CNT307,"Analisar as propriedades dos materiais para avaliar a adequação de seu uso em diferentes aplicações (industriais, cotidianas, arquitetônicas e/ou tecnológicas) e/ou propor soluções seguras e sustentáveis, considerando seu contexto local e cotidiano. EIXO",,"Análise sistematizada das propriedades de sólidos, líquidos, gases e outros estados da matéria, para escolha de substâncias e produtos na projeção de novos materiais, considerando as necessidades nas áreas da tecnologia, da digitalidade, da comunicação, da saúde e do meio ambiente.",CURRICULO_REFERENCIA_MS_EM_V1_1,CURRICULO_COMPLETO,CURRICULO_REFERENCIA_MS_EM_V1_1,335
EM,EM1,CURRICULAR,Sociologia,SOC,MS.EM13CHS101,"Identificar, analisar e comparar diferentes fontes e narrativas expressas em diversas linguagens, com vistas à compreensão de ideias filosóficas e de processos e eventos históricos, geográficos, políticos, econômicos, sociais, ambientais e culturais.",,Senso Comum e estruturação do pensamento científico; Contexto histórico para o nascimento da Sociologia.,CURRICULO_REFERENCIA_MS_EM_V1_1,CURRICULO_COMPLETO,CURRICULO_REFERENCIA_MS_EM_V1_1,262
EM,EM1,CURRICULAR,Sociologia,SOC,MS.EM13CHS102,"Identificar, analisar e discutir as circunstâncias históricas, geográficas, políticas, econômicas, sociais, ambientais e culturais de matrizes conceituais (etnocentrismo, racismo, evolução, modernidade, cooperativismo/desen volvimento etc.), avaliando criticamente seu significado histórico e comparando-as a narrativas que contemplem outros agentes e discursos",,Cultura um conceito antropológico: etnocentrismo e relativismo cultural.,CURRICULO_REFERENCIA_MS_EM_V1_1,CURRICULO_COMPLETO,CURRICULO_REFERENCIA_MS_EM_V1_1,263
EM,EM1,CURRICULAR,Sociologia,SOC,MS.EM13CHS103,"Elaborar hipóteses, selecionar evidências e compor argumentos relativos a processos políticos, econômicos, sociais, ambientais, culturais e epistemológicos, com base na sistematização de dados e informações de diversas naturezas (expressões artísticas, textos filosóficos e sociológicos, documentos históricos e geográficos, gráficos, mapas, tabelas, tradições orais, entre outros). 15 PLATÃO. Teeteto — Belém: Universidade",,"Propriedade privada, terra e território; Demarcação e reintegração de terras indígenas e quilombolas no Brasil. de Platão. Tradução do 2001, p. 45. EIXO TEMÁTICO: TEMPO E",CURRICULO_REFERENCIA_MS_EM_V1_1,CURRICULO_COMPLETO,CURRICULO_REFERENCIA_MS_EM_V1_1,264
EM,EM1,CURRICULAR,Sociologia,SOC,MS.EM13CHS104,"Analisar objetos e vestígios da cultura material e imaterial de modo a identificar conhecimentos, valores, crenças e práticas que caracterizam a identidade e a diversidade cultural de diferentes sociedades inseridas no tempo e no espaço.",,Cultura material e imaterial brasileira e sul-matogrossense. EIXO TEMÁTICO: TEMPO E,CURRICULO_REFERENCIA_MS_EM_V1_1,CURRICULO_COMPLETO,CURRICULO_REFERENCIA_MS_EM_V1_1,266
EM,EM1,CURRICULAR,Sociologia,SOC,MS.EM13CHS105,"Identificar, contextualizar e criticar tipologias evolutivas (populações nômades e sedentárias, entre outras) e oposições dicotômicas (cidade/campo, cultura/ natureza, civilizados/bárbaros, razão/emoção, material/virtual etc.), explicitando suas ambiguidades.",,"Racismo, desigualdade e poder no Brasil; Crítica ao homem cordial brasileiro; EIXO TEMÁTICO: TEMPO E Processos identitários e resistência cultural.",CURRICULO_REFERENCIA_MS_EM_V1_1,CURRICULO_COMPLETO,CURRICULO_REFERENCIA_MS_EM_V1_1,267
EM,EM1,CURRICULAR,Sociologia,SOC,MS.EM13CHS106,"Utilizar as linguagens cartográfica, gráfica e iconográfica, diferentes gêneros textuais e tecnologias digitais de informação e comunicação de forma crítica, significativa, reflexiva e ética nas diversas práticas sociais, incluindo as escolares, para se comunicar, acessar e difundir informações, produzir conhecimentos, resolver problemas e exercer protagonismo e autoria na vida pessoal e coletiva. Competência Específica 2. Analisar a formação compreensão das relações Estados-nações.",,Sociedade da informação - fake news; Redes Sociais no século XXI; privacidade e segurança na Internet. Área: e fronteiras em diferentes que determinam as territorialidades TEMÁTICO: TERRITÓRIO E,CURRICULO_REFERENCIA_MS_EM_V1_1,CURRICULO_COMPLETO,CURRICULO_REFERENCIA_MS_EM_V1_1,268
EM,EM2,CURRICULAR,Sociologia,SOC,MS.EM13CHS201,"Analisar e caracterizar as dinâmicas das populações, das mercadorias e do capital diversos continentes, com destaque para a mobilidade e a fixação de pessoas, grupos humanos e povos, em função de eventos naturais, políticos, econômicos, sociais, religiosos e culturais, de modo a compreender e posicionar-se criticamente em relação a esses processos e às possíveis relações entre eles.",,"Marx e o Materialismo Histórico Dialético; Ideologia, classes e desigualdades sociais; Mercadoria; Mais-valia.",CURRICULO_REFERENCIA_MS_EM_V1_1,CURRICULO_COMPLETO,CURRICULO_REFERENCIA_MS_EM_V1_1,271
EM,EM2,CURRICULAR,Sociologia,SOC,MS.EM13CHS202,"Analisar e avaliar os impactos das tecnologias na estruturação e nas dinâmicas de grupos, povos e sociedades contemporâneos (fluxos populacionais, financeiros, de mercadorias, de informações, de valores éticos e culturais etc.), bem como suas interferências decisões políticas, sociais, ambientais, econômicas culturais.",,"Revolução Tecnológica e influência das Tecnologias de Informação e TEMÁTICO: TERRITÓRIO E Objetos de Conhecimento Comunicação (TIC), nas relações interpessoais. A globalização pelaconcepção da sociologia.",CURRICULO_REFERENCIA_MS_EM_V1_1,CURRICULO_COMPLETO,CURRICULO_REFERENCIA_MS_EM_V1_1,272
EM,EM2,CURRICULAR,Sociologia,SOC,MS.EM13CHS203,"Compar ar os significados de território, fronteiras e vazio (espacial, temporal e cultural) em diferentes sociedades, contextualizando e relativizando visões dualistas (civilização/barbárie, nomadismo/sedentarismo, esclarecimento/obscurantis mo, cidade/ campo, entre outras).",,Sociedades nômades e tradicionais; Conflitos étnicos; Fronteiras e trocas simbólicas. TEMÁTICO: TERRITÓRIO E Objetos de Conhecimento,CURRICULO_REFERENCIA_MS_EM_V1_1,CURRICULO_COMPLETO,CURRICULO_REFERENCIA_MS_EM_V1_1,273
EM,EM2,CURRICULAR,Sociologia,SOC,MS.EM13CHS204,"Compar ar e avaliar os processos ocupação do espaço e a formação de territórios, territorialidades e fronteiras, identificando o papel de diferentes agentes (como grupos sociais e culturais, impérios, Estados Nacionais e organismos internacionais) e considerando os conflitos populacionais (internos e externos), a diversidade étnico-cultural e as características socioeconômicas, políticas tecnológicas.",,Conflitos urbanos no Oriente Médio.,CURRICULO_REFERENCIA_MS_EM_V1_1,CURRICULO_COMPLETO,CURRICULO_REFERENCIA_MS_EM_V1_1,274
EM,EM2,CURRICULAR,Sociologia,SOC,MS.EM13CHS205,"Analisar a produção de diferentes territorialidades em suas dimensões culturais, econômicas, ambientais, políticas e sociais, no Brasil no mundo contemporâneo, com destaque para as culturas juvenis. Competência Específica 3 . Analisar e avaliar (produção, distribuição proposição de alternativas consumo responsável",,"Prolongamento da juventude: transição para a idade adulta ou as (im)possibilidades de “crescer”; Mídia, poder e formação de opinião. Área: as relações de diferentes grupos, e seus impactos econômicos respeitem e promovam a local, regional, nacional e global. TEMÁTICO: SOCIEDADE E",CURRICULO_REFERENCIA_MS_EM_V1_1,CURRICULO_COMPLETO,CURRICULO_REFERENCIA_MS_EM_V1_1,275
EM,EM2,CURRICULAR,Sociologia,SOC,MS.EM13CHS301,"Proble matizar hábitos e práticas individuais e coletivos de produção, reaproveitamento e descarte de resíduos em metrópoles, áreas urbanas e rurais, e comunidades com diferentes características socioeconômicas, e elaborar e/ou selecionar propostas de ação que promovam a sustentabilidade socioambiental, o combate à poluição sistêmica e o consumo responsável.",,Produção e tecnologia na sociedade de consumo; Problemáticas socioambientais preservacionistas.,CURRICULO_REFERENCIA_MS_EM_V1_1,CURRICULO_COMPLETO,CURRICULO_REFERENCIA_MS_EM_V1_1,277
EM,EM2,CURRICULAR,Sociologia,SOC,MS.EM13CHS302,"Analisar e avaliar criticamente os impactos econômicos e socioambientais de cadeias produtivas ligadas à exploração de recursos naturais e às atividades agropecuárias em diferentes ambientes e escalas de análise, considerando o modo de vida das populações locais – entre elas as indígenas, quilombolas e demais comunidades tradicionais , suas práticas agroextrativistas e o compromisso com a sustentabilidade.",,Desenvolvimento sustentável; Terras indígenas no MS; sustentabilidade.,CURRICULO_REFERENCIA_MS_EM_V1_1,CURRICULO_COMPLETO,CURRICULO_REFERENCIA_MS_EM_V1_1,278
EM,EM2,CURRICULAR,Sociologia,SOC,MS.EM13CHS303,"Debat er e avaliar o papel da indústria cultural e das culturas de massa no estímulo ao consumismo, seus impactos econômicos e socioambientais, com vistas à percepção crítica das necessidadescriadas pelo consumo e à adoção de hábitos sustentáveis.",,Indústria cultural e a deformação da Identidade pessoal: padronização e lazer alienado.,CURRICULO_REFERENCIA_MS_EM_V1_1,CURRICULO_COMPLETO,CURRICULO_REFERENCIA_MS_EM_V1_1,279
EM,EM2,CURRICULAR,Sociologia,SOC,MS.EM13CHS304,"Analis ar os impactos socioambientais decorrentes de práticas instituições governamentais, de empresas e de indivíduos, discutindo as origens dessas práticas, selecionando, incorporando e promovendo aquelas que favoreçam a consciência a ética socioambiental e consumo responsável.",,Aspectos ideológicos e políticos dos movimentos sociais ambientais. TEMÁTICO: SOCIEDADE E,CURRICULO_REFERENCIA_MS_EM_V1_1,CURRICULO_COMPLETO,CURRICULO_REFERENCIA_MS_EM_V1_1,280
EM,EM2,CURRICULAR,Sociologia,SOC,MS.EM13CHS305,"Analis ar e discutir o papel e as competências legais dos organismos nacionais e internacionais de regulação, controle e fiscalização ambiental e dos acordos internacionais para a promoção e a garantia de práticas ambientais sustentáveis.",,"Organismos de regulação, controle e fiscalização ambiental e dos acordos: gestão pública dos recursos naturais brasileiros. TEMÁTICO: SOCIEDADE E",CURRICULO_REFERENCIA_MS_EM_V1_1,CURRICULO_COMPLETO,CURRICULO_REFERENCIA_MS_EM_V1_1,282
EM,EM2,CURRICULAR,Sociologia,SOC,MS.EM13CHS306,"Contex tualizar, comparar e avaliar os impactos de diferentes modelos socioeconômicos no uso dos recursos naturais e na promoção sustentabilidade econômica e socioambiental do planeta (como a adoção dos sistemas da agrobiodiversidade e agroflorestal por diferentes comunidades, entre outros). 5.5.3. Ciências Humanas Competência Específica 4. Analisar as relações discutindo o papel dessas",,"Formas de incentivo aos grupos étnicos (povos indígenas e quilombolas) para a diversificação na produção de alimentos. Sociais Aplicadas – 3º Área: capital e trabalho em diferentes na construção, consolidação",CURRICULO_REFERENCIA_MS_EM_V1_1,CURRICULO_COMPLETO,CURRICULO_REFERENCIA_MS_EM_V1_1,283
EM,EM3,CURRICULAR,Sociologia,SOC,MS.EM13CHS401,"Identificar e analisar as relações entre sujeitos, grupos, classes sociais e sociedades com culturas distintas diante das transformações técnicas, tecnológicas e informacionais e das novas formas de trabalho ao longo do tempo, em diferentes espaços (urbanos e rurais) e contextos.",,Industrialização e impacto social: trabalho alienado e modos de produção.,CURRICULO_REFERENCIA_MS_EM_V1_1,CURRICULO_COMPLETO,CURRICULO_REFERENCIA_MS_EM_V1_1,285
EM,EM3,CURRICULAR,Sociologia,SOC,MS.EM13CHS402,"Analisar e comparar indicadores de emprego, trabalho e renda em diferentes espaços, escalas e tempos, associando-os processos de estratificação e desigualdade socioeconômica.",,"Trabalho, renda e desigualdade social no Brasil e seus impactos .",CURRICULO_REFERENCIA_MS_EM_V1_1,CURRICULO_COMPLETO,CURRICULO_REFERENCIA_MS_EM_V1_1,286
EM,EM3,CURRICULAR,Sociologia,SOC,MS.EM13CHS403,"Caracterizar e analisar os impactos das transformações tecnológicas nas relações sociais e de trabalho próprias da contemporaneidade, promovendo ações voltadas à superação das desigualdades sociais, da opressão e da violação dos Direitos Humanos.",,Flexibilização e precarização das relações de trabalho: economia solidária e terceiro setor.,CURRICULO_REFERENCIA_MS_EM_V1_1,CURRICULO_COMPLETO,CURRICULO_REFERENCIA_MS_EM_V1_1,287
EM,EM3,CURRICULAR,Sociologia,SOC,MS.EM13CHS404,"Identifi car e discutir os múltiplos aspectos do trabalho em diferentes circunstâncias contextos históricos e/ou geográficos e seus efeitos sobre as gerações, em especial, os jovens, levando em consideração, na atualidade, as transformações técnicas, tecnológicas e informacionais. Competência Específica 5. Identificar e combater éticos, democráticos,",,"O jovem e a organização trabalho na atualidade: emprego, desemprego e subemprego. Área: formas de injustiça, preconceito solidários, e respeitando os SOCIEDADE, CULTURA",CURRICULO_REFERENCIA_MS_EM_V1_1,CURRICULO_COMPLETO,CURRICULO_REFERENCIA_MS_EM_V1_1,288
EM,EM3,CURRICULAR,Sociologia,SOC,MS.EM13CHS501,"Anali sar os fundamentos da ética em diferentes culturas, tempos e espaços, identificando processos que contribuem para a formação de sujeitos éticos que valorizem a liberdade, a cooperação, a autonomia, o empreendedorismo, a convivência democrática e a solidariedade.",,Conceitos de comunidade sociedade: ética e cidadania.,CURRICULO_REFERENCIA_MS_EM_V1_1,CURRICULO_COMPLETO,CURRICULO_REFERENCIA_MS_EM_V1_1,290
EM,EM3,CURRICULAR,Sociologia,SOC,MS.EM13CHS502,"Analisar situações da vida cotidiana, estilos de vida, valores, condutas etc., desnaturalizando e problematizando formas de desigualdade, preconceito, intolerância e discriminação, e identificar ações que promovam os Direitos Humanos, a solidariedade e o respeito às diferenças e àsliberdades individuais.",,Movimentos sociais e seus direitos no Brasil e em Mato Grosso do Sul.,CURRICULO_REFERENCIA_MS_EM_V1_1,CURRICULO_COMPLETO,CURRICULO_REFERENCIA_MS_EM_V1_1,291
EM,EM3,CURRICULAR,Sociologia,SOC,MS.EM13CHS503,"Identificar diversas formas de violência (física, simbólica, psicológica etc.), suas principais vítimas, suas causas sociais, psicológicas e afetivas, seus significados e usos políticos, sociais e culturais, discutindo e avaliando mecanismos para combatê-las, com base em argumentos éticos.",,Relação entre indivíduos; diferentes formas de violência.,CURRICULO_REFERENCIA_MS_EM_V1_1,CURRICULO_COMPLETO,CURRICULO_REFERENCIA_MS_EM_V1_1,292
EM,EM3,CURRICULAR,Sociologia,SOC,MS.EM13CHS504,"Anali sar e avaliar os impasses ético-políticos decorrentes das transformações culturais, sociais, históricas, científicas e tecnológicas no mundo contemporâneo e seus desdobramentos nas atitudes e nos valores de indivíduos, grupos sociais, sociedades e culturas. Competência Específica 6. Participar do debate alinhadas ao exercício crítica e responsabilidade.",,"Redes sociais: influência tecnologia no fazer político da sociedade moderna. Área: forma crítica, respeitando e ao seu projeto de vida, INDIVÍDUO, CULTURA,",CURRICULO_REFERENCIA_MS_EM_V1_1,CURRICULO_COMPLETO,CURRICULO_REFERENCIA_MS_EM_V1_1,293
EM,EM3,CURRICULAR,Sociologia,SOC,MS.EM13CHS601,"Identificar e analisar as demandas e os protagonismos políticos, sociais e culturais dos povos indígenas e das populações afrodescendentes (incluindo as quilombolas) no Brasil contemporâneo considerando a história das Américas e o contexto de exclusão e inclusão precária desses grupos na ordem social e econômica atual, promovendo ações para a redução das desigualdades étnicoraciais no país.",,Minorias: lutas por direitos; indígenas e populações afrodescendentes no contexto de exclusão.,CURRICULO_REFERENCIA_MS_EM_V1_1,CURRICULO_COMPLETO,CURRICULO_REFERENCIA_MS_EM_V1_1,295
EM,EM3,CURRICULAR,Sociologia,SOC,MS.EM13CHS602,"Identificar e caracterizar presença do paternalismo, do autoritarismo e do populismo na política, na sociedade e nas culturas brasileira e latinoamericana, em períodos ditatoriais e democráticos, relacionando-os com as formas de organização e de articulação das sociedades em defesa da autonomia, da liberdade, do diálogo e da promoção da democracia, da cidadania e dos direitos humanos na sociedade atual.",,A organização política brasileira; Estado e formas de governo Brasil.,CURRICULO_REFERENCIA_MS_EM_V1_1,CURRICULO_COMPLETO,CURRICULO_REFERENCIA_MS_EM_V1_1,296
EM,EM3,CURRICULAR,Sociologia,SOC,MS.EM13CHS603,"Analisar a formação de diferentes países, povos nações e de suas experiências políticas e de exercício da cidadania, aplicando conceitos políticos básicos (Estado, poder, formas, sistemas e regimesde governo, soberania etc.).",,"Legislação e direitos sociais; Constituição Brasileira de 1988. INDIVÍDUO, CULTURA,",CURRICULO_REFERENCIA_MS_EM_V1_1,CURRICULO_COMPLETO,CURRICULO_REFERENCIA_MS_EM_V1_1,297
EM,EM3,CURRICULAR,Sociologia,SOC,MS.EM13CHS604,"Discutir o papel dos organismos internacionais no contexto mundial, com vistas à elaboração de uma visão crítica sobre seus limites e suas formas de atuação nos países, considerando os aspectos positivos e negativos dessa atuação para as populações locais.",,Organização política e econômica no século XX e XXI; Estados Nacionais.,CURRICULO_REFERENCIA_MS_EM_V1_1,CURRICULO_COMPLETO,CURRICULO_REFERENCIA_MS_EM_V1_1,299
EM,EM3,CURRICULAR,Sociologia,SOC,MS.EM13CHS605,"Analisar os princípios da declaração dos Direitos Humanos, recorrendo às noções de justiça, igualdade e fraternidade, identificar os progressos entraves à concretização desses direitos nas diversas sociedades contemporâneas e promover ações concretas diante da desigualdade e das violações desses direitos em diferentes espaços de vivência, respeitando a identidade de cada grupo e de cada indivíduo.",,"Democracia, justiça social e Direitos Humanos.",CURRICULO_REFERENCIA_MS_EM_V1_1,CURRICULO_COMPLETO,CURRICULO_REFERENCIA_MS_EM_V1_1,300
EM,EM3,CURRICULAR,Sociologia,SOC,MS.EM13CHS606,"Analisar as características socioeconômicas da sociedade brasileira – com base na análise de documentos (dados, tabelas, mapas etc.) de diferentes fontes – e propor medidas para enfrentar os problemas identificados e construir uma sociedade mais próspera, justa e inclusiva, que valorize o protagonismo de seus cidadãos e promova o autoconhecimento, a autoestima, a autoconfiança e a empatia. 5.6. Ciências da Na contemporaneidade, das demandas por novas partir dos desafios senso comum ao conhecimento, considerando com vistas a alcançar responsabilidade (POZO, Com os avanços da e avanços científicos conceitos e teorias dos seres vivos, além investigação sobre a e individual da ciência investigação, de um ativo; de outro, esses demandam um olhar tecnologia para necessidades Nesse contexto, a área situações de aprendizagem para que ele desenvolva desenvolver experimentos estudante alcance a que correlacionam a de recursos naturais O Currículo de Referência epistemológicos e novas crenças relacionadas do mundo de forma sociocultural e realização Nesta perspectiva, a papel do sujeito participativo elaborações, experimentos, somente da informação, científico no processo âmbito da área de CNT, 16 As ações que são implícitas questionar, desafiar, argumentar, linguagem das ciências deve TEIXEIRA, Odete Pacubi Baierl. investigação científica, tal maneira, as unidades a educação científica. estudante e seu compromisso (CARVALHO, 2013, p. A área de CNT, assim uma formação integral apresentar inúmeras seus aspectos microscópicos experimentação, vivências conhecimento de maneira primordiais de abordagens apresentar modelos, intervenção de forma aprendizagem dentro Do ponto de vista do teórico-experimental aprendizagem, baseado descobertas científicas. estudantes a ampliação explicações, considerando hipótese ou teoria ambiente (ROTH, 2011, A construção de um convergir ou serem aprendizagem científica em que desenvolve contribui de forma substantiva No processo de ensino-aprendizagem, promovam a educação conhecimentos, mas pensamento científico, importante papel fundamentada, buscando dos desafios do século 17 Sobre o debate no campo ciência afinal? Trad. Raul Filker. Paulo: Atlas, 2000; pp. 74-125; Física, Florianópolis, v. 13, n. Florianópolis, v. 13, n. 3, pp Nesse sentido, cabe atividades, os instrumentos para que o estudante complexidade do conhecimento18. ampliação da percepção, frente aos desafios atemporais, vislumbrando sua projeção Por sua vez, espera-se uma vez que os diversos estudante pode vivenciar, e potencialidades, integradas mais simples ao mais O Currículo de CNT processo formativo consigo mediante a dos conhecimentos democracia, tendo efetividade do protagonismo problemas e pelo agir 2007, p. 6). No que se refere à estudante se aproprie cognitivas partir das necessidades ciência. Por isso, é fundamental humana, cognitiva, emocional, pressupõe a formação Por fim, cabe salientar com relação à parte Formativos, com vistas contextualizado das 18 Do ponto de vista da aprendizagem, diversas. Assim, é possível perceber mobilização de diferentes recursos relevância possível em relação reconhecer quais os instrumentos como saber aplicá-los corretamente Henrique Lucas Lima. Porto 5.6.1. Ciências da Competências Específicas 1. Analisar fenômenos matéria e energia, minimizem impactos global. 2. Analisar e utilizar argumentos, realizar fundamentar e defender",,"Possibilidades socioeconômicas brasileiras; Fórum Social Mundial: Um outro mundo é possível? INDIVÍDUO, CULTURA, e suas Tecnologias que o conhecimento científico e resolução de problemas pensar uma formação cidadã incentiva a participação de referenciais teóricos, que instiga tomadas 118-135). hoje inúmeras situações que tais como, dentre outros: utilização de novos materiais, fontes de energias renováveis. social, cultural, econômica científico da humanidade. avanços para a qualidade a configurar inúmeros sobre a forma e maneira (DAVEL, 2017, pp. 4-8). da Natureza e suas Tecnologias a observação e análise dos ciência. Isso significa habilitar soluções de situações-problema diferentes conhecimentos bem como sua influência novas tecnologias e descobertas que aprender ciência16 implica pensar para desenvolver e à ideia de não neutralidade que busca subsidiar o estudante de vida. na área de CNT utiliza metodologias busca soluções por meio prototipagens, dentre do conhecimento científico, e consolidação da leitura que as atividades pedagógicas comportam: observar, descrever, comparar, julgar, avaliar, decidir, concluir, a propiciar habilidades relacionadas da ciência e o ensino de ciências. Ciência assim à prática efetiva e se tornam espaços de vivências tal educação constitui a condição relação aos desafios que p. 15). áreas de conhecimento, o estudante em sua aprendizagens acerca da natureza Nesse sentido, na perspectiva participativa e colaborativa, área, mas também estendê-los que exponham suas em situações reais e de Física, Química e Ciências da Natureza e suas o aprendizado da prática possibilita a investigação é importante que de observar os fenômenos científicas e dados de problemas e correlacionar 2017, p. 2; BACICH, 2018, perante os resultados hipotético-provisórios17 uma determinada pesquisa, (CARVALHO, 2013 p.43). e reflexivo e se edifica a formação integral dos estudantes cabe ao professor Essa não se limita à utilidade de forma criativa e curiosa, assim o senso comum tendo em vista que sua estratégicos para manter os relativo aos métodos e à falibilidade do 1993, capítulos III, V, VIII, XI; DEMO, Lang. A filosofia da ciência de Karl 1996; OSTERMANN, Fernanda. A epistemologia o papel de mediador do processo a partir e amplie Tais habilidades e competências memória, imaginação, e evolutivos das uma cultura científica educacional possa assumir o papel de aprendizagem foram organizados de cada situação-problema métodos e metodologias de conhecimento. processo pelo qual o estudante estágios: primeiro, que amplia o raciocínio quantitativo, lógico; segundo, desenvolvimento de competências da autoria, que se demonstra inclusivo, ético e sustentável aprendizagens essenciais referentes teorias, modelos compreensivos valores éticos e atitudes. e demandas sociais na o processo avaliativo considere e cultural, posto que o currículo da FGB do Currículo de CNT articulada com o aprofundamento a desfragmentação de conteúdos gerais e específicas da área. de uma competência está relacionado grau de complexidade, a partir esquemas de atuação, que envolvam Nesse sentido, Zabala afirma que as técnicas e quais as atitudes são (cf. ZABALA, Antoni, LAIA, Arnau. pp. 112-113). e suas Tecnologias – Área: processos tecnológicos, com individuais e coletivas e melhorem as condições sobre a dinâmica da Vida, o funcionamento e a evolução éticas e responsáveis.",CURRICULO_REFERENCIA_MS_EM_V1_1,CURRICULO_COMPLETO,CURRICULO_REFERENCIA_MS_EM_V1_1,301
