etapa,anos_series,tipo_associacao,componente,sigla,codigo,descricao,unidade_tematica,objeto_conhecimento,origem,escopo,fonte_documento,fonte_pagina
EF_AF,EF6|EF7,CURRICULAR,Arte,ARTE,MS.EF69AR00.n.09,"Pesquisar, conhecer a história mundial da dança, e seus diferentes estilos, transições de caráter ritualístico, folclórico, clássico, moderno, contemporâneo e outros, considerando as características da cultura folclórica e regional.",Dança,Contextos e práticas,CURRICULO_REFERENCIA_MS_EF_V1_10,CURRICULO_COMPLETO,CURRICULO_REFERENCIA_MS_EF_V1_10,337
EF_AF,EF6|EF7,CURRICULAR,Arte,ARTE,MS.EF69AR24.s.27,"Reconhecer e apreciar artistas e grupos de teatro brasileiros e estrangeiros de diferentes épocas, investigando os modos de criação, produção, divulgação, circulação e organização da atuação profissional em teatro.",Teatro,Contextos e práticas,CURRICULO_REFERENCIA_MS_EF_V1_10,CURRICULO_COMPLETO,CURRICULO_REFERENCIA_MS_EF_V1_10,342
EF_AF,EF6|EF7,CURRICULAR,Arte,ARTE,MS.EF69AR25.s.28,"Identificar e analisar diferentes estilos cênicos, contextualizando-os no tempo e no espaço de modo a aprimorar a capacidade de apreciação da estética teatral.",Teatro Unidades Temáticas,Contextos e práticas Objetos de Conhecimento,CURRICULO_REFERENCIA_MS_EF_V1_10,CURRICULO_COMPLETO,CURRICULO_REFERENCIA_MS_EF_V1_10,342
EF_AF,EF6|EF7,CURRICULAR,Arte,ARTE,MS.EF69AR35.s.38,"Identificar e manipular diferentes tecnologias e recursos digitais para acessar, apreciar, produzir, registrar e compartilhar práticas e repertórios artísticos, de modo reflexivo, ético e responsável.",Artes integradas,Arte e tecnologia,CURRICULO_REFERENCIA_MS_EF_V1_10,CURRICULO_COMPLETO,CURRICULO_REFERENCIA_MS_EF_V1_10,345
EF_AF,EF6|EF7|EF8|EF9,CURRICULAR,Arte,ARTE,MS.EF69AR00.n.16,"Discutir e desenvolver o senso crítico relativo às diferentes manifestações da dança existentes em diversos contextos, experimentando a prática colaborativa da dança individual e coletiva, vivenciando a sensação de pertencimento.",Dança,Processos de criação,CURRICULO_REFERENCIA_MS_EF_V1_10,CURRICULO_COMPLETO,CURRICULO_REFERENCIA_MS_EF_V1_10,339
EF_AF,EF6|EF7|EF8|EF9,CURRICULAR,Arte,ARTE,MS.EF69AR00.s.21,"Pesquisar e identificar manifestações musicais de caráter regional tais como: grupos, artistas, compositores, intérpretes, corais e outros.",Música,Contextos e práticas,CURRICULO_REFERENCIA_MS_EF_V1_10,CURRICULO_COMPLETO,CURRICULO_REFERENCIA_MS_EF_V1_10,340
EF_AF,EF6|EF7|EF8|EF9,CURRICULAR,Arte,ARTE,MS.EF69AR01.s.01,"Pesquisar, apreciar e analisar formas distintas das artes visuais tradicionais e contemporâneas, em obras de artistas brasileiros e estrangeiros de diferentes épocas e em diferentes matrizes estéticas e culturais, de modo a ampliar a experiência com diferentes contextos e práticas artístico-visuais e cultivar a percepção, o imaginário, a capacidade de simbolizar e o repertório imagético.",Artes visuais Unidades Temáticas,Contextos e práticas Objetos de Conhecimento,CURRICULO_REFERENCIA_MS_EF_V1_10,CURRICULO_COMPLETO,CURRICULO_REFERENCIA_MS_EF_V1_10,334
EF_AF,EF6|EF7|EF8|EF9,CURRICULAR,Arte,ARTE,MS.EF69AR02.s.02,"Pesquisar e analisar diferentes estilos visuais, contextualizando-os no tempo e no espaço.",Artes visuais,Contextos e práticas,CURRICULO_REFERENCIA_MS_EF_V1_10,CURRICULO_COMPLETO,CURRICULO_REFERENCIA_MS_EF_V1_10,335
EF_AF,EF6|EF7|EF8|EF9,CURRICULAR,Arte,ARTE,MS.EF69AR03.s.03,"Analisar situações nas quais as linguagens das artes visuais se integram às linguagens audiovisuais (cinema, animações, vídeos etc.), gráficas (capas de livros, ilustrações de textos diversos etc.), cenográficas, coreográficas, musicais etc.",Artes visuais,Contextos e práticas,CURRICULO_REFERENCIA_MS_EF_V1_10,CURRICULO_COMPLETO,CURRICULO_REFERENCIA_MS_EF_V1_10,335
EF_AF,EF6|EF7|EF8|EF9,CURRICULAR,Arte,ARTE,MS.EF69AR04.s.04,"Analisar os elementos constitutivos das artes visuais (ponto, linha, forma, direção, cor, tom, escala, dimensão, espaço, movimento etc.) na apreciação de diferentes produções artísticas.",Artes visuais Unidades Temáticas,Elementos da linguagem Objetos de Conhecimento,CURRICULO_REFERENCIA_MS_EF_V1_10,CURRICULO_COMPLETO,CURRICULO_REFERENCIA_MS_EF_V1_10,335
EF_AF,EF6|EF7|EF8|EF9,CURRICULAR,Arte,ARTE,MS.EF69AR05.s.05,"Experimentar e analisar diferentes formas de expressão artística (desenho, pintura, colagem, quadrinhos, dobradura, escultura, modelagem, instalação, vídeo, fotografia, performance etc.).",Artes visuais,Materialidades,CURRICULO_REFERENCIA_MS_EF_V1_10,CURRICULO_COMPLETO,CURRICULO_REFERENCIA_MS_EF_V1_10,336
EF_AF,EF6|EF7|EF8|EF9,CURRICULAR,Arte,ARTE,MS.EF69AR06.s.06,"Desenvolver processos de criação em artes visuais, com base em temas ou interesses artísticos, de modo individual, coletivo e colaborativo, fazendo uso de materiais, instrumentos e recursos convencionais, alternativos e digitais.",Artes visuais,Processos de criação,CURRICULO_REFERENCIA_MS_EF_V1_10,CURRICULO_COMPLETO,CURRICULO_REFERENCIA_MS_EF_V1_10,336
EF_AF,EF6|EF7|EF8|EF9,CURRICULAR,Arte,ARTE,MS.EF69AR07.s.07,"Dialogar com princípios conceituais, proposições temáticas, repertórios imagéticos e processos de criação nas suas produções visuais.",Artes visuais,Processos de criação,CURRICULO_REFERENCIA_MS_EF_V1_10,CURRICULO_COMPLETO,CURRICULO_REFERENCIA_MS_EF_V1_10,336
EF_AF,EF6|EF7|EF8|EF9,CURRICULAR,Arte,ARTE,MS.EF69AR08.s.08,"Diferenciar as categorias de artista, artesão, produtor cultural, curador, designer, entre outras, estabelecendo relações entre os profissionais do sistema das artes visuais.",Artes visuais Unidades Temáticas,Sistemas da linguagem Objetos de Conhecimento,CURRICULO_REFERENCIA_MS_EF_V1_10,CURRICULO_COMPLETO,CURRICULO_REFERENCIA_MS_EF_V1_10,336
EF_AF,EF6|EF7|EF8|EF9,CURRICULAR,Arte,ARTE,MS.EF69AR09.s.10,"Pesquisar e analisar diferentes formas de expressão, representação e encenação da dança, reconhecendo e apreciando composições de dança de artistas e grupos brasileiros e estrangeiros de diferentes épocas.",Dança,Contextos e práticas,CURRICULO_REFERENCIA_MS_EF_V1_10,CURRICULO_COMPLETO,CURRICULO_REFERENCIA_MS_EF_V1_10,337
EF_AF,EF6|EF7|EF8|EF9,CURRICULAR,Arte,ARTE,MS.EF69AR10.s.11,"Explorar elementos constitutivos do movimento cotidiano e do movimento dançado, abordando, criticamente, o desenvolvimento das formas da dança em sua história tradicional e contemporânea.",Dança,Elementos da linguagem,CURRICULO_REFERENCIA_MS_EF_V1_10,CURRICULO_COMPLETO,CURRICULO_REFERENCIA_MS_EF_V1_10,337
EF_AF,EF6|EF7|EF8|EF9,CURRICULAR,Arte,ARTE,MS.EF69AR11.s.12,"Experimentar e analisar os fatores de movimento (tempo, peso, fluência e espaço) como elementos que, combinados, geram as ações corporais e o movimento dançado.",Dança Unidades Temáticas,Elementos da linguagem Objetos de Conhecimento,CURRICULO_REFERENCIA_MS_EF_V1_10,CURRICULO_COMPLETO,CURRICULO_REFERENCIA_MS_EF_V1_10,337
EF_AF,EF6|EF7|EF8|EF9,CURRICULAR,Arte,ARTE,MS.EF69AR12.s.13,Investigar e experimentar procedimentos de improvisação e criação do movimento como fonte para a construção de vocabulários e repertórios próprios.,Dança,Processos de criação,CURRICULO_REFERENCIA_MS_EF_V1_10,CURRICULO_COMPLETO,CURRICULO_REFERENCIA_MS_EF_V1_10,338
EF_AF,EF6|EF7|EF8|EF9,CURRICULAR,Arte,ARTE,MS.EF69AR13.s.14,"Investigar brincadeiras, jogos, danças coletivas e outras práticas de dança de diferentes matrizes estéticas e culturais como referência para a criação e a composição de danças autorais, individualmente e em grupo.",Dança,Processos de criação,CURRICULO_REFERENCIA_MS_EF_V1_10,CURRICULO_COMPLETO,CURRICULO_REFERENCIA_MS_EF_V1_10,338
EF_AF,EF6|EF7|EF8|EF9,CURRICULAR,Arte,ARTE,MS.EF69AR14.s.15,"Analisar e experimentar diferentes elementos (figurino, iluminação, cenário, trilha sonora etc.) e espaços (convencionais e não convencionais) para composição cênica e apresentação coreográfica.",Dança Unidades Temáticas,Processos de criação Objetos de Conhecimento,CURRICULO_REFERENCIA_MS_EF_V1_10,CURRICULO_COMPLETO,CURRICULO_REFERENCIA_MS_EF_V1_10,338
EF_AF,EF6|EF7|EF8|EF9,CURRICULAR,Arte,ARTE,MS.EF69AR15.s.17,"Discutir as experiências pessoais e coletivas em dança vivenciadas na escola e em outros contextos, problematizando estereótipos e preconceitos.",Dança,Processos de criação,CURRICULO_REFERENCIA_MS_EF_V1_10,CURRICULO_COMPLETO,CURRICULO_REFERENCIA_MS_EF_V1_10,339
EF_AF,EF6|EF7|EF8|EF9,CURRICULAR,Arte,ARTE,MS.EF69AR16.s.18,"Analisar criticamente, por meio da apreciação musical, usos e funções da música em seus contextos de produção e circulação, relacionando as práticas musicais às diferentes dimensões da vida social, cultural, política, histórica, econômica, estética e ética",Música Unidades Temáticas,Contextos e práticas Objetos de Conhecimento,CURRICULO_REFERENCIA_MS_EF_V1_10,CURRICULO_COMPLETO,CURRICULO_REFERENCIA_MS_EF_V1_10,339
EF_AF,EF6|EF7|EF8|EF9,CURRICULAR,Arte,ARTE,MS.EF69AR17.s.19,"Explorar e analisar, criticamente, diferentes meios e equipamentos culturais de circulação da música e do conhecimento musical.",Música,Contextos e práticas,CURRICULO_REFERENCIA_MS_EF_V1_10,CURRICULO_COMPLETO,CURRICULO_REFERENCIA_MS_EF_V1_10,340
EF_AF,EF6|EF7|EF8|EF9,CURRICULAR,Arte,ARTE,MS.EF69AR18.s.20,Reconhecer e apreciar o papel de músicos e grupos de música brasileiros e estrangeiros que contribuíram para o desenvolvimento de formas e gêneros musicais.,Música,Contextos e práticas,CURRICULO_REFERENCIA_MS_EF_V1_10,CURRICULO_COMPLETO,CURRICULO_REFERENCIA_MS_EF_V1_10,340
EF_AF,EF6|EF7|EF8|EF9,CURRICULAR,Arte,ARTE,MS.EF69AR19.s.22,"Identificar e analisar diferentes estilos musicais, contextualizando-os no tempo e no espaço, de modo a aprimorar a capacidade de apreciação da estética musical.",Música,Contextos e práticas,CURRICULO_REFERENCIA_MS_EF_V1_10,CURRICULO_COMPLETO,CURRICULO_REFERENCIA_MS_EF_V1_10,340
EF_AF,EF6|EF7|EF8|EF9,CURRICULAR,Arte,ARTE,MS.EF69AR20.s.23,"Explorar e analisar elementos constitutivos da música (altura, intensidade, timbre, melodia, ritmo etc.), por meio de recursos tecnológicos (games e plataformas digitais), jogos, canções e práticas diversas de composição/criação, execução e apreciação musicais.",Música Unidades Temáticas,Elementos da linguagem Objetos de Conhecimento,CURRICULO_REFERENCIA_MS_EF_V1_10,CURRICULO_COMPLETO,CURRICULO_REFERENCIA_MS_EF_V1_10,340
EF_AF,EF6|EF7|EF8|EF9,CURRICULAR,Arte,ARTE,MS.EF69AR21.s.24,"Explorar e analisar fontes e materiais sonoros em práticas de composição/criação, execução e apreciação musical, reconhecendo timbres e características de instrumentos musicais diversos.",Música,Materialidades,CURRICULO_REFERENCIA_MS_EF_V1_10,CURRICULO_COMPLETO,CURRICULO_REFERENCIA_MS_EF_V1_10,341
EF_AF,EF6|EF7|EF8|EF9,CURRICULAR,Arte,ARTE,MS.EF69AR22.s.25,"Explorar e identificar diferentes formas de registro musical (notação musical tradicional, partituras criativas e procedimentos da música contemporânea), bem como procedimentos e técnicas de registro em áudio e audiovisual.",Música,Notação e registro musical,CURRICULO_REFERENCIA_MS_EF_V1_10,CURRICULO_COMPLETO,CURRICULO_REFERENCIA_MS_EF_V1_10,341
EF_AF,EF6|EF7|EF8|EF9,CURRICULAR,Arte,ARTE,MS.EF69AR23.s.26,"Explorar e criar improvisações, composições, arranjos, jingles, trilhas sonoras, entre outros, utilizando vozes, sons corporais e/ou instrumentos acústicos ou eletrônicos, convencionais ou não convencionais, expressando ideias musicais de maneira individual, coletiva e colaborativa.",Música Unidades Temáticas,Processos de criação Objetos de Conhecimento,CURRICULO_REFERENCIA_MS_EF_V1_10,CURRICULO_COMPLETO,CURRICULO_REFERENCIA_MS_EF_V1_10,341
EF_AF,EF6|EF7|EF8|EF9,CURRICULAR,Arte,ARTE,MS.EF69AR26.s.29,"Explorar diferentes elementos envolvidos na composição dos acontecimentos cênicos (figurinos, adereços, cenário, iluminação e sonoplastia) e reconhecer seus vocabulários.",Teatro,Elementos da linguagem,CURRICULO_REFERENCIA_MS_EF_V1_10,CURRICULO_COMPLETO,CURRICULO_REFERENCIA_MS_EF_V1_10,343
EF_AF,EF6|EF7|EF8|EF9,CURRICULAR,Arte,ARTE,MS.EF69AR27.s.30,"Pesquisar e criar formas de dramaturgias e espaços cênicos para o acontecimento teatral, em diálogo com o teatro contemporâneo.",Teatro,Processos de criação,CURRICULO_REFERENCIA_MS_EF_V1_10,CURRICULO_COMPLETO,CURRICULO_REFERENCIA_MS_EF_V1_10,343
EF_AF,EF6|EF7|EF8|EF9,CURRICULAR,Arte,ARTE,MS.EF69AR28.s.31,Investigar e experimentar diferentes funções teatrais e discutir os limites e desafios do trabalho artístico coletivo e colaborativo.,Teatro,Processos de criação,CURRICULO_REFERENCIA_MS_EF_V1_10,CURRICULO_COMPLETO,CURRICULO_REFERENCIA_MS_EF_V1_10,343
EF_AF,EF6|EF7|EF8|EF9,CURRICULAR,Arte,ARTE,MS.EF69AR29.s.32,Experimentar a gestualidade e as construções corporais e vocais de maneira imaginativa na improvisação teatral e no jogo cênico.,Teatro,Processos de criação,CURRICULO_REFERENCIA_MS_EF_V1_10,CURRICULO_COMPLETO,CURRICULO_REFERENCIA_MS_EF_V1_10,343
EF_AF,EF6|EF7|EF8|EF9,CURRICULAR,Arte,ARTE,MS.EF69AR30.s.33,"Compor improvisações e acontecimentos cênicos com base em textos dramáticos ou outros estímulos (música, imagens, objetos etc.), caracterizando personagens (com figurinos e adereços), cenário, iluminação e sonoplastia e considerando a relação com o espectador.",Teatro Unidades Temáticas,Processos de criação Objetos de Conhecimento,CURRICULO_REFERENCIA_MS_EF_V1_10,CURRICULO_COMPLETO,CURRICULO_REFERENCIA_MS_EF_V1_10,343
EF_AF,EF6|EF7|EF8|EF9,CURRICULAR,Arte,ARTE,MS.EF69AR31.s.34,"Relacionar as práticas artísticas às diferentes dimensões da vida social, cultural, política, histórica, econômica, estética e ética.",Artes integradas,Contextos e práticas,CURRICULO_REFERENCIA_MS_EF_V1_10,CURRICULO_COMPLETO,CURRICULO_REFERENCIA_MS_EF_V1_10,344
EF_AF,EF6|EF7|EF8|EF9,CURRICULAR,Arte,ARTE,MS.EF69AR32.s.35,"Analisar e explorar, em projetos temáticos, as relações processuais entre diversas linguagens artísticas.",Artes integradas,Processos de criação,CURRICULO_REFERENCIA_MS_EF_V1_10,CURRICULO_COMPLETO,CURRICULO_REFERENCIA_MS_EF_V1_10,344
EF_AF,EF6|EF7|EF8|EF9,CURRICULAR,Arte,ARTE,MS.EF69AR33.s.36,"Analisar aspectos históricos, sociais e políticos da produção artística, problematizando as narrativas eurocêntricas e as diversas categorizações da arte (arte, artesanato, folclore, design etc.).",Artes integradas,Matrizes estéticas e culturais,CURRICULO_REFERENCIA_MS_EF_V1_10,CURRICULO_COMPLETO,CURRICULO_REFERENCIA_MS_EF_V1_10,344
EF_AF,EF6|EF7|EF8|EF9,CURRICULAR,Arte,ARTE,MS.EF69AR34.s.37,"Analisar e valorizar o patrimônio cultural, material e imaterial, de culturas diversas, em especial a brasileira, incluindo suas matrizes indígenas, africanas e europeias, de diferentes épocas, e favorecendo a construção de vocabulário e repertório relativos às diferentes linguagens artísticas.",Artes integradas Unidades Temáticas,Patrimônio cultural Objetos de Conhecimento,CURRICULO_REFERENCIA_MS_EF_V1_10,CURRICULO_COMPLETO,CURRICULO_REFERENCIA_MS_EF_V1_10,344
EF_AF,EF8|EF9,CURRICULAR,Arte,ARTE,MS. EF69AR24.s.27,"Reconhecer e apreciar artistas e grupos de teatro brasileiros e estrangeiros de diferentes épocas, investigando os modos de criação, produção, divulgação, circulação e organização da atuação profissional em teatro.",Teatro,Contextos e práticas,CURRICULO_REFERENCIA_MS_EF_V1_10,CURRICULO_COMPLETO,CURRICULO_REFERENCIA_MS_EF_V1_10,352
EF_AF,EF8|EF9,CURRICULAR,Arte,ARTE,MS. EF69AR25.s.28,"Identificar e analisar diferentes estilos cênicos, contextualizando-os no tempo e no espaço de modo a aprimorar a capacidade de apreciação da estética teatral.",Teatro,Contextos e práticas,CURRICULO_REFERENCIA_MS_EF_V1_10,CURRICULO_COMPLETO,CURRICULO_REFERENCIA_MS_EF_V1_10,352
EF_AF,EF8|EF9,CURRICULAR,Arte,ARTE,MS.EF69AR00.n.09,"Pesquisar, conhecer a história mundial da dança, e seus diferentes estilos, e transições de caráter ritualístico, folclórico, clássico, moderno, contemporâneo e outros, considerando as características da cultura folclórica e regional.",Dança,Contextos e práticas,CURRICULO_REFERENCIA_MS_EF_V1_10,CURRICULO_COMPLETO,CURRICULO_REFERENCIA_MS_EF_V1_10,347
EF_AF,EF8|EF9,CURRICULAR,Arte,ARTE,MS.EF69AR35.s.38,"Identificar e manipular diferentes tecnologias e recursos digitais para acessar, apreciar, produzir, registrar e compartilhar práticas e repertórios artísticos, de modo reflexivo, ético e responsável. “Educação Física é a arte por meio desenvolvimento renovando-se de com a própria realização atividade escolar. Segundo (PCNs), as Diretrizes a Educação Física tem como corporal de movimento, a para a construção de saberes necessárias à consolidação e com as transformações como um profissional espaço de grande expressão pois ele apresenta, saúde e bem-estar a identificação das práticas Física tem a responsabilidade de conhecimento e as competências gerais da BNCC e curricular que pertence à à cultura corporal dessa área, tais como: a organização interna das linguagens e o modo que as práticas corporais limitadas à reprodução curricular Educação e aprendizagem os seguintes de Aventura. Além atividades que atendam e motoras, bem como integral do estudante, curriculares, dispõe-se elo entre as vivências das do Estado e as particularidades e em articulação com para assegurar desenvolver autonomia, de Educação Física cultura corporal de movimento para resolver desafios corporais, além de se envolver as relações entre a realização no contexto das atividades de padrões de desempenho, modelos disseminados na dos preconceitos, em relação às práticas os sentidos e os significados sujeitos que delas participam. como elementos de forma autônoma, as redes de sociabilidade corporais como direito no contexto comunitário. e criar diferentes corporais de aventura, Objetos de Conhecimento,","Artes integradas Unidades Temáticas 8.3.4 Educação A aprendizagem (LDB), os Parâmetros Nacional Comum apropriação e utilização às práticas corporais aos estudantes experiências crítico, conectado questões sociais, Nesse processo, mídias tecnológicas curricular Educação as práticas corporais qualidade de vida, desvinculados do O documento que as unidades temáticas, em consonância curricular. A Educação Física é um instrumento objetivos comuns linguagens, o conhecimento de enraizamento humanas. Nesse produção, não devendo, Em conformidade do Sul traz como Ginásticas, Danças, corpo, com o objetivo hábitos alimentares, corpos no espaço. Diante do compromisso de MS, aliado aos desse indivíduo, produção, observando Portanto, considerando dinâmicas, diversificadas conjunto de conhecimentos e participação de 8.3.4.1 Competências (2017): 1. Compreender da vida 2. Planejar aprendizagem cultural 3. Refletir, de saúde/doença, 4. Identificar analisando, preconceituosas. 5. Identificar posicionamentos 6. Interpretar corporais, 7. Reconhecer povos e 8. Usufruir contextos 9. Reconhecer alternativas 10. Experimentar, esportes, protagonismo. 8.3.4.2 Unidades Didáticas","Arte e tecnologia Objetos de Conhecimento Física é o foco central da Curriculares Nacionais Curricular (BNCC), da cultura que contribuam e vivências com as mídias digitais inclusivas e socioemocionais. o professor caracteriza-se já ocupam um Física não é diferente, que proporcionarão possibilitando-lhe consumismo. norteia a Educação as dimensões com as dez competências é um componente que integra o estudante aos demais componentes sobre sociocultural das diferentes sentido, entende-se portanto, serem com a BNCC, o componente unidade de estudo Lutas, Práticas Corporais de desenvolver capacidades físicas com a formação demais componentes promovendo um as realidades esses pressupostos e pluridimensionais, que permitam forma ética na sociedade. Específicas a origem da coletiva e individual. e empregar estratégias das práticas nesse campo. criticamente, sobre inclusive a multiplicidade criticamente, os as formas de produção discriminatórios e recriar os valores, bem como aos as práticas corporais grupos. das práticas corporais, de lazer, ampliar o acesso às práticas para sua realização desfrutar, apreciar lutas e práticas Temáticas,",CURRICULO_REFERENCIA_MS_EF_V1_10,CURRICULO_COMPLETO,CURRICULO_REFERENCIA_MS_EF_V1_10,354
EF_AF,EF6,CURRICULAR,Ciências,CIE,MS.EF06CI01.s.01,"Classificar como homogênea ou heterogênea a mistura de dois ou mais materiais (água e sal, água e óleo, água e areia, etc).",Matéria e energia,Misturas homogêneas e heterogêneas Separação de materiais Materiais sintéticos Transformações químicas,CURRICULO_REFERENCIA_MS_EF_V1_10,CURRICULO_COMPLETO,CURRICULO_REFERENCIA_MS_EF_V1_10,621
EF_AF,EF6,CURRICULAR,Ciências,CIE,MS.EF06CI02.s.02,"Identificar evidências de transformações químicas a partir do resultado de misturas de materiais que originam produtos diferentes dos que foram misturados (misturas de ingredientes para fazer um bolo, mistura de vinagre com bicarbonato de sódio, etc.).",Matéria e energia,Misturas homogêneas e heterogêneas Separação de materiais Materiais sintéticos Transformações químicas,CURRICULO_REFERENCIA_MS_EF_V1_10,CURRICULO_COMPLETO,CURRICULO_REFERENCIA_MS_EF_V1_10,621
EF_AF,EF6,CURRICULAR,Ciências,CIE,MS.EF06CI03.s.03,"Selecionar métodos mais adequados para a separação de diferentes sistemas heterogêneos a partir da identificação de processos de separação de materiais (como a produção de sal de cozinha, a destilação de petróleo, entre outros).",Matéria e energia,Misturas homogêneas e heterogêneas Separação de materiais Materiais sintéticos Transformações químicas,CURRICULO_REFERENCIA_MS_EF_V1_10,CURRICULO_COMPLETO,CURRICULO_REFERENCIA_MS_EF_V1_10,621
EF_AF,EF6,CURRICULAR,Ciências,CIE,MS.EF06CI04.s.04,"Associar a produção de medicamentos e outros materiais sintéticos ao desenvolvimento científico e tecnológico, reconhecendo benefícios e avaliando impactos socioambientais.",Matéria e energia Unidades Temáticas,Misturas homogêneas e heterogêneas Separação de materiais Materiais sintéticos Transformações químicas Objetos de Conhecimento,CURRICULO_REFERENCIA_MS_EF_V1_10,CURRICULO_COMPLETO,CURRICULO_REFERENCIA_MS_EF_V1_10,621
EF_AF,EF6,CURRICULAR,Ciências,CIE,MS.EF06CI05.s.05,Explicar a organização básica das células e seu papel como unidade estrutural e funcional dos seres vivos.,Vida e evolução,Célula como unidade da vida Interação entre os sistemas locomotor e nervoso Lentes corretivas,CURRICULO_REFERENCIA_MS_EF_V1_10,CURRICULO_COMPLETO,CURRICULO_REFERENCIA_MS_EF_V1_10,622
EF_AF,EF6,CURRICULAR,Ciências,CIE,MS.EF06CI06.s.06,"Concluir, com base na análise de ilustrações e/ou modelos (físicos ou digitais), que os organismos são um complexo arranjo de sistemas com diferentes níveis de organização.",Vida e evolução,Célula como unidade da vida Interação entre os sistemas locomotor e nervoso Lentes corretivas,CURRICULO_REFERENCIA_MS_EF_V1_10,CURRICULO_COMPLETO,CURRICULO_REFERENCIA_MS_EF_V1_10,622
EF_AF,EF6,CURRICULAR,Ciências,CIE,MS.EF06CI07.s.07,"Justificar o papel do sistema nervoso na coordenação das ações motoras e sensoriais do corpo, com base na análise de suas estruturas básicas e respectivas funções.",Vida e evolução Unidades Temáticas,Célula como unidade da vida Interação entre os sistemas locomotor e nervoso Lentes corretivas Objetos de Conhecimento,CURRICULO_REFERENCIA_MS_EF_V1_10,CURRICULO_COMPLETO,CURRICULO_REFERENCIA_MS_EF_V1_10,622
EF_AF,EF6,CURRICULAR,Ciências,CIE,MS.EF06CI08.s.08,"Explicar a importância da visão (captação e interpretação das imagens) na interação do organismo com o meio e, com base no funcionamento do olho humano, selecionar lentes adequadas para a correção de diferentes defeitos da visão.",Vida e evolução,Célula como unidade da vida Interação entre os sistemas locomotor e nervoso Lentes corretivas,CURRICULO_REFERENCIA_MS_EF_V1_10,CURRICULO_COMPLETO,CURRICULO_REFERENCIA_MS_EF_V1_10,623
EF_AF,EF6,CURRICULAR,Ciências,CIE,MS.EF06CI09.s.09,"Deduzir que a estrutura, a sustentação e a movimentação dos animais resultam da interação entre os sistemas muscular, ósseo e nervoso.",Vida e evolução,Célula como unidade da vida Interação entre os sistemas locomotor e nervoso Lentes corretivas,CURRICULO_REFERENCIA_MS_EF_V1_10,CURRICULO_COMPLETO,CURRICULO_REFERENCIA_MS_EF_V1_10,623
EF_AF,EF6,CURRICULAR,Ciências,CIE,MS.EF06CI10.s.10,Explicar como o funcionamento do sistema nervoso pode ser afetado por substâncias psicoativas.,Vida e evolução Unidades Temáticas,Célula como unidade da vida Interação entre os sistemas locomotor e nervoso Lentes corretivas Objetos de Conhecimento,CURRICULO_REFERENCIA_MS_EF_V1_10,CURRICULO_COMPLETO,CURRICULO_REFERENCIA_MS_EF_V1_10,623
EF_AF,EF6,CURRICULAR,Ciências,CIE,MS.EF06CI11.s.11,Identificar as diferentes camadas que estruturam o planeta Terra (da estrutura interna à atmosfera) e suas principais características.,Terra e Universo,"Forma, estrutura e movimentos da Terra",CURRICULO_REFERENCIA_MS_EF_V1_10,CURRICULO_COMPLETO,CURRICULO_REFERENCIA_MS_EF_V1_10,624
EF_AF,EF6,CURRICULAR,Ciências,CIE,MS.EF06CI12.s.12,"Identificar diferentes tipos de rocha, relacionando a formação de fósseis a rochas sedimentares em diferentes períodos geológicos.",Terra e Universo,"Forma, estrutura e movimentos da Terra",CURRICULO_REFERENCIA_MS_EF_V1_10,CURRICULO_COMPLETO,CURRICULO_REFERENCIA_MS_EF_V1_10,624
EF_AF,EF6,CURRICULAR,Ciências,CIE,MS.EF06CI13.s.13,Selecionar argumentos e evidências que demonstrem a esfericidade da Terra.,Terra e Universo Unidades Temáticas,"Forma, estrutura e movimentos da Terra Objetos de Conhecimento",CURRICULO_REFERENCIA_MS_EF_V1_10,CURRICULO_COMPLETO,CURRICULO_REFERENCIA_MS_EF_V1_10,624
EF_AF,EF6,CURRICULAR,Ciências,CIE,MS.EF06CI14.s.14,"Inferir que as mudanças na sombra de uma vara (gnômon) ao longo do dia em diferentes períodos do ano são uma evidência dos movimentos relativos entre a Terra e o Sol, que podem ser explicados por meio dos movimentos de rotação e translação da Terra e da inclinação de seu eixo de rotação em relação ao plano de sua órbita em torno do Sol.",Terra e Universo,"Forma, estrutura e movimentos da Terra",CURRICULO_REFERENCIA_MS_EF_V1_10,CURRICULO_COMPLETO,CURRICULO_REFERENCIA_MS_EF_V1_10,625
EF_AF,EF7,CURRICULAR,Ciências,CIE,MS.EF07CI01.s.01,"Discutir a aplicação, ao longo da história, das máquinas simples e propor soluções e invenções para a realização de tarefas mecânicas cotidianas.",Matéria e energia Unidades Temáticas,Máquinas simples Formas de propagação do calor Equilíbrio termodinâmico e vida na Terra História dos combustíveis e das máquinas térmicas Objetos de Conhecimento,CURRICULO_REFERENCIA_MS_EF_V1_10,CURRICULO_COMPLETO,CURRICULO_REFERENCIA_MS_EF_V1_10,625
EF_AF,EF7,CURRICULAR,Ciências,CIE,MS.EF07CI02.s.02,"Diferenciar temperatura, calor e sensação térmica nas diferentes situações de equilíbrio termodinâmico cotidianas.",Matéria e energia,Máquinas simples Formas de propagação do calor Equilíbrio termodinâmico e vida na Terra História dos combustíveis e das máquinas térmicas,CURRICULO_REFERENCIA_MS_EF_V1_10,CURRICULO_COMPLETO,CURRICULO_REFERENCIA_MS_EF_V1_10,626
EF_AF,EF7,CURRICULAR,Ciências,CIE,MS.EF07CI03.s.03,"Utilizar o conhecimento das formas de propagação do calor para justificar a utilização de determinados materiais (condutores e isolantes) na vida cotidiana, explicar o princípio de funcionamento de alguns equipamentos (garrafa térmica, coletor solar etc.) e/ou construir soluções tecnológicas a partir desse conhecimento.",Matéria e energia Unidades Temáticas,Máquinas simples Formas de propagação do calor Equilíbrio termodinâmico e vida na Terra História dos combustíveis e das máquinas térmicas Objetos de Conhecimento,CURRICULO_REFERENCIA_MS_EF_V1_10,CURRICULO_COMPLETO,CURRICULO_REFERENCIA_MS_EF_V1_10,626
EF_AF,EF7,CURRICULAR,Ciências,CIE,MS.EF07CI04.s.04,"Avaliar o papel do equilíbrio termodinâmico para a manutenção da vida na Terra, para o funcionamento de máquinas térmicas e em outras situações cotidianas.",Matéria e energia,Máquinas simples Formas de propagação do calor Equilíbrio termodinâmico e vida na Terra História dos combustíveis e das máquinas térmicas,CURRICULO_REFERENCIA_MS_EF_V1_10,CURRICULO_COMPLETO,CURRICULO_REFERENCIA_MS_EF_V1_10,627
EF_AF,EF7,CURRICULAR,Ciências,CIE,MS.EF07CI05.s.05,"Discutir o uso de diferentes tipos de combustível e máquinas térmicas ao longo do tempo, para avaliar avanços, questões econômicas e problemas socioambientais causados pela produção e uso desses materiais e máquinas.",Matéria e energia,Máquinas simples Formas de propagação do calor Equilíbrio termodinâmico e vida na Terra História dos combustíveis e das máquinas térmicas,CURRICULO_REFERENCIA_MS_EF_V1_10,CURRICULO_COMPLETO,CURRICULO_REFERENCIA_MS_EF_V1_10,627
EF_AF,EF7,CURRICULAR,Ciências,CIE,MS.EF07CI06.s.06,"Discutir e avaliar mudanças econômicas, culturais e sociais, tanto na vida cotidiana quanto no mundo do trabalho, decorrentes do desenvolvimento de novos materiais e tecnologias (como automação e informatização).",Matéria e energia Unidades Temáticas,Máquinas simples Formas de propagação do calor Equilíbrio termodinâmico e vida na Terra História dos combustíveis e das máquinas térmicas Objetos de Conhecimento,CURRICULO_REFERENCIA_MS_EF_V1_10,CURRICULO_COMPLETO,CURRICULO_REFERENCIA_MS_EF_V1_10,627
EF_AF,EF7,CURRICULAR,Ciências,CIE,MS.EF07CI07.s.07,"Caracterizar os principais ecossistemas brasileiros quanto à paisagem, à quantidade de água, ao tipo de solo, à disponibilidade de luz solar, à temperatura etc., correlacionando essas características à flora e fauna específicas.",Vida e evolução,Diversidade de ecossistemas Fenômenos naturais e impactos ambientais Programas e indicadores de saúde pública,CURRICULO_REFERENCIA_MS_EF_V1_10,CURRICULO_COMPLETO,CURRICULO_REFERENCIA_MS_EF_V1_10,628
EF_AF,EF7,CURRICULAR,Ciências,CIE,MS.EF07CI08.s.08,"Avaliar como os impactos provocados por catástrofes naturais ou mudanças nos componentes físicos, biológicos ou sociais de um ecossistema afetam suas populações, podendo ameaçar ou provocar a extinção de espécies, alteração de hábitos, migração etc.",Vida e evolução Unidades Temáticas,Diversidade de ecossistemas Fenômenos naturais e impactos ambientais Programas e indicadores de saúde pública Objetos de Conhecimento,CURRICULO_REFERENCIA_MS_EF_V1_10,CURRICULO_COMPLETO,CURRICULO_REFERENCIA_MS_EF_V1_10,628
EF_AF,EF7,CURRICULAR,Ciências,CIE,MS.EF07CI09.s.09,"Interpretar as condições de saúde da comunidade, cidade ou estado, com base na análise e comparação de indicadores de saúde (como taxa de mortalidade infantil, cobertura de saneamento básico e incidência de doenças de veiculação hídrica, atmosférica entre outras) e dos resultados de políticas públicas destinadas à saúde.",Vida e evolução,Diversidade de ecossistemas Fenômenos naturais e impactos ambientais Programas e indicadores de saúde pública,CURRICULO_REFERENCIA_MS_EF_V1_10,CURRICULO_COMPLETO,CURRICULO_REFERENCIA_MS_EF_V1_10,629
EF_AF,EF7,CURRICULAR,Ciências,CIE,MS.EF07CI10.s.10,"Argumentar sobre a importância da vacinação para a saúde pública, com base em informações sobre a maneira como a vacina atua no organismo e o papel histórico da vacinação para a manutenção da saúde individual e coletiva e para a erradicação de doenças.",Vida e evolução Unidades Temáticas,Diversidade de ecossistemas Fenômenos naturais e impactos ambientais Programas e indicadores de saúde pública Objetos de Conhecimento,CURRICULO_REFERENCIA_MS_EF_V1_10,CURRICULO_COMPLETO,CURRICULO_REFERENCIA_MS_EF_V1_10,629
EF_AF,EF7,CURRICULAR,Ciências,CIE,MS.EF07CI11.s.11,"Analisar historicamente o uso da tecnologia, incluindo a digital, nas diferentes dimensões da vida humana, considerando indicadores ambientais e de qualidade de vida.",Vida e evolução,Diversidade de ecossistemas Fenômenos naturais e impactos ambientais Programas e indicadores de saúde pública,CURRICULO_REFERENCIA_MS_EF_V1_10,CURRICULO_COMPLETO,CURRICULO_REFERENCIA_MS_EF_V1_10,630
EF_AF,EF7,CURRICULAR,Ciências,CIE,MS.EF07CI12.s.12,"Demonstrar que o ar é uma mistura de gases, identificando sua composição, e discutir fenômenos naturais ou antrópicos que podem alterar essa composição.",Terra e Universo Unidades Temáticas,"Composição do ar Efeito estufa Camada de ozônio Fenômenos naturais (vulcões, terremotos e tsunamis) Placas tectônicas e deriva continental Objetos de Conhecimento",CURRICULO_REFERENCIA_MS_EF_V1_10,CURRICULO_COMPLETO,CURRICULO_REFERENCIA_MS_EF_V1_10,630
EF_AF,EF7,CURRICULAR,Ciências,CIE,MS.EF07CI13.s.13,"Descrever o mecanismo natural do efeito estufa, seu papel fundamental para o desenvolvimento da vida na Terra, discutir as ações humanas responsáveis pelo seu aumento artificial (queima dos combustíveis fósseis, desmatamento, queimadas etc.) e selecionar e implementar propostas para a reversão ou controle desse quadro.",Terra e Universo,"Composição do ar Efeito estufa Camada de ozônio Fenômenos naturais (vulcões, terremotos e tsunamis) Placas tectônicas e deriva continental",CURRICULO_REFERENCIA_MS_EF_V1_10,CURRICULO_COMPLETO,CURRICULO_REFERENCIA_MS_EF_V1_10,631
EF_AF,EF7,CURRICULAR,Ciências,CIE,MS.EF07CI14.s.14,"Justificar a importância da camada de ozônio para a vida na Terra, identificando os fatores que aumentam ou diminuem sua presença na atmosfera, e discutir propostas individuais e coletivas para sua preservação.",Terra e Universo,"Composição do ar Efeito estufa Camada de ozônio Fenômenos naturais (vulcões, terremotos e tsunamis) Placas tectônicas e deriva continental",CURRICULO_REFERENCIA_MS_EF_V1_10,CURRICULO_COMPLETO,CURRICULO_REFERENCIA_MS_EF_V1_10,631
EF_AF,EF7,CURRICULAR,Ciências,CIE,MS.EF07CI15.s.15,"Interpretar fenômenos naturais (como vulcões, terremotos e tsunamis) e justificar a rara ocorrência desses fenômenos no Brasil, com base no modelo das placas tectônicas.",Terra e Universo Unidades Temáticas,"Composição do ar Efeito estufa Camada de ozônio Fenômenos naturais (vulcões, terremotos e tsunamis) Objetos de Conhecimento Placas tectônicas e deriva continental",CURRICULO_REFERENCIA_MS_EF_V1_10,CURRICULO_COMPLETO,CURRICULO_REFERENCIA_MS_EF_V1_10,631
EF_AF,EF7,CURRICULAR,Ciências,CIE,MS.EF07CI16.s.16,Justificar o formato das costas brasileira e africana com base na teoria da deriva dos continentes.,Terra e Universo,"Composição do ar Efeito estufa Camada de ozônio Fenômenos naturais (vulcões, terremotos e tsunamis) Placas tectônicas e deriva continental",CURRICULO_REFERENCIA_MS_EF_V1_10,CURRICULO_COMPLETO,CURRICULO_REFERENCIA_MS_EF_V1_10,632
EF_AF,EF8,CURRICULAR,Ciências,CIE,MS.EF08CI01.s.01,"Identificar e classificar diferentes fontes (renováveis e não renováveis) e tipos de energia utilizados em residências, comunidades ou cidades.",Matéria e energia,Fontes e tipos de energia Transformação de energia Cálculo de consumo de energia elétrica Circuitos elétricos Uso consciente de energia elétrica,CURRICULO_REFERENCIA_MS_EF_V1_10,CURRICULO_COMPLETO,CURRICULO_REFERENCIA_MS_EF_V1_10,633
EF_AF,EF8,CURRICULAR,Ciências,CIE,MS.EF08CI02.s.02,"Construir circuitos elétricos com pilha/bateria, fios e lâmpada ou outros dispositivos e compará-los a circuitos elétricos residenciais.",Matéria e energia,Fontes e tipos de energia Transformação de energia Cálculo de consumo de energia elétrica Circuitos elétricos Uso consciente de energia elétrica,CURRICULO_REFERENCIA_MS_EF_V1_10,CURRICULO_COMPLETO,CURRICULO_REFERENCIA_MS_EF_V1_10,633
EF_AF,EF8,CURRICULAR,Ciências,CIE,MS.EF08CI03.s.03,"Classificar equipamentos elétricos residenciais (chuveiro, ferro, lâmpadas, TV, rádio, geladeira etc.) de acordo com o tipo de transformação de energia (da energia elétrica para a térmica, luminosa, sonora e mecânica, por exemplo).",Matéria e energia,Fontes e tipos de energia Transformação de energia Cálculo de consumo de energia elétrica Circuitos elétricos Uso consciente de energia elétrica,CURRICULO_REFERENCIA_MS_EF_V1_10,CURRICULO_COMPLETO,CURRICULO_REFERENCIA_MS_EF_V1_10,633
EF_AF,EF8,CURRICULAR,Ciências,CIE,MS.EF08CI04.s.04,Calcular o consumo de eletrodomésticos a partir dos dados de potência (descritos no próprio equipamento) e tempo médio de uso para avaliar o impacto de cada equipamento no consumo doméstico mensal.,Matéria e energia Unidades Temáticas,Fontes e tipos de energia Transformação de energia Cálculo de consumo de energia elétrica Circuitos elétricos Objetos de Conhecimento Uso consciente de energia elétrica,CURRICULO_REFERENCIA_MS_EF_V1_10,CURRICULO_COMPLETO,CURRICULO_REFERENCIA_MS_EF_V1_10,633
EF_AF,EF8,CURRICULAR,Ciências,CIE,MS.EF08CI05.s.05,"Propor ações coletivas para otimizar o uso de energia elétrica em sua escola e/ou comunidade, com base na seleção de equipamentos segundo critérios de sustentabilidade (consumo de energia e eficiência energética) e hábitos de consumo responsável.",Matéria e energia,Fontes e tipos de energia Transformação de energia Cálculo de consumo de energia elétrica Circuitos elétricos Uso consciente de energia elétrica,CURRICULO_REFERENCIA_MS_EF_V1_10,CURRICULO_COMPLETO,CURRICULO_REFERENCIA_MS_EF_V1_10,634
EF_AF,EF8,CURRICULAR,Ciências,CIE,MS.EF08CI06.s.06,"Discutir e avaliar usinas de geração de energia elétrica (termelétricas, hidrelétricas, eólicas etc.), suas semelhanças e diferenças, seus impactos socioambientais, e como essa energia chega e é usada em sua cidade, comunidade, casa ou escola.",Matéria e energia,Fontes e tipos de energia Transformação de energia Cálculo de consumo de energia elétrica Circuitos elétricos Uso consciente de energia elétrica,CURRICULO_REFERENCIA_MS_EF_V1_10,CURRICULO_COMPLETO,CURRICULO_REFERENCIA_MS_EF_V1_10,634
EF_AF,EF8,CURRICULAR,Ciências,CIE,MS.EF08CI07.s.07,Comparar diferentes processos reprodutivos em plantas e animais em relação aos mecanismos adaptativos e evolutivos.,Vida e evolução Unidades Temáticas,Mecanismos reprodutivos Sexualidade Objetos de Conhecimento,CURRICULO_REFERENCIA_MS_EF_V1_10,CURRICULO_COMPLETO,CURRICULO_REFERENCIA_MS_EF_V1_10,634
EF_AF,EF8,CURRICULAR,Ciências,CIE,MS.EF08CI08.s.08,Analisar e explicar as transformações que ocorrem na puberdade considerando a atuação dos hormônios sexuais e do sistema nervoso.,Vida e evolução,Mecanismos reprodutivos Sexualidade,CURRICULO_REFERENCIA_MS_EF_V1_10,CURRICULO_COMPLETO,CURRICULO_REFERENCIA_MS_EF_V1_10,635
EF_AF,EF8,CURRICULAR,Ciências,CIE,MS.EF08CI09.s.09,Comparar o modo de ação e a eficácia dos diversos métodos contraceptivos e justificar a necessidade de compartilhar a responsabilidade na escolha e na utilização do método mais adequado à prevenção da gravidez precoce e indesejada e de Doenças Sexualmente Transmissíveis (DST).,Vida e evolução,Mecanismos reprodutivos Sexualidade,CURRICULO_REFERENCIA_MS_EF_V1_10,CURRICULO_COMPLETO,CURRICULO_REFERENCIA_MS_EF_V1_10,635
EF_AF,EF8,CURRICULAR,Ciências,CIE,MS.EF08CI10.s.10,"Identificar os principais sintomas, modos de transmissão e tratamento de algumas DST (com ênfase na AIDS), e discutir estratégias e métodos de prevenção.",Vida e evolução Unidades Temáticas,Mecanismos reprodutivos Sexualidade Objetos de Conhecimento,CURRICULO_REFERENCIA_MS_EF_V1_10,CURRICULO_COMPLETO,CURRICULO_REFERENCIA_MS_EF_V1_10,635
EF_AF,EF8,CURRICULAR,Ciências,CIE,MS.EF08CI11.s.11,"Selecionar argumentos que evidenciem as múltiplas dimensões da sexualidade humana (biológica, sociocultural, afetiva e ética).",Vida e evolução,Mecanismos reprodutivos Sexualidade,CURRICULO_REFERENCIA_MS_EF_V1_10,CURRICULO_COMPLETO,CURRICULO_REFERENCIA_MS_EF_V1_10,636
EF_AF,EF8,CURRICULAR,Ciências,CIE,MS.EF08CI12.s.13,"Justificar, por meio da construção de modelos e da observação da Lua no céu, a ocorrência das fases da Lua e dos eclipses, com base nas posições relativas entre Sol, Terra e Lua.",Terra e Universo Unidades Temáticas,"Sistema Sol, Terra e Lua, Clima Objetos de Conhecimento",CURRICULO_REFERENCIA_MS_EF_V1_10,CURRICULO_COMPLETO,CURRICULO_REFERENCIA_MS_EF_V1_10,636
EF_AF,EF8,CURRICULAR,Ciências,CIE,MS.EF08CI13.s.14,"Representar os movimentos de rotação e translação da Terra e analisar o papel da inclinação do eixo de rotação da Terra em relação à sua órbita na ocorrência das estações do ano, com a utilização de modelos tridimensionais.",Terra e Universo,"Sistema Sol, Terra e Lua Clima",CURRICULO_REFERENCIA_MS_EF_V1_10,CURRICULO_COMPLETO,CURRICULO_REFERENCIA_MS_EF_V1_10,637
EF_AF,EF8,CURRICULAR,Ciências,CIE,MS.EF08CI14.s.15,Relacionar climas regionais aos padrões de circulação atmosférica e oceânica e ao aquecimento desigual causado pela forma e pelos movimentos da Terra.,Terra e Universo,"Sistema Sol, Terra e Lua Clima",CURRICULO_REFERENCIA_MS_EF_V1_10,CURRICULO_COMPLETO,CURRICULO_REFERENCIA_MS_EF_V1_10,637
EF_AF,EF8,CURRICULAR,Ciências,CIE,MS.EF08CI15.s.16,Identificar as principais variáveis envolvidas na previsão do tempo e simular situações nas quais elas possam ser medidas.,Terra e Universo Unidades Temáticas,"Sistema Sol, Terra e Lua Clima Objetos de Conhecimento",CURRICULO_REFERENCIA_MS_EF_V1_10,CURRICULO_COMPLETO,CURRICULO_REFERENCIA_MS_EF_V1_10,637
EF_AF,EF8,CURRICULAR,Ciências,CIE,MS.EF08CI16.s.17,Discutir iniciativas que contribuam para restabelecer o equilíbrio ambiental a partir da identificação de alterações climáticas regionais e globais provocadas pela intervenção humana.,Terra e Universo,"Sistema Sol, Terra e Lua Clima",CURRICULO_REFERENCIA_MS_EF_V1_10,CURRICULO_COMPLETO,CURRICULO_REFERENCIA_MS_EF_V1_10,638
EF_AF,EF8,CURRICULAR,Ciências,CIE,MS.EF08CI17.a.12,"Analisar questões de gênero relacionadas à diversidade das relações sociais (família, escola, mercado de trabalho, entre outras), compreendendo as desigualdades que se estabelece nestas relações e discutindo formas para superá-las.",Vida e evolução,Mecanismos reprodutivos Sexualidade,CURRICULO_REFERENCIA_MS_EF_V1_10,CURRICULO_COMPLETO,CURRICULO_REFERENCIA_MS_EF_V1_10,636
EF_AF,EF9,CURRICULAR,Ciências,CIE,MS.EF09CI01.s.01,Investigar as mudanças de estado físico da matéria e explicar essas transformações com base no modelo de constituição submicroscópica.,Matéria e energia Unidades Temáticas,Aspectos quantitativos das transformações químicas Estrutura da matéria Radiações e suas aplicações na saúde Objetos de Conhecimento,CURRICULO_REFERENCIA_MS_EF_V1_10,CURRICULO_COMPLETO,CURRICULO_REFERENCIA_MS_EF_V1_10,638
EF_AF,EF9,CURRICULAR,Ciências,CIE,MS.EF09CI02.s.02,"Comparar quantidades de reagentes e produtos envolvidos em transformações químicas, estabelecendo a proporção entre as suas massas.",Matéria e energia,Aspectos quantitativos das transformações químicas Estrutura da matéria Radiações e suas aplicações na saúde,CURRICULO_REFERENCIA_MS_EF_V1_10,CURRICULO_COMPLETO,CURRICULO_REFERENCIA_MS_EF_V1_10,639
EF_AF,EF9,CURRICULAR,Ciências,CIE,MS.EF09CI03.s.03,Identificar modelos que descrevem a estrutura da matéria (constituição do átomo e composição de moléculas simples) e reconhecer sua evolução histórica.,Matéria e energia Unidades Temáticas,Aspectos quantitativos das transformações químicas Estrutura da matéria Radiações e suas aplicações na saúde Objetos de Conhecimento,CURRICULO_REFERENCIA_MS_EF_V1_10,CURRICULO_COMPLETO,CURRICULO_REFERENCIA_MS_EF_V1_10,639
EF_AF,EF9,CURRICULAR,Ciências,CIE,MS.EF09CI04.s.04,Planejar e executar experimentos que evidenciem que todas as cores de luz podem ser formadas pela composição das três cores primárias da luz e que a cor de um objeto está relacionada também à cor da luz que o ilumina.,Matéria e energia,Aspectos quantitativos das transformações químicas Estrutura da matéria Radiações e suas aplicações na saúde,CURRICULO_REFERENCIA_MS_EF_V1_10,CURRICULO_COMPLETO,CURRICULO_REFERENCIA_MS_EF_V1_10,640
EF_AF,EF9,CURRICULAR,Ciências,CIE,MS.EF09CI05.s.05,Investigar os principais mecanismos envolvidos na transmissão e recepção de imagem e som que revolucionaram os sistemas de comunicação humana.,Matéria e energia Unidades Temáticas,Aspectos quantitativos das transformações químicas Estrutura da matéria Radiações e suas aplicações na saúde Objetos de Conhecimento,CURRICULO_REFERENCIA_MS_EF_V1_10,CURRICULO_COMPLETO,CURRICULO_REFERENCIA_MS_EF_V1_10,640
EF_AF,EF9,CURRICULAR,Ciências,CIE,MS.EF09CI06.s.06,"Classificar as radiações eletromagnéticas por suas frequências, fontes e aplicações, discutindo e avaliando as implicações de seu uso em controle remoto, telefone celular, raio X, forno de micro-ondas, fotocélulas etc.",Matéria e energia,Aspectos quantitativos das transformações químicas Estrutura da matéria Radiações e suas aplicações na saúde,CURRICULO_REFERENCIA_MS_EF_V1_10,CURRICULO_COMPLETO,CURRICULO_REFERENCIA_MS_EF_V1_10,641
EF_AF,EF9,CURRICULAR,Ciências,CIE,MS.EF09CI07.s.07,"Discutir o papel do avanço tecnológico na aplicação das radiações na medicina diagnóstica (raio X, ultrassom, ressonância nuclear magnética) e no tratamento de doenças (radioterapia, cirurgia ótica a laser, infravermelho, ultravioleta etc.).",Matéria e energia,Aspectos quantitativos das transformações químicas Estrutura da matéria Radiações e suas aplicações na saúde,CURRICULO_REFERENCIA_MS_EF_V1_10,CURRICULO_COMPLETO,CURRICULO_REFERENCIA_MS_EF_V1_10,641
EF_AF,EF9,CURRICULAR,Ciências,CIE,MS.EF09CI08.s.08,"Associar os gametas à transmissão das características hereditárias, estabelecendo relações entre ancestrais e descendentes.",Vida e evolução Unidades Temáticas,Hereditariedade Ideias evolucionistas Preservação da biodiversidade Objetos de Conhecimento,CURRICULO_REFERENCIA_MS_EF_V1_10,CURRICULO_COMPLETO,CURRICULO_REFERENCIA_MS_EF_V1_10,641
EF_AF,EF9,CURRICULAR,Ciências,CIE,MS.EF09CI09.s.09,"Discutir as ideias de Mendel sobre hereditariedade (fatores hereditários, segregação, gametas, fecundação), considerando-as para resolver problemas envolvendo a transmissão de características hereditárias em diferentes organismos.",Vida e evolução,Hereditariedade Ideias evolucionistas Preservação da biodiversidade,CURRICULO_REFERENCIA_MS_EF_V1_10,CURRICULO_COMPLETO,CURRICULO_REFERENCIA_MS_EF_V1_10,642
EF_AF,EF9,CURRICULAR,Ciências,CIE,MS.EF09CI10.s.10,"Comparar as ideias evolucionistas de Lamarck e Darwin apresentadas em textos científicos e históricos, identificando semelhanças e diferenças entre essas ideias e sua importância para explicar a diversidade biológica.",Vida e evolução,Hereditariedade Ideias evolucionistas Preservação da biodiversidade,CURRICULO_REFERENCIA_MS_EF_V1_10,CURRICULO_COMPLETO,CURRICULO_REFERENCIA_MS_EF_V1_10,642
EF_AF,EF9,CURRICULAR,Ciências,CIE,MS.EF09CI11.s.11,"Discutir a evolução e a diversidade das espécies com base na atuação da seleção natural sobre as variantes de uma mesma espécie, resultantes de processo reprodutivo.",Vida e evolução Unidades Temáticas,Hereditariedade Ideias evolucionistas Preservação da biodiversidade Objetos de Conhecimento,CURRICULO_REFERENCIA_MS_EF_V1_10,CURRICULO_COMPLETO,CURRICULO_REFERENCIA_MS_EF_V1_10,642
EF_AF,EF9,CURRICULAR,Ciências,CIE,MS.EF09CI12.s.12,"Justificar a importância das unidades de conservação para a preservação da biodiversidade e do patrimônio nacional, considerando os diferentes tipos de unidades (parques, reservas e florestas nacionais), as populações humanas e as atividades a eles relacionados.",Vida e evolução,Hereditariedade Ideias evolucionistas Preservação da biodiversidade,CURRICULO_REFERENCIA_MS_EF_V1_10,CURRICULO_COMPLETO,CURRICULO_REFERENCIA_MS_EF_V1_10,643
EF_AF,EF9,CURRICULAR,Ciências,CIE,MS.EF09CI13.s.13,"Propor iniciativas individuais e coletivas para a solução de problemas ambientais da cidade ou da comunidade, com base na análise de ações de consumo consciente e de sustentabilidade bemsucedidas.",Vida e evolução,Hereditariedade Ideias evolucionistas Preservação da biodiversidade,CURRICULO_REFERENCIA_MS_EF_V1_10,CURRICULO_COMPLETO,CURRICULO_REFERENCIA_MS_EF_V1_10,643
EF_AF,EF9,CURRICULAR,Ciências,CIE,MS.EF09CI14.s.14,"Descrever a composição e a estrutura do Sistema Solar (Sol, planetas rochosos, planetas gigantes gasosos e corpos menores), assim como a localização do Sistema Solar na nossa Galáxia (a Via Láctea) e dela no Universo (apenas uma galáxia dentre bilhões).",Terra e Universo Unidades Temáticas,"Composição, estrutura e localização do Sistema Solar no Universo Astronomia e cultura Vida humana fora da Terra Ordem de grandeza astronômica Evolução estelar Objetos de Conhecimento",CURRICULO_REFERENCIA_MS_EF_V1_10,CURRICULO_COMPLETO,CURRICULO_REFERENCIA_MS_EF_V1_10,643
EF_AF,EF9,CURRICULAR,Ciências,CIE,MS.EF09CI15.s.15,"Relacionar diferentes leituras do céu e explicações sobre a origem da Terra, do Sol ou do Sistema Solar às necessidades de distintas culturas (agricultura, caça, mito, orientação espacial e temporal etc.).",Terra e Universo,"Composição, estrutura e localização do Sistema Solar no Universo Astronomia e cultura Vida humana fora da Terra Ordem de grandeza astronômica Evolução estelar",CURRICULO_REFERENCIA_MS_EF_V1_10,CURRICULO_COMPLETO,CURRICULO_REFERENCIA_MS_EF_V1_10,644
EF_AF,EF9,CURRICULAR,Ciências,CIE,MS.EF09CI16.s.16,"Selecionar argumentos sobre a viabilidade da sobrevivência humana fora da Terra, com base nas condições necessárias à vida, nas características dos planetas e nas distâncias e nos tempos envolvidos em viagens interplanetárias e interestelares.",Terra e Universo,"Composição, estrutura e localização do Sistema Solar no Universo Astronomia e cultura Vida humana fora da Terra Ordem de grandeza astronômica Evolução estelar",CURRICULO_REFERENCIA_MS_EF_V1_10,CURRICULO_COMPLETO,CURRICULO_REFERENCIA_MS_EF_V1_10,644
EF_AF,EF9,CURRICULAR,Ciências,CIE,MS.EF09CI17.s.17,"Analisar o ciclo evolutivo do Sol (nascimento, vida e morte) baseado no conhecimento das etapas de evolução de estrelas de diferentes dimensões e os efeitos desse processo no nosso planeta. Educação Básica. Base nacional >. Acesso em: maio, 2018. de 20 de dezembro de 1996. Acesso em 15 mai 2018. de 20 de dezembro de 1961. Acesso 18 mai 2018. de 11 de agosto de 1971. Disponível > Acesso em 18 mai 2018. Educação Fundamental. Parâmetros como um elemento imprescindível, a percepção conceber uma ideia do ao aspecto da diversidade o estudo de Ciências sociais e da natureza dessa percepção, serão passado e no presente e para a pesquisa e estudo sobre o conhecimento e tempo são conceitos básicos suscitam a valorização da a produção do conhecimento espaços geográficos. de um movimento e sua história, o estudante intervenções conscientes que a área de Ciências ética pressupõe a intenção tais como o respeito solidárias e a participação nesses aspectos significa com a diminuição das desigualdades Humanas, comprometido de objetos e métodos. que capacitem os estudantes a complexidade da diversidade questões pertinentes da sua família, da sua comunidade Fundamental a educação afetivas e lúdicas voltadas espaços de atuação e convivência. que impliquem reflexão são introduzidas as o desenvolvimento de observação sobre aspectos e experiências que vão relacionadas inicial, há espaço e demanda fontes e análise comparativa. do Ensino Fundamental, o da vivência dos estudantes, novo mundo se desvenda à descoberta de de que existe o Eu, o muitas vezes complexas, requerida com veemência de escolarização já está presente e das transformações de conjunturas diversas, a oral, a cartográfica, conforme evoluam acerca da diversidade, o como a noção de disponibilizados para o questionadores é o ponto a compreender as Essa compreensão, por e valorização da diversidade desigualdades sociais e ampla que, para ser consolidado, de intencionalidades. de Ciências Humanas como identidades diferentes, plural e promover os direitos e digital e o meio técnico-científico-informacional Humanas, considerando suas do cotidiano e se posicionar a intervenção do ser propondo ideias e ações modo a participar efetivamente crenças e dúvidas nos instrumentos de a valorização da diversidade e potencialidades, sem preconceitos simultaneamente, no mesmo diferentes no mesmo espaço base nos conhecimentos respeitem e promovam responsabilidade e o protagonismo justa, democrática e inclusiva. gráfica e iconográfica e comunicação no distância, direção, duração, lhe posso dar que já não lhe outro mundo de imagens, Nada lhe posso dar a não Eu o ajudarei a tornar de estudo, o espaço geográfico, o meio em que vive, juntamente conceitos-chave que são humana modelando 1995, p.16). que é importante que o na sua estrutura, no seu processo e espaço, das repercussões como técnico-científico-informacional, da produção e do consumo. se tornam singulares no lugar não é encontrado sua identidade. Em uma perspectiva da experiência no mundo “ler o mundo da vida, resultado da vida em sociedade, necessidades. Em linhas ler o mundo da vida, é necessário ou seja, do espaço vivido nos leva a ver e vivenciar que o estudante compreenda social, um protagonista de forma contextualizada, situá-los no contexto espaciais concretas, multiescalar dos conteúdos? e globais na construção da realidade do estudante o local, em uma dinâmica das questões espaciais sugere a leitura de mundo maneira de exercitar aspectos fundamentais na superfície terrestre, e as ações antrópicas” o uso da linguagem cartográfica, como os fenômenos se necessário que ocorra a leitura e a análise desse espaço. a Geografia incorporou, o debate questões que orientam para os espaços de da Geografia pode e deve buscar contribuir para a formação tornando-o um protagonista para a sociedade. de Geografia de geográficos para entender de investigação e de diferentes temas do conhecimento técnicos para a compreensão natureza ao longo da história. senso crítico para compreensão e produção do espaço, extensão, localização espacial, fazendo uso das e das geotecnologias práticas e procedimentos político e o meio e soluções (inclusive tecnológicas) da Geografia. base em informações geográficas, e promovam a consciência sem preconceitos de qualquer com respeito, autonomia, propondo ações sobre as sustentáveis e solidários. Objetos de Conhecimento,","Terra e Universo REFERÊNCIAS BRASIL. Ministério da em: < http://basenacionalcomum.mec.gov.br/a-base/ _______. Presidência da <http://www.planalto.gov.br/ccivil_03/LEIS/l9394.htm> _______. Presidência da http://www.planalto.gov.br/CCIVIL_03/LEIS/L4024.htm> _______. Presidência da <http://www.planalto.gov.br/ccivil_03/LEIS/L5692.htm _______. Ministério da Brasília: MEC/SEF, 1998. 8.6 Área de Ciências A área de Ciências em conta, tomando contextualização. conjunturas históricas promover a admissão Sob a perspectiva estudantes a percepção os espaços e com importância de ações A diversidade na que diferentes humanidade. Movimento, amplitude de linguagens poder e, de forma originado em contextos Ensinar Geografia do mundo. Ao compreender sua autonomia e, está inserido. Sendo trabalhar pela formação O trabalho da área componentes substanciais humanos, a valorização uma perspectiva conhecimento que O conhecimento deverá levar em conta o desenvolvimento meio e seu mundo, históricos e, ao indivíduos responsáveis Desde os anos proporcionar explorações da criança sobre para a abordagem Dessa forma, nessa o desenvolvimento É importante ressaltar deverá ser considerada de seus espaços, nesse caso, as referências que, na elaboração que devem incluir Na passagem para considerar fatores psicológicas, sociais desse mundo acontece e adequado para estudante passe A habilidade de analisar pois pressupõe-se dos processos históricos, realizadas análises diferentes linguagens, As análises deverão Ensino Fundamental. pode avançar para e mecanismos institucionais adotada deverá partir Promover a formação Sujeitos questionadores transformações de para demarcação necessidade de atuar Trata-se de um autônomos, comprometidos 8.6.1 Competências (2017): 1. Compreender diferença em 2. Analisar o conhecimentos no espaço, contemporâneo. 3. Identificar, exercitando espacial, social 4. Interpretar diferentes promovendo saberes, identidades, 5. Comparar eventos ocorridos 6. Construir defender ideias socioambiental, a construção 7. Utilizar as tecnologias temporal relacionado conexão. 8.6.2 Geografia A Geografia, por das relações do contexto, a Geografia geográficos, “todos espaço, lugar e território” Corroborando, Santos somente na sua forma, se o estudo das consagrando o período marcado mais os lugares se integrantes no território assim que cada lugar importante, Tuan Nesse sentido, os paisagens que podemos sobrevivência e da escola” (CALLAI, vivência do estudante, complexidade desse holística dos fatos. O ensino da Geografia tornando-o um agente assim, os conteúdos realidade vivida do econômicas, culturais No entanto, como articulação dialética como se requer hoje local para o global compreenda a complexidade globais – a globalização. A Base Nacional raciocínio geográfico, consideração princípios distribuição dos existentes entre componentes Aliado à construção é imprescindível geográfico. Nesse Educação Básica Além disso, nas Contemporâneos vida e ao convívio contemporâneas Portanto, o ensino o espaço e toda que suas decisões 8.6.2.1 Competências 1. Utilizar exercitar 2. Estabelecer importância fazem uso 3. Desenvolver na análise conexão, 4. Desenvolver de diferentes envolvam 5. Desenvolver o mundo ações e conhecimentos 6. Construir pontos biodiversidade 7. Agir pessoal resiliência princípios 8.6.2.2 Unidades Didáticas","Composição, estrutura e localização do Sistema Solar no Universo Astronomia e cultura Vida humana fora da Terra Ordem de grandeza astronômica Evolução estelar Educação. Secretaria da República. Lei n. 9394, República. Lei n. 4.024, República. Lei n, 5.692, Educação. Secretaria de Disponível em <http://portal.mec.gov.br/seb/arquivos/pdf/ciencias.pdf> Humanas Humanas apresenta-se como referência Não se trata de para dar destaque das diferenças. de diferentes linguagens, acerca de fenômenos o tempo. A partir produzidas no apropriação de linguagens olhares sejam projetados espaço e os olhares mais específica, históricos e e História é ser mediador seu espaço dessa forma, promover assim, entende-se ética. com a formação para a sociedade, de atitudes protagonista. Investir se comprometa da área de Ciências a clareza na definição de compreendendo refletirem sobre essas pela história iniciais do Ensino sociocognitivas, seu lugar nos seus de conhecimentos fase da escolarização, da autonomia intelectual. que para acontecer a capacidade ou seja, suas vivências estão substancialmente desse saber, ainda exploração de diferentes os anos finais fundamentais e emocionais. Um de forma concomitante o reconhecimento a perceber as relações, passa a ser que nessa etapa dos movimentos coerentes acerca incluindo a escrita, ser mais aprofundadas, Da compreensão conceitos mais complexos que são sempre do questionamento. de estudantes estarão aptos si mesmo e do mundo. de posição ética na redução das projeto ambicioso e imbuídos Específicas a si e ao outro uma sociedade mundo social, cultural das Ciências para intervir em situações comparar e explicar a curiosidade e e cultural, de e expressar sentimentos, culturas, com base o acolhimento e culturas eventos ocorridos em tempos argumentos, com e opiniões que exercitando a de uma sociedade linguagens cartográfica, digitais de informação a localização, Nada alma. meio de seu objeto ser humano com possui cinco se referem à ação (CORREA, (2002) afirma mas também relações entre técnica período histórico pela globalização globalizam, mais em um determinado desenvolva a (1983) traz a importância estudantes precisam ver são satisfação das suas 2005, p.228). Para do cotidiano, novo olhar multifacetado deve garantir de transformação precisam ser abordados estudante, é preciso e em manifestações seria uma abordagem entre escalas locais para o entendimento e retornando para da relação Comum Curricular como “uma para compreender fatos e fenômenos físico-naturais dos conhecimentos, para compreender sentido, faz-se proporcionando a últimas décadas, que trazem para da coletividade com as quais o estudo da Geografia deve sua construção histórica, e ações são importantes específicas os conhecimentos o interesse e o espírito conexões entre dos objetos dos recursos da autonomia e da ocupação humana diferenciação, distribuição, o pensamento gêneros textuais informações geográficas. e utilizar processos, natural, social, econômico, propor perguntas científicos argumentos com de vista que respeitem e ao outro, e coletivamente e determinação, éticos, democráticos, Temáticas,",CURRICULO_REFERENCIA_MS_EF_V1_10,CURRICULO_COMPLETO,CURRICULO_REFERENCIA_MS_EF_V1_10,644
EF_AF,EF6,CURRICULAR,Educação Física,EDF,MS.EF67EF00.a.05,"Utilizar o conhecimento teórico e prático para a tomada de decisões antes, durante e depois das atividades esportivas vivenciadas.",Esportes,Esportes de marca Esportes de precisão Esportes de invasão Esportes técnicocombinatórios,CURRICULO_REFERENCIA_MS_EF_V1_10,CURRICULO_COMPLETO,CURRICULO_REFERENCIA_MS_EF_V1_10,374
EF_AF,EF6,CURRICULAR,Educação Física,EDF,MS.EF67EF01.s.01,"Experimentar e fruir, na escola e fora dela, jogos eletrônicos diversos, valorizando e respeitando os sentidos e significados atribuídos a eles por diferentes grupos sociais e etários.",Brincadeiras e jogos,Jogos eletrônicos,CURRICULO_REFERENCIA_MS_EF_V1_10,CURRICULO_COMPLETO,CURRICULO_REFERENCIA_MS_EF_V1_10,373
EF_AF,EF6,CURRICULAR,Educação Física,EDF,MS.EF67EF07.s.06,Propor e produzir alternativas para experimentação dos e s portes não disponíveis e/ou acessíveis na comunidade e das demais práticas corporais tematizadas na escola.,Esportes Unidades Temáticas,Esportes de marca Esportes de precisão Esportes de invasão Esportes técnicocombinatórios Objetos de Conhecimento,CURRICULO_REFERENCIA_MS_EF_V1_10,CURRICULO_COMPLETO,CURRICULO_REFERENCIA_MS_EF_V1_10,374
EF_AF,EF6,CURRICULAR,Educação Física,EDF,MS.EF67EF08.s.07,"Experimentar e fruir exercícios físicos que solicitem diferentes capacidades físicas, identificando seus tipos (força, velocidade, resistência, flexibilidade) e as sensações corporais provocadas pela sua prática.",Ginásticas,Ginástica de condicionamento físico,CURRICULO_REFERENCIA_MS_EF_V1_10,CURRICULO_COMPLETO,CURRICULO_REFERENCIA_MS_EF_V1_10,375
EF_AF,EF6,CURRICULAR,Educação Física,EDF,MS.EF67EF09.s.08,"Construir, coletivamente, procedimentos e normas de convívio que viabilizem a participação de todos na prática de exercícios físicos, com o objetivo de promover a saúde.",Ginásticas,Ginástica de condicionamento físico,CURRICULO_REFERENCIA_MS_EF_V1_10,CURRICULO_COMPLETO,CURRICULO_REFERENCIA_MS_EF_V1_10,375
EF_AF,EF6,CURRICULAR,Educação Física,EDF,MS.EF67EF11.s.09,"Experimentar, fruir e recriar danças urbanas, identificando seus elementos constitutivos (ritmo, espaço, gestos).",Danças,Danças urbanas,CURRICULO_REFERENCIA_MS_EF_V1_10,CURRICULO_COMPLETO,CURRICULO_REFERENCIA_MS_EF_V1_10,375
EF_AF,EF6,CURRICULAR,Educação Física,EDF,MS.EF67EF12.s.10,Planejar e utilizar estratégias para aprender elementos constitutivos das danças urbanas.,Danças,Danças urbanas,CURRICULO_REFERENCIA_MS_EF_V1_10,CURRICULO_COMPLETO,CURRICULO_REFERENCIA_MS_EF_V1_10,375
EF_AF,EF6,CURRICULAR,Educação Física,EDF,MS.EF67EF14.s.11,"Experimentar, fruir e recriar diferentes lutas do Brasil, valorizando a própria segurança e integridade física, bem como as dos demais.",Lutas,Lutas do Brasil,CURRICULO_REFERENCIA_MS_EF_V1_10,CURRICULO_COMPLETO,CURRICULO_REFERENCIA_MS_EF_V1_10,375
EF_AF,EF6,CURRICULAR,Educação Física,EDF,MS.EF67EF15.s.12,"Planejar e utilizar estratégias básicas das lutas do Brasil, respeitando o colega como oponente.",Lutas Unidades Temáticas,Lutas do Brasil Objetos de Conhecimento,CURRICULO_REFERENCIA_MS_EF_V1_10,CURRICULO_COMPLETO,CURRICULO_REFERENCIA_MS_EF_V1_10,375
EF_AF,EF6,CURRICULAR,Educação Física,EDF,MS.EF67EF18.s.13,"Experimentar e fruir diferentes práticas corporais de aventura urbanas, valorizando a própria segurança e integridade física, bem como as dos demais.",Práticas corporais de aventura,Práticas corporais de aventura urbanas,CURRICULO_REFERENCIA_MS_EF_V1_10,CURRICULO_COMPLETO,CURRICULO_REFERENCIA_MS_EF_V1_10,376
EF_AF,EF6,CURRICULAR,Educação Física,EDF,MS.EF67EF19.s.14,Identificar os riscos durante a realização de práticas corporais de aventura urbanas e planejar estratégias para sua superação.,Práticas corporais de aventura,Práticas corporais de aventura urbanas,CURRICULO_REFERENCIA_MS_EF_V1_10,CURRICULO_COMPLETO,CURRICULO_REFERENCIA_MS_EF_V1_10,376
EF_AF,EF6,CURRICULAR,Educação Física,EDF,MS.EF67EF20.s.15,"Executar práticas corporais de aventura urbanas, respeitando o patrimônio público e utilizando alternativas para a prática segura em diversos espaços.",Práticas corporais de aventura,Práticas corporais de aventura urbanas,CURRICULO_REFERENCIA_MS_EF_V1_10,CURRICULO_COMPLETO,CURRICULO_REFERENCIA_MS_EF_V1_10,376
EF_AF,EF6|EF7,CURRICULAR,Educação Física,EDF,MS.EF67EF00.a.02,Utilizar uma variedades de ferramentas multimídias e periféricas para auxiliar a produtividade e aprendizagem pessoal.,Unidades Temáticas,Objetos de Conhecimento,CURRICULO_REFERENCIA_MS_EF_V1_10,CURRICULO_COMPLETO,CURRICULO_REFERENCIA_MS_EF_V1_10,373
EF_AF,EF6|EF7,CURRICULAR,Educação Física,EDF,MS.EF67EF03.s.03,"Experimentar e fruir esportes de marca, precisão, invasão e técnico-combinatórios, valorizando o trabalho coletivo e o protagonismo.",Esportes,Esportes de marca Esportes de precisão Esportes de invasão Esportes técnicocombinatórios,CURRICULO_REFERENCIA_MS_EF_V1_10,CURRICULO_COMPLETO,CURRICULO_REFERENCIA_MS_EF_V1_10,374
EF_AF,EF6|EF7,CURRICULAR,Educação Física,EDF,MS.EF67EF04.s.04,"Praticar um ou mais esportes de marca, precisão, invasão e técnico-combinatórios oferecidos pela escola, usando habilidades técnicotáticas básicas e respeitando regras.",Esportes,Esportes de marca Esportes de precisão Esportes de invasão Esportes técnicocombinatórios,CURRICULO_REFERENCIA_MS_EF_V1_10,CURRICULO_COMPLETO,CURRICULO_REFERENCIA_MS_EF_V1_10,374
EF_AF,EF7,CURRICULAR,Educação Física,EDF,MS.EF67EF00.a.05,Utilizar o conhecimento para tomada de decisões durante as atividades esportivas vivenciadas.,Esportes,Esportes de marca Esportes de precisão Esportes de invasão Esportes técnicocombinatórios,CURRICULO_REFERENCIA_MS_EF_V1_10,CURRICULO_COMPLETO,CURRICULO_REFERENCIA_MS_EF_V1_10,377
EF_AF,EF7,CURRICULAR,Educação Física,EDF,MS.EF67EF00.a.09,"Compreender e avaliar o que foi vivenciado, no decorrer das atividades e práticas esportivas.",Esportes,Esportes de marca Esportes de precisão Esportes de invasão Esportes técnicocombinatórios,CURRICULO_REFERENCIA_MS_EF_V1_10,CURRICULO_COMPLETO,CURRICULO_REFERENCIA_MS_EF_V1_10,378
EF_AF,EF7,CURRICULAR,Educação Física,EDF,MS.EF67EF02.s.01,Identificar as transformações nas características dos jogos eletrônicos em função dos avanços das tecnologias e nas respectivas exigências corporais colocadas por esses diferentes tipos de jogos.,Brincadeiras e jogos,Jogos eletrônicos,CURRICULO_REFERENCIA_MS_EF_V1_10,CURRICULO_COMPLETO,CURRICULO_REFERENCIA_MS_EF_V1_10,376
EF_AF,EF7,CURRICULAR,Educação Física,EDF,MS.EF67EF05.s.06,"Planejar e utilizar estratégias para solucionar os desafios técnicos e táticos, tanto nos esportes de marca, precisão, invasão e técnicocombinatórios como nas modalidades esportivas escolhidas para praticar de forma específica.",Esportes,Esportes de marca Esportes de precisão Esportes de invasão Esportes técnicocombinatórios,CURRICULO_REFERENCIA_MS_EF_V1_10,CURRICULO_COMPLETO,CURRICULO_REFERENCIA_MS_EF_V1_10,377
EF_AF,EF7,CURRICULAR,Educação Física,EDF,MS.EF67EF06.s.07,Analisar as transformações na organização e na prática dos esportes em suas diferentes manifestações (profissional e comunitário/lazer).,Esportes Unidades Temáticas,Esportes de marca Esportes de precisão Esportes de invasão Esportes técnicocombinatórios Objetos de Conhecimento,CURRICULO_REFERENCIA_MS_EF_V1_10,CURRICULO_COMPLETO,CURRICULO_REFERENCIA_MS_EF_V1_10,377
EF_AF,EF7,CURRICULAR,Educação Física,EDF,MS.EF67EF07.s.08,Propor e produzir alternativas para experimentação dos e s portes não disponíveis e/ou acessíveis na comunidade e das demais práticas corporais tematizadas na escola.,Esportes,Esportes de marca Esportes de precisão Esportes de invasão Esportes técnicocombinatórios,CURRICULO_REFERENCIA_MS_EF_V1_10,CURRICULO_COMPLETO,CURRICULO_REFERENCIA_MS_EF_V1_10,378
EF_AF,EF7,CURRICULAR,Educação Física,EDF,MS.EF67EF08.s.10,"Experimentar e fruir exercícios físicos que solicitem diferentes capacidades físicas, identificando seus tipos (força, velocidade, resistência,",Ginásticas,Ginástica de condicionamento físico,CURRICULO_REFERENCIA_MS_EF_V1_10,CURRICULO_COMPLETO,CURRICULO_REFERENCIA_MS_EF_V1_10,378
EF_AF,EF7,CURRICULAR,Educação Física,EDF,MS.EF67EF09.s.11,"Construir, coletivamente, procedimentos e normas de convívio que viabilizem a participação de todos na prática de exercícios físicos, com o objetivo de promover a saúde.",Ginásticas,Ginástica de condicionamento físico,CURRICULO_REFERENCIA_MS_EF_V1_10,CURRICULO_COMPLETO,CURRICULO_REFERENCIA_MS_EF_V1_10,378
EF_AF,EF7,CURRICULAR,Educação Física,EDF,MS.EF67EF10.s.12,Diferenciar exercício físico de atividade física e propor alternativas para a prática de exercícios físicos dentro e fora do ambiente escolar.,Ginásticas Unidades Temáticas,Ginástica de condicionamento físico Objetos de Conhecimento,CURRICULO_REFERENCIA_MS_EF_V1_10,CURRICULO_COMPLETO,CURRICULO_REFERENCIA_MS_EF_V1_10,378
EF_AF,EF7,CURRICULAR,Educação Física,EDF,MS.EF67EF12.s.13,Planejar e utilizar estratégias para aprender elementos constitutivos das danças urbanas.,Danças,Danças urbanas,CURRICULO_REFERENCIA_MS_EF_V1_10,CURRICULO_COMPLETO,CURRICULO_REFERENCIA_MS_EF_V1_10,379
EF_AF,EF7,CURRICULAR,Educação Física,EDF,MS.EF67EF13.s.14,"Diferenciar as danças urbanas das demais manifestações da dança, valorizando e respeitando os sentidos e significados atribuídos a eles por diferentes grupos sociais.",Danças,Danças urbanas,CURRICULO_REFERENCIA_MS_EF_V1_10,CURRICULO_COMPLETO,CURRICULO_REFERENCIA_MS_EF_V1_10,379
EF_AF,EF7,CURRICULAR,Educação Física,EDF,MS.EF67EF16.s.15,"Identificar as características (códigos, rituais, elementos técnico-táticos, indumentária, materiais, instalações, instituições) das lutas do Brasil.",Lutas,Lutas do Brasil,CURRICULO_REFERENCIA_MS_EF_V1_10,CURRICULO_COMPLETO,CURRICULO_REFERENCIA_MS_EF_V1_10,379
EF_AF,EF7,CURRICULAR,Educação Física,EDF,MS.EF67EF17.s.16,"Problematizar preconceitos e estereótipos relacionados ao universo das lutas e demais práticas corporais, propondo alternativas para superá-los, com base na solidariedade, na justiça, na equidade e no respeito.",Lutas,Lutas do Brasil,CURRICULO_REFERENCIA_MS_EF_V1_10,CURRICULO_COMPLETO,CURRICULO_REFERENCIA_MS_EF_V1_10,379
EF_AF,EF7,CURRICULAR,Educação Física,EDF,MS.EF67EF18.s.17,"Experimentar e fruir diferentes práticas corporais de aventura urbanas, valorizando a própria segurança e integridade física, bem como as dos demais.",Práticas corporais de aventura Unidades Temáticas,Práticas corporais de aventura urbanas Objetos de Conhecimento,CURRICULO_REFERENCIA_MS_EF_V1_10,CURRICULO_COMPLETO,CURRICULO_REFERENCIA_MS_EF_V1_10,379
EF_AF,EF7,CURRICULAR,Educação Física,EDF,MS.EF67EF19.s.1,8 Identificar os riscos durante a realização de práticas corporais de aventura urbanas e planejar estratégias para sua superação.,Práticas corporais de aventura,Práticas corporais de aventura urbanas,CURRICULO_REFERENCIA_MS_EF_V1_10,CURRICULO_COMPLETO,CURRICULO_REFERENCIA_MS_EF_V1_10,380
EF_AF,EF7,CURRICULAR,Educação Física,EDF,MS.EF67EF20.s.19,"Executar práticas corporais de aventura urbanas, respeitando o patrimônio público e utilizando alternativas para a prática segura em diversos espaços.",Práticas corporais de aventura,Práticas corporais de aventura urbanas,CURRICULO_REFERENCIA_MS_EF_V1_10,CURRICULO_COMPLETO,CURRICULO_REFERENCIA_MS_EF_V1_10,380
EF_AF,EF7,CURRICULAR,Educação Física,EDF,MS.EF67EF21.s.20,"Identificar a origem das práticas corporais de aventura e as possibilidades de recriá-las, reconhecendo as características (instrumentos, equipamentos de segurança, indumentária, organização) e seus tipos de práticas.",Práticas corporais de aventura,Práticas corporais de aventura urbanas,CURRICULO_REFERENCIA_MS_EF_V1_10,CURRICULO_COMPLETO,CURRICULO_REFERENCIA_MS_EF_V1_10,380
EF_AF,EF8,CURRICULAR,Educação Física,EDF,MS.EF89EF00.n.07,"Cuidar da sua saúde física e psicológica, bem estar, afetividade, sexualidade e evitar exposições a risco.",Ginásticas,Ginástica de condicionamento físico Ginástica de conscientização corporal,CURRICULO_REFERENCIA_MS_EF_V1_10,CURRICULO_COMPLETO,CURRICULO_REFERENCIA_MS_EF_V1_10,382
EF_AF,EF8,CURRICULAR,Educação Física,EDF,MS.EF89EF02.s.02,"Praticar um ou mais esportes de rede/parede, campo e taco, invasão e combate oferecidos pela escola, usando habilidades técnicotáticas básicas.",Esportes,Esportes de rede/parede Esportes de campo e taco Esportes de invasão Esportes de combate,CURRICULO_REFERENCIA_MS_EF_V1_10,CURRICULO_COMPLETO,CURRICULO_REFERENCIA_MS_EF_V1_10,381
EF_AF,EF8,CURRICULAR,Educação Física,EDF,MS.EF89EF04.s.03,"Identificar os elementos técnicos ou técnico-táticos individuais, combinações táticas, sistemas de jogo e regras das modalidades esportivas praticadas, bem como diferenciar as modalidades esportivas com base nos critérios da lógica interna das categorias de esporte: rede/parede, campo e taco, invasão e combate.",Esportes,Esportes de rede/parede Esportes de campo e taco Esportes de invasão Esportes de combate,CURRICULO_REFERENCIA_MS_EF_V1_10,CURRICULO_COMPLETO,CURRICULO_REFERENCIA_MS_EF_V1_10,381
EF_AF,EF8,CURRICULAR,Educação Física,EDF,MS.EF89EF07.s.04,"Experimentar e fruir um ou mais programas de exercícios físicos, identificando as exigências corporais desses diferentes programas e reconhecendo a importância de uma prática individualizada, adequada às características e necessidades de cada sujeito.",Ginásticas Unidades Temáticas,Ginástica de condicionamento físico Ginástica de conscientização corporal Objetos de Conhecimento,CURRICULO_REFERENCIA_MS_EF_V1_10,CURRICULO_COMPLETO,CURRICULO_REFERENCIA_MS_EF_V1_10,381
EF_AF,EF8,CURRICULAR,Educação Física,EDF,MS.EF89EF08.s.05,"Discutir as transformações históricas dos padrões de desempenho, saúde e beleza, considerando a forma como são apresentados nos diferentes meios (científico, midiático etc.).",Ginásticas,Ginástica de condicionamento físico Ginástica de conscientização corporal,CURRICULO_REFERENCIA_MS_EF_V1_10,CURRICULO_COMPLETO,CURRICULO_REFERENCIA_MS_EF_V1_10,382
EF_AF,EF8,CURRICULAR,Educação Física,EDF,MS.EF89EF11.s.06,"Identificar as diferenças e semelhanças entre a ginástica de conscientização corporal e as de condicionamento físico e discutir como a prática de cada uma dessas manifestações pode contribuir para a melhoria das condições de vida, saúde, bem-estar e cuidado consigo mesmo.",Ginásticas,Ginástica de condicionamento físico Ginástica de conscientização corporal,CURRICULO_REFERENCIA_MS_EF_V1_10,CURRICULO_COMPLETO,CURRICULO_REFERENCIA_MS_EF_V1_10,382
EF_AF,EF8,CURRICULAR,Educação Física,EDF,MS.EF89EF12.s.08,"Experimentar, fruir e recriar danças de salão, valorizando a diversidade cultural e respeitando a tradição dessas culturas.",Danças,Danças de salão,CURRICULO_REFERENCIA_MS_EF_V1_10,CURRICULO_COMPLETO,CURRICULO_REFERENCIA_MS_EF_V1_10,382
EF_AF,EF8,CURRICULAR,Educação Física,EDF,MS.EF89EF13.s.09,"Planejar e utilizar estratégias para se apropriar dos elementos constitutivos (ritmo, espaço, gestos) das danças de salão.",Danças,Danças de salão,CURRICULO_REFERENCIA_MS_EF_V1_10,CURRICULO_COMPLETO,CURRICULO_REFERENCIA_MS_EF_V1_10,382
EF_AF,EF8,CURRICULAR,Educação Física,EDF,MS.EF89EF15.s.10,"Analisar as características (ritmos, gestos, coreografias e músicas) das danças de salão, bem como suas transformações históricas e os grupos de origem.",Danças,Danças de salão,CURRICULO_REFERENCIA_MS_EF_V1_10,CURRICULO_COMPLETO,CURRICULO_REFERENCIA_MS_EF_V1_10,382
EF_AF,EF8,CURRICULAR,Educação Física,EDF,MS.EF89EF16.s.11,"Experimentar e fruir a execução dos movimentos pertencentes às lutas do mundo, adotando procedimentos de segurança e respeitando o oponente.",Lutas Unidades Temáticas,Lutas do mundo Objetos de Conhecimento,CURRICULO_REFERENCIA_MS_EF_V1_10,CURRICULO_COMPLETO,CURRICULO_REFERENCIA_MS_EF_V1_10,382
EF_AF,EF8,CURRICULAR,Educação Física,EDF,MS.EF89EF17.s.12,"Planejar e utilizar estratégias básicas das lutas experimentadas, reconhecendo as suas características técnicotáticas.",Lutas,Lutas do mundo,CURRICULO_REFERENCIA_MS_EF_V1_10,CURRICULO_COMPLETO,CURRICULO_REFERENCIA_MS_EF_V1_10,383
EF_AF,EF8,CURRICULAR,Educação Física,EDF,MS.EF89EF19.s.13,"Experimentar e fruir diferentes práticas corporais de aventura na natureza, valorizando a própria segurança e integridade física, bem como as dos demais, respeitando o patrimônio natural e minimizando os impactos de degradação ambiental.",Práticas corporais de aventura,Práticas corporais de aventura na natureza,CURRICULO_REFERENCIA_MS_EF_V1_10,CURRICULO_COMPLETO,CURRICULO_REFERENCIA_MS_EF_V1_10,383
EF_AF,EF8,CURRICULAR,Educação Física,EDF,MS.EF89EF20.s.14,"Identificar riscos, formular estratégias e observar normas de segurança para superar os desafios na realização de práticas corporais de aventura na natureza.",Práticas corporais de aventura,Práticas corporais de aventura na natureza,CURRICULO_REFERENCIA_MS_EF_V1_10,CURRICULO_COMPLETO,CURRICULO_REFERENCIA_MS_EF_V1_10,383
EF_AF,EF8|EF9,CURRICULAR,Educação Física,EDF,MS.EF89EF01.s.01,"Experimentar diferentes papéis (jogador, árbitro e técnico) e fruir os esportes de rede/parede, campo e taco, invasão e combate, valorizando o trabalho coletivo e o protagonismo.",Esportes,Esportes de rede/parede Esportes de campo e taco Esportes de invasão Esportes de combate,CURRICULO_REFERENCIA_MS_EF_V1_10,CURRICULO_COMPLETO,CURRICULO_REFERENCIA_MS_EF_V1_10,381
EF_AF,EF9,CURRICULAR,Educação Física,EDF,MS.EF89EF00.a.03,Criar soluções inovadoras e adaptar ideias quando não tem todas as informações para resolver um problema surgido durante uma atividade esportiva.,Esportes,Esportes de rede/parede Esportes de campo e taco Esportes de invasão Esportes de combate,CURRICULO_REFERENCIA_MS_EF_V1_10,CURRICULO_COMPLETO,CURRICULO_REFERENCIA_MS_EF_V1_10,384
EF_AF,EF9,CURRICULAR,Educação Física,EDF,MS.EF89EF00.a.08,"Cuidar da sua saúde física e psicológica, bem estar, afetividade, sexualidade e evitar exposições a risco.",Ginásticas,Ginástica de condicionamento físico Ginástica de conscientização corporal,CURRICULO_REFERENCIA_MS_EF_V1_10,CURRICULO_COMPLETO,CURRICULO_REFERENCIA_MS_EF_V1_10,385
EF_AF,EF9,CURRICULAR,Educação Física,EDF,MS.EF89EF00.a.09,"Vivenciar e compreender a importância de manter, celebrar, respeitar e valorizar tradições, manifestações culturais para o desenvolvimento da identidade pessoal e nacional.",Danças,Danças de salão,CURRICULO_REFERENCIA_MS_EF_V1_10,CURRICULO_COMPLETO,CURRICULO_REFERENCIA_MS_EF_V1_10,385
EF_AF,EF9,CURRICULAR,Educação Física,EDF,MS.EF89EF00.a.12,"Lidar com o estresse, frustrações, fracasso e adversidade, persistindo mesmo em situação de ambiguidade e dificuldade.",Lutas,Lutas do mundo,CURRICULO_REFERENCIA_MS_EF_V1_10,CURRICULO_COMPLETO,CURRICULO_REFERENCIA_MS_EF_V1_10,386
EF_AF,EF9,CURRICULAR,Educação Física,EDF,MS.EF89EF03.s.02,"Formular e utilizar estratégias para solucionar os desafios técnicos e táticos, tanto nos esportes de campo e taco, rede/parede, invasão e combate como nas modalidades esportivas escolhidas para praticar de forma específica.",Esportes,Esportes de rede/parede Esportes de campo e taco Esportes de invasão Esportes de combate,CURRICULO_REFERENCIA_MS_EF_V1_10,CURRICULO_COMPLETO,CURRICULO_REFERENCIA_MS_EF_V1_10,384
EF_AF,EF9,CURRICULAR,Educação Física,EDF,MS.EF89EF05.s.04,"Identificar as transformações históricas do fenômeno esportivo e discutir alguns de seus problemas (doping, corrupção, violência etc.) e a forma como as mídias os apresentam.",Esportes Unidades Temáticas,Esportes de rede/parede Esportes de campo e taco Esportes de invasão Esportes de combate Objetos de Conhecimento,CURRICULO_REFERENCIA_MS_EF_V1_10,CURRICULO_COMPLETO,CURRICULO_REFERENCIA_MS_EF_V1_10,384
EF_AF,EF9,CURRICULAR,Educação Física,EDF,MS.EF89EF06.s.05,"Verificar locais disponíveis na comunidade para a prática de esportes e das demais práticas corporais tematizadas na escola, propondo e produzindo alternativas para utilizá-los no tempo livre.",Esportes,Esportes de rede/parede Esportes de campo e taco Esportes de invasão Esportes de combate,CURRICULO_REFERENCIA_MS_EF_V1_10,CURRICULO_COMPLETO,CURRICULO_REFERENCIA_MS_EF_V1_10,385
EF_AF,EF9,CURRICULAR,Educação Física,EDF,MS.EF89EF09.s.06,Problematizar a prática excessiva de exercícios físicos e o uso de medicamentos para a ampliação do rendimento ou potencialização das transformações corporais.,Ginásticas,Ginástica de condicionamento físico Ginástica de conscientização corporal,CURRICULO_REFERENCIA_MS_EF_V1_10,CURRICULO_COMPLETO,CURRICULO_REFERENCIA_MS_EF_V1_10,385
EF_AF,EF9,CURRICULAR,Educação Física,EDF,MS.EF89EF10.s.07,"Experimentar e fruir um ou mais tipos de ginástica de conscientização corporal, identificando as exigências corporais dos mesmos.",Ginásticas,Ginástica de condicionamento físico Ginástica de conscientização corporal,CURRICULO_REFERENCIA_MS_EF_V1_10,CURRICULO_COMPLETO,CURRICULO_REFERENCIA_MS_EF_V1_10,385
EF_AF,EF9,CURRICULAR,Educação Física,EDF,MS.EF89EF14.s.10,Discutir estereótipos e preconceitos relativos às danças de salão e demais práticas corporais e propor alternativas para sua superação.,Danças Unidades Temáticas,Danças de salão Objetos de Conhecimento,CURRICULO_REFERENCIA_MS_EF_V1_10,CURRICULO_COMPLETO,CURRICULO_REFERENCIA_MS_EF_V1_10,385
EF_AF,EF9,CURRICULAR,Educação Física,EDF,MS.EF89EF17.s.11,"Planejar e utilizar estratégias básicas das lutas experimentadas, reconhecendo as suas características técnicotáticas.",Lutas,Lutas do mundo,CURRICULO_REFERENCIA_MS_EF_V1_10,CURRICULO_COMPLETO,CURRICULO_REFERENCIA_MS_EF_V1_10,386
EF_AF,EF9,CURRICULAR,Educação Física,EDF,MS.EF89EF18.s.13,"Discutir as transformações históricas, o processo de esportivização e a midiatização de uma ou mais lutas, valorizando e respeitando as culturas de origem.",Lutas,Lutas do mundo,CURRICULO_REFERENCIA_MS_EF_V1_10,CURRICULO_COMPLETO,CURRICULO_REFERENCIA_MS_EF_V1_10,386
EF_AF,EF9,CURRICULAR,Educação Física,EDF,MS.EF89EF19.s.14,"Experimentar e fruir diferentes práticas corporais de aventura na natureza, valorizando a própria segurança e integridade física, bem como as dos demais, respeitando o patrimônio natural e minimizando os impactos de degradação ambiental.",Práticas corporais de aventura,Práticas corporais de aventura na natureza,CURRICULO_REFERENCIA_MS_EF_V1_10,CURRICULO_COMPLETO,CURRICULO_REFERENCIA_MS_EF_V1_10,386
EF_AF,EF9,CURRICULAR,Educação Física,EDF,MS.EF89EF21.s.15,"Identificar as características (equipamentos de segurança, instrumentos, indumentária, organização) das práticas corporais de aventura na natureza, bem como suas transformações históricas. “ Quem aprende uma no Brasil a partir do século obrigatório em 1996, a LDB estrangeira. Curriculares Nacionais, que aumentar a autopercepção é fundamental que o professor “detentor” é aquele que professor mediador com a informação em conhecimento seus conhecimentos, podendo transformador do ambiente. contribui para o desenvolvimento das diferenças, a aceitação de outras culturas, além de as mudanças sociais, culturais de uma língua comum, referência atual o aprendizado básico e essencial o acesso a novas informações mediador, deve potencializar do contato com a Língua Inglesa tais como redes sociais, sala de aula, por meio de tecnologias digitais e o de tomar decisões reflexões sobre as práticas e memorizações de faz-se necessário interação, conteúdos pertinentes e SILVA, 2003), assegurando Comum Curricular a fragmentação do multidimensionais de faz sentido para o estudante, estudo temático gradativo raízes e construa seu projeto diferentes, tanto em sua e Bases da Educação Fundamental; no entanto, curricular para contemplar com o propósito de minimizar Fundamental. dos anos finais, o currículo indivíduo, da família e pertencente à sociedade. conduzido a refletir sobre e fatos marcantes, bem para uma projeção de atingi-los, considerando a pode contribuir para a (re)formulação estudante poderá refletir de outros planos transformador da sua do Ensino Fundamental, a cultural, que lhe permita por meio da expressão oral dessas consciências no XXI requerem um cidadão o poder de mudanças da Língua Inglesa o do outro em um mundo a aprendizagem da Língua inclusive no que concerne por meio do uso variado como ferramenta de acesso para a compreensão do protagonismo social. diferenças entre a Língua Inglesa sociais, culturais e identitários, da Língua dentro de um mesmo país, valorizar os usos heterogêneos, com novas linguagens posicionar-se e produzir crítica e responsável. culturais, materiais e fruição e da ampliação de Objetos de Conhecimento,","Práticas corporais de aventura 8.3.5 Língua Inglesa O ensino da Língua obra, utilizando o Bases da Educação obrigatoriedade Em 1998, são criados Estrangeira como cidadão” (PCN, 1998). detentor, uma vez compartilha, e passe construção do saber, que o estudante se e perceber-se O aprendizado de propicia o respeito compreendendo o sentido de pertencimento. Tanto os avanços últimas décadas, internacional. Dessa transformando-se constituir-se em para a aprendizagem. Assim, o papel do do estudante, alimentando com o uso de recursos oportunizando a contemplando a proporcionar aos O alcance dessas pautado em regras perceba que, para aprendizagem, em àquilo que está significativa proposta desenvolvimento adolescente, o jovem Buscando essa educação foi pensado como reconheça, identifique tomar decisões para Vale ressaltar que estrangeira nos pensou em uma municipais de educação iniciais para os anos No que se refere partindo do conhecimento nesse contexto e Ao longo dos anos, história e da família, transformações mundiais. Trilhando essa linha, indivíduo e o que alcance de tais objetivos Ao final dessa etapa momento, entendendo sejam essenciais Ao longo dos quatro modo que o estudante culturas, e consciência perceber sua importância político. Afinal, as pertencente à sociedade, 8.3.5.1 Competências (2017): 1. Identificar criticamente, sujeitos 2. Comunicar-se ou digitais, perspectivas culturas 3. Identificar articulando-as língua, 4. Elaborar por grupos linguística nas sociedades 5. Utilizar selecionar, Língua 6. Conhecer com vistas manifestações 8.3.5.2 Eixo, Unidades Didáticas","Práticas corporais de aventura na natureza Inglesa iniciou-se método da gramática-tradução, em 1961. Reestruturada o ensino de uma língua os Parâmetros a possibilidade de Dessa forma, que o professor a atuar como transformando seja autônomo de integrante e agente outra língua não somente e a valorização a visão de mundo tecnológicos quanto estimularam a necessidade forma, tornou-se em elemento complementar ferramenta que facilita professor, como o desejo midiáticos, comunicação em integralização das estudantes a possibilidade competências traz gramaticais, repetições um ensino expressivo, que se articulem sendo estudado (LIMA na Base Nacional humano global, supera e o adulto sujeitos integral que uma forma de e aceite suas alcançar objetivos a Lei de Diretrizes anos iniciais do Ensino proposta de matriz do estado, finais do Ensino às especificidades do próprio do fato de sentir-se o estudante será a conhecer pessoas o estudo caminha é necessário para e como ele de ensino, o que há possibilidade para o papel de agente anos de estudo tenha consciência comunicativa, e a influência demandas do século além de possuir Específicas o lugar de si e sobre como no mundo globalizado, na Língua Inglesa, reconhecendo-a e de possibilidades e para o exercício similaridades e a aspectos cultura e identidade. repertórios linguístico-discursivos sociais distintos como direito e contemporâneas. novas tecnologias, compartilhar, Inglesa, de forma ética, diferentes patrimônios ao exercício da artístico-culturais. Temáticas,",CURRICULO_REFERENCIA_MS_EF_V1_10,CURRICULO_COMPLETO,CURRICULO_REFERENCIA_MS_EF_V1_10,386
EF_AF,EF6,CURRICULAR,Ensino Religioso,ER,MS.EF06ER01.s.02,"Reconhecer o papel da tradição escrita na preservação de memórias, acontecimentos e ensinamentos religiosos.",Crenças religiosas e filosofias de vida,Tradição escrita: registro dos ensinamentos sagrados,CURRICULO_REFERENCIA_MS_EF_V1_10,CURRICULO_COMPLETO,CURRICULO_REFERENCIA_MS_EF_V1_10,808
EF_AF,EF6,CURRICULAR,Ensino Religioso,ER,MS.EF06ER02.s.02,"Reconhecer e valorizar a diversidade de textos religiosos escritos (textos do Budismo, Cristianismo, Espiritismo, Hinduísmo, Islamismo, Judaísmo, entre outros).",Crenças religiosas e filosofias de vida,Tradição escrita: registro dos ensinamentos sagrados,CURRICULO_REFERENCIA_MS_EF_V1_10,CURRICULO_COMPLETO,CURRICULO_REFERENCIA_MS_EF_V1_10,808
EF_AF,EF6,CURRICULAR,Ensino Religioso,ER,MS.EF06ER03.s.03,"Reconhecer, em textos escritos, ensinamentos relacionados a modos de ser e viver.",Crenças religiosas e filosofias de vida,Ensinamentos da tradição escrita,CURRICULO_REFERENCIA_MS_EF_V1_10,CURRICULO_COMPLETO,CURRICULO_REFERENCIA_MS_EF_V1_10,808
EF_AF,EF6,CURRICULAR,Ensino Religioso,ER,MS.EF06ER04.s.04,Reconhecer que os textos escritos são utilizados pelas tradições religiosas de maneiras diversas.,Crenças religiosas e filosofias de vida,Ensinamentos da tradição escrita,CURRICULO_REFERENCIA_MS_EF_V1_10,CURRICULO_COMPLETO,CURRICULO_REFERENCIA_MS_EF_V1_10,808
EF_AF,EF6,CURRICULAR,Ensino Religioso,ER,MS.EF06ER05.s.05,Discutir como o estudo e a interpretação dos textos religiosos influenciam os adeptos a vivenciarem os ensinamentos das tradições religiosas.,Unidades Temáticas,Objetos de Conhecimento,CURRICULO_REFERENCIA_MS_EF_V1_10,CURRICULO_COMPLETO,CURRICULO_REFERENCIA_MS_EF_V1_10,808
EF_AF,EF6,CURRICULAR,Ensino Religioso,ER,MS.EF06ER06.s.06,"Reconhecer a importância dos mitos, ritos, símbolos e textos na estruturação das diferentes crenças, tradições e movimentos religiosos.",Unidades Temáticas,"Símbolos, ritos e mitos religiosos",CURRICULO_REFERENCIA_MS_EF_V1_10,CURRICULO_COMPLETO,CURRICULO_REFERENCIA_MS_EF_V1_10,809
EF_AF,EF6,CURRICULAR,Ensino Religioso,ER,MS.EF06ER07.s.07,"Exemplificar a relação entre mito, rito e símbolo nas práticas celebrativas de diferentes tradições religiosas.",Unidades Temáticas,"Símbolos, ritos e mitos religiosos",CURRICULO_REFERENCIA_MS_EF_V1_10,CURRICULO_COMPLETO,CURRICULO_REFERENCIA_MS_EF_V1_10,809
EF_AF,EF6,CURRICULAR,Ensino Religioso,ER,MS.EF06ER08.s.01,Definir o que é religião e o que é religiosidade.,,Religião e Religiosidade,CURRICULO_REFERENCIA_MS_EF_V1_10,CURRICULO_COMPLETO,CURRICULO_REFERENCIA_MS_EF_V1_10,808
EF_AF,EF7,CURRICULAR,Ensino Religioso,ER,MS.EF07ER01.s.01,Reconhecer e respeitar as práticas de comunicação com as divindades em distintas manifestações e tradições religiosas.,Manifestações religiosas,Místicas e espiritualidades,CURRICULO_REFERENCIA_MS_EF_V1_10,CURRICULO_COMPLETO,CURRICULO_REFERENCIA_MS_EF_V1_10,809
EF_AF,EF7,CURRICULAR,Ensino Religioso,ER,MS.EF07ER02.s.02,"Identificar práticas de espiritualidade utilizadas pelas pessoas em determinadas situações (acidentes, doenças, fenômenos climáticos).",Manifestações religiosas,Místicas e espiritualidades,CURRICULO_REFERENCIA_MS_EF_V1_10,CURRICULO_COMPLETO,CURRICULO_REFERENCIA_MS_EF_V1_10,809
EF_AF,EF7,CURRICULAR,Ensino Religioso,ER,MS.EF07ER03.s.03,Reconhecer os papéis atribuídos às lideranças de diferentes tradições religiosas.,Unidades Temáticas,Lideranças religiosas Objetos de Conhecimento,CURRICULO_REFERENCIA_MS_EF_V1_10,CURRICULO_COMPLETO,CURRICULO_REFERENCIA_MS_EF_V1_10,809
EF_AF,EF7,CURRICULAR,Ensino Religioso,ER,MS.EF07ER04.s.04,Exemplificar líderes religiosos que se destacaram por suas contribuições à sociedade.,Unidades Temáticas,Lideranças religiosas Objetos de Conhecimento,CURRICULO_REFERENCIA_MS_EF_V1_10,CURRICULO_COMPLETO,CURRICULO_REFERENCIA_MS_EF_V1_10,810
EF_AF,EF7,CURRICULAR,Ensino Religioso,ER,MS.EF07ER05.s.06,Discutir estratégias que promovam a convivência ética e respeitosa entre as religiões.,Crenças religiosas e filosofias de vida,Princípios éticos e valores religiosos,CURRICULO_REFERENCIA_MS_EF_V1_10,CURRICULO_COMPLETO,CURRICULO_REFERENCIA_MS_EF_V1_10,810
EF_AF,EF7,CURRICULAR,Ensino Religioso,ER,MS.EF07ER06.s.05,"Identificar princípios éticos em diferentes tradições religiosas e filosofias de vida, discutindo como podem influenciar condutas pessoais e práticas sociais.",Crenças religiosas e filosofias de vida,Princípios éticos e valores religiosos,CURRICULO_REFERENCIA_MS_EF_V1_10,CURRICULO_COMPLETO,CURRICULO_REFERENCIA_MS_EF_V1_10,810
EF_AF,EF7,CURRICULAR,Ensino Religioso,ER,MS.EF07ER07.s.07,Identificar e discutir o papel das lideranças religiosas e seculares na defesa e promoção dos direitos humanos.,Crenças religiosas e filosofias de vida,Liderança e direitos humanos,CURRICULO_REFERENCIA_MS_EF_V1_10,CURRICULO_COMPLETO,CURRICULO_REFERENCIA_MS_EF_V1_10,810
EF_AF,EF7,CURRICULAR,Ensino Religioso,ER,MS.EF07ER08.s.08,"Reconhecer o direito à liberdade de consciência, crença ou convicção, questionando concepções e práticas sociais que a violam.",Crenças religiosas e filosofias de vida,Liderança e direitos humanos,CURRICULO_REFERENCIA_MS_EF_V1_10,CURRICULO_COMPLETO,CURRICULO_REFERENCIA_MS_EF_V1_10,810
EF_AF,EF8,CURRICULAR,Ensino Religioso,ER,MS.EF08ER00.n.08,Demonstrar como as tecnologias podem ser uma ferramenta de difundir as práticas religiosas.,Unidades Temáticas,"Tradições religiosas, mídias e tecnologias",CURRICULO_REFERENCIA_MS_EF_V1_10,CURRICULO_COMPLETO,CURRICULO_REFERENCIA_MS_EF_V1_10,812
EF_AF,EF8,CURRICULAR,Ensino Religioso,ER,MS.EF08ER01.s.01,Discutir como as crenças e convicções podem influenciar escolhas e atitudes pessoais e coletivas.,Crenças religiosas e filosofias de vida,"Crenças, convicções e atitudes",CURRICULO_REFERENCIA_MS_EF_V1_10,CURRICULO_COMPLETO,CURRICULO_REFERENCIA_MS_EF_V1_10,811
EF_AF,EF8,CURRICULAR,Ensino Religioso,ER,MS.EF08ER02.s.06,"Analisar filosofias de vida, manifestações e tradições religiosas destacando seus princípios éticos.",Unidades Temáticas,Objetos de Conhecimento,CURRICULO_REFERENCIA_MS_EF_V1_10,CURRICULO_COMPLETO,CURRICULO_REFERENCIA_MS_EF_V1_10,811
EF_AF,EF8,CURRICULAR,Ensino Religioso,ER,MS.EF08ER03.s.02,"Analisar doutrinas das diferentes tradições religiosas e suas concepções de mundo, vida e morte.",Crenças religiosas e filosofias de vida,Doutrinas religiosas,CURRICULO_REFERENCIA_MS_EF_V1_10,CURRICULO_COMPLETO,CURRICULO_REFERENCIA_MS_EF_V1_10,811
EF_AF,EF8,CURRICULAR,Ensino Religioso,ER,MS.EF08ER04.s.03,"Discutir como filosofias de vida, tradições e instituições religiosas podem influenciar diferentes campos da esfera pública (política, saúde, educação, economia).",Crenças religiosas e filosofias de vida,"Crenças, filosofias de vida e esfera pública",CURRICULO_REFERENCIA_MS_EF_V1_10,CURRICULO_COMPLETO,CURRICULO_REFERENCIA_MS_EF_V1_10,811
EF_AF,EF8,CURRICULAR,Ensino Religioso,ER,MS.EF08ER05.s.04,Debater sobre as possibilidades e os limites da interferência das tradições religiosas na esfera pública.,Crenças religiosas e filosofias de vida,"Crenças, filosofias de vida e esfera pública",CURRICULO_REFERENCIA_MS_EF_V1_10,CURRICULO_COMPLETO,CURRICULO_REFERENCIA_MS_EF_V1_10,811
EF_AF,EF8,CURRICULAR,Ensino Religioso,ER,MS.EF08ER06.s.05,"Analisar práticas, projetos e políticas públicas que contribuem para a promoção da liberdade de pensamento, crenças e convicções.",Crenças religiosas e filosofias de vida,"Crenças, filosofias de vida e esfera pública",CURRICULO_REFERENCIA_MS_EF_V1_10,CURRICULO_COMPLETO,CURRICULO_REFERENCIA_MS_EF_V1_10,811
EF_AF,EF8,CURRICULAR,Ensino Religioso,ER,MS.EF08ER07.s.07,Analisar as formas de uso das mídias e tecnologias pelas diferentes denominações religiosas.,Unidades Temáticas,"Tradições religiosas, mídias e tecnologias",CURRICULO_REFERENCIA_MS_EF_V1_10,CURRICULO_COMPLETO,CURRICULO_REFERENCIA_MS_EF_V1_10,812
EF_AF,EF9,CURRICULAR,Ensino Religioso,ER,MS.EF09ER01.s.01,Analisar princípios e orientações para o cuidado da vida e nas diversas tradições religiosas e filosofias de vida.,Crenças religiosas e filosofias de vida,Imanência e transcendência,CURRICULO_REFERENCIA_MS_EF_V1_10,CURRICULO_COMPLETO,CURRICULO_REFERENCIA_MS_EF_V1_10,812
EF_AF,EF9,CURRICULAR,Ensino Religioso,ER,MS.EF09ER02.s.02,"Discutir as diferentes expressões de valorização e de desrespeito à vida, por meio da análise de matérias nas diferentes mídias.",Crenças religiosas e filosofias de vida,Imanência e transcendência,CURRICULO_REFERENCIA_MS_EF_V1_10,CURRICULO_COMPLETO,CURRICULO_REFERENCIA_MS_EF_V1_10,812
EF_AF,EF9,CURRICULAR,Ensino Religioso,ER,MS.EF09ER03.s.03,"Identificar sentidos do viver e do morrer em diferentes tradições religiosas, através do estudo de mitos fundantes.",Unidades Temáticas,Vida e morte Objetos de Conhecimento,CURRICULO_REFERENCIA_MS_EF_V1_10,CURRICULO_COMPLETO,CURRICULO_REFERENCIA_MS_EF_V1_10,812
EF_AF,EF9,CURRICULAR,Ensino Religioso,ER,MS.EF09ER04.s.04,"Identificar concepções de vida e morte em diferentes tradições religiosas e filosofias de vida, por meio da análise de diferentes ritos fúnebres.",Unidades Temáticas,Vida e morte Objetos de Conhecimento,CURRICULO_REFERENCIA_MS_EF_V1_10,CURRICULO_COMPLETO,CURRICULO_REFERENCIA_MS_EF_V1_10,813
EF_AF,EF9,CURRICULAR,Ensino Religioso,ER,MS.EF09ER05.s.05,"Analisar as diferentes ideias de imortalidade elaboradas pelas tradições religiosas (ancestralidade, reencarnação, transmigração e ressurreição).",Unidades Temáticas,Vida e morte Objetos de Conhecimento,CURRICULO_REFERENCIA_MS_EF_V1_10,CURRICULO_COMPLETO,CURRICULO_REFERENCIA_MS_EF_V1_10,813
EF_AF,EF9,CURRICULAR,Ensino Religioso,ER,MS.EF09ER06.s.06,Reconhecer a coexistência como uma atitude ética de respeito à vida e à dignidade humana.,Unidades Temáticas,Princípios e valores éticos,CURRICULO_REFERENCIA_MS_EF_V1_10,CURRICULO_COMPLETO,CURRICULO_REFERENCIA_MS_EF_V1_10,813
EF_AF,EF9,CURRICULAR,Ensino Religioso,ER,MS.EF09ER07.s.07,"Identificar princípios éticos (familiares, religiosos e culturais) que possam alicerçar a construção de projetos de vida.",Unidades Temáticas,Princípios e valores éticos,CURRICULO_REFERENCIA_MS_EF_V1_10,CURRICULO_COMPLETO,CURRICULO_REFERENCIA_MS_EF_V1_10,813
EF_AF,EF9,CURRICULAR,Ensino Religioso,ER,MS.EF09ER08.s.08,"Construir projetos de vida assentados em princípios e valores éticos. todo mundo. Curitiba: AD Santos. Religiosa à História Cultural do – 49. BAKHTIN, Mikhail. A Cultura Hucitec/Editora Universidade Papirus, 1988. Religiões? Em torno da recepção (Org.). Religiões e Religiosidades da ABHR: diversidades conceitos e debates na era contemporânea. 2011. sobrenatural do poder régio. França as Práticas Culturais e os Símbolos Aparecida Braga; MODELO, Helena 5º. Seminário Nacional de História rituais. Curitiba, 2010. de velhos. São Paulo: Companhia Nacional. Lei nº 9394, de 20 de Secretaria da Educação Fundamental. Volume 8. Brasília: MEC/SEF, 2001. Educação Continuada, Alfabetização Secad, 2006. Subchefia para Assuntos Jurídicos. 27 abri. 2018. Palas Athena,1990. cristã. São Paulo: Hagnos, e representações. Lisboa: do Sul: EDUFRS, 2002. Ática, 2005. nos rituais. Curitiba, 2010. religiosa: uma introdução à fenomenologia Washington: um guia não convencional Lisboa ELÍADE, Mircea. Mito e Realidade Ltda. Rio de Janeiro, São Paulo, v. Ensino Religioso. São Paulo, Mundo Paulo: Companhia das Letras, 2000. DA BASE DA PROPOSTA DE INTEGRAÇÃO “P” SED N. 1.219, DE DE EDUCAÇÃO DE Aquidauana Benizet da Sheila Gonçalves em Educação Jeferson de José de Ávila Alzira do Socorro José Albertino Ivone Nemer do Buriti Lourdes Mendes Deusmar Gomes DE EDUCAÇÃO DE – Metropolitano Sabrina Guimarães Tânia Maria em Educação Rosana Aparecida Renato Pires Ana Lina Rezende Nilta Antonio Adriana Fernandes Maria Aparecida do Sul Sueli Machado Rio Pardo Ana Paula Antônio Marcos Larreia Einy Ferraz Cenira Figueiredo DE EDUCAÇÃO DE Vanesa Sara Jorsil Santana Rosa Maria da Raquel Guimarães Sandra Laura Jeane Cristina DE EDUCAÇÃO DE Janete Cruz Nilsa Prospero Mara Núbia José Luis Ribeiro Lilian Flávia Muller Rica Nelize de Araujo Maria Auxiliadora Patrik Talina Gomes Luzenir Severo Nicéa Maria Mato Grosso Lucineide Pereira Danielle dos Joana Darc Pereira DE EDUCAÇÃO DE Bruno Alves Deborah Salette Apolinário Candado Rosilda Moura Iracilda Moreira Antônio Carlos Geise Messa Clair Moron Maria Odete de Dourados Cleusiléia Rodrigues Cristiane Teresinha Hellen Souza Carapã Marlei Venilda Silvana Terezinha Gabriela Tiossi Werica Gomes DE EDUCAÇÃO DE – Capital Tiago Green Marta Regina Renato Pires Rosana Aparecida Fernando Vendrame Lílian Mara Dela DE EDUCAÇÃO DE Valquíria Domingues Romilda Arévalo Elder Basso Sandra Luiza Eraclides Nunes Ana Márcia Borges Eder Salina Moraes da Laguna Elizangela Corrêa Valéria Regina Emerson Augusto Murtinho Joicylainne Acunha DE EDUCAÇÃO DE Michelle Milhorança Marli dos Santos José Luiz dos Margareti Macena Roseli Dalfovo Elenice Pereira Márcia Aparecida Nivaldo Dias Claudia Mara Novo Camila Rubim Rosicléia Pulquério Silvana Milioli Cleci Madalena DE EDUCAÇÃO DE Andradina Marilza Nunes Celio Vieira Nogueira Maurício dos Geraldo Torrecilha Aparecida Gomes Solange Soares Elizabhete Aparecida Claudia Amorfim Iraides Aparecida Ana Paula Machado Horizonte do Sul Silvano Balieiro Rogério Francisco DE EDUCAÇÃO DE Cláudio Ferreira Maria Ângela Tânia Mara de Ronilson Nogueira do Taboado Edileide Aparecida Fabiana de Pieri do Sul Sandra Cristina Gilsa Alves de Ieda Silva de Raquel Marques DE EDUCAÇÃO DE Porã Karla Santos Renata Sanches Edivaldo Vieira Luciana Ferriol Silvana Lago João Maria de Fátima Jackson Machado Sapucaia Milda Beatriz Andreia Carniatto Porã Mirta Rie de DE EDUCAÇÃO DE Lagoas Bruna Tiago Selma Ferreira Valdenia Aparecida Maria Inês Anselmo Alan Cezar Alves Maria Cristina Pardo Katia Cristina Juraci Barcelos Angela Maria","Unidades Temáticas REFERÊNCIAS ABDALLA, R. K. Islamismo. ALBUQUERQUE, Eduardo Sociedade. Volume 5, contexto de François ALVES, Rubem. O enigma BENATTE, Antônio Paulo. MARANHÃO FILHO, Eduardo do Simpósio Sudeste Editorial, 2013. BELLOTTI, Karina Kosicki. Curitiba: Editora UFPR, BLOCH, Marc. Os Reis Letras, 1993. BORGES, Célia Maia. Sacramento da Colônia. Castro (orgs). Caderno intelectual. Ouro Preto: BORRES, Guilouski. Alimentos BOSI, Ecléa. Memória BRASIL. Lei de Diretrizes ________. Ministério da Apresentação dos temas ________. Ministério da educação das relações _______. Presidência da 8.069, 13 jul. 1990. Disponível CAMPBELL, Joseph. O CARVALHO, Antonio, CHARTIER, Roger. A História História entre certezas CHAUÍ, Madalena. Convite COSTA, Diná Raquel CROATTO, J. S. As linguagens DARTON, Robert. Os das Letras, 2005. ELIADE, Mircea. Aspectos Perspectiva. 1972. Enciclopédia Britânica FONAPER. Parâmetros GAARDER, Jostein. O COMISSÕES REGIONAIS ARTICULAÇÃO NA MATO GROSSO CRE 01 - COORDENADORIA Coordenadoria Regional Conselho Municipal Sindicato Municipal Secretaria Municipal Secretaria Municipal Secretaria Municipal Sec. Municipal de Secretaria Municipal CRE 02 – COORDENADORIA Coord. Reg. de Educação Conselho Municipal Sindicato Municipal Secretaria Municipal Secretaria Municipal Secretaria Municipal Secretaria Municipal Sec. Municipal de Sec. Municipal de Secretaria Municipal Secretaria Municipal Secretaria Municipal CRE 03 – COORDENADORIA Coordenadoria Regional Conselho Municipal Sindicato Municipal Secretaria Municipal Secretaria Municipal CRE 04 – COORDENADORIA Coordenadoria Regional Conselho Municipal Sindicato Municipal Secretaria Municipal Secretaria Municipal Secretaria Municipal Secretaria Municipal Secretaria Municipal Secretaria Municipal Sec. Municipal de Educação Secretaria Municipal Secretaria Municipal CRE 05 – COORDENADORIA Coordenadoria Regional Conselho Municipal Sindicato Municipal Secretaria Municipal Secretaria Municipal Secretaria Municipal Secretaria Municipal Secretaria Municipal Secretaria Municipal Secretaria Municipal Secretaria Municipal Secretaria Municipal Secretaria Municipal Secretaria Municipal Secretaria Municipal CRE 06 – COORDENADORIA Coord. Regional de Educação Conselho Municipal Sindicato Municipal Secretaria Municipal CRE – 07 – COORDENADORIA Coordenadoria Regional Conselho Municipal Sindicato Municipal Secretaria Municipal Secretaria Municipal Secretaria Municipal Secretaria Municipal Secretaria Municipal Secretaria Municipal Secretaria Municipal CRE 08 – COORDENADORIA Coordenadoria Regional Conselho Municipal Sindicato Municipal Secretaria Municipal Secretaria Municipal Secretaria Municipal Secretaria Municipal Secretaria Municipal Secretaria Municipal Secretaria Municipal Secretaria Municipal Secretaria Municipal CRE 09 – COORDENADORIA Coordenadoria Regional Conselho Municipal Sindicato Municipal Secretaria Municipal Secretaria Municipal Secretaria Municipal Secretaria Municipal Secretaria Municipal Secretaria Municipal Secretaria Municipal Secretaria Municipal CRE 10 – COORDENADORIA Coordenadoria Regional Conselho Municipal Sindicato Municipal Secretaria Municipal Secretaria Municipal Secretaria Municipal Secretaria Municipal Secretaria Municipal Secretaria Municipal CRE 11 – COORDENADORIA Coordenadoria Regional Conselho Municipal Sindicato Municipal Secretaria Municipal Secretaria Municipal Secretaria Municipal Secretaria Municipal Secretaria Municipal Secretaria Municipal CRE 12 – COORDENADORIA Coordenadoria Regional Conselho Municipal Sindicato Municipal Secretaria Municipal Secretaria Municipal Sec. Municipal De Educação Secretaria Municipal Secretaria Municipal","Objetos de Conhecimento O maior desafio em Basto de. Da História número 5, 2007. Pp. 34 Rabelais. São Paulo/Brasília: da religião. Campinas: O que é História das Meinberg de Albuquerque da ABHR / Simpósio Internacional História das Religiões: nº 55, pp. 13-42, jul/dez Taumaturgos: o caráter As Representações Religiosas, In: OLIVEIRA, Camila de resumos & Anais do EDUFOP, 2011. sagrados nos e sociedade: lembranças e Bases da Educação Educação e do Desporto. transversais e Ética. Educação. Secretaria da étnico-raciais. Brasília: República. Casa Civil. em: . Acesso em: Poder do Mito. São Paulo: Vieira de. Teologia da educação Cultural: entre práticas e inquietudes. Rio Grande à filosofia. São Paulo: Daudt da. Palavras sagradas da experiência dentes falsos de George do Mito, Edições 70, do Brasil. Publicações Curriculares Nacionais: livro das religiões. São PARA IMPLEMENTAÇÃO CONSTRUÇÃO DO SUL - RESOLUÇÃO REGIONAL de Educação de de Educação dos Trabalhadores de Educação de Anastácio de Educação de Bodoquena de Educação de Aquidauana Educação de Dois Irmãos de Educação de Miranda REGIONAL de C. Grande de Educação dos Trabalhadores de Educação de Bandeirantes de Educação de Camapuã de Educação de Corguinho de Educação de Jaraguari Educação de Nova Alvorada Educação de Ribas do de Educação de Rochedo de Educação de Sidrolândia de Educação de Terenos REGIONAL de Educação de Corumbá de Educação dos Trabalhadores em Educação de Educação de Corumbá de Educação de Ladário REGIONAL de Educação de Coxim de Educação dos Trabalhadores em Educação de Educação de Alcinópolis de Educação de Costa de Educação de Coxim de Educação de Figueirão de Educação de Pedro de Educação de Rio Negro de Rio Verde de de São Gabriel do Oeste de Educação de Sonora REGIONAL de Educação de Dourados de Educação dos Trabalhadores em Educação de Caarapó de Educação de Deodápolis de Educação de Douradina de Educação de Dourados de Fátima do Sul de Educação de Glória de Educação de Itaporã de Educação de Jateí de Educação de Laguna de Educação De Maracaju de Rio Brilhante de Educação de Vicentina REGIONAL de Campo Grande de Educação dos Trabalhadores em Educação de Campo Grande REGIONAL de Educação de Jardim de Educação dos Trabalhadores em Educação de Educação de Bela Vista de Educação de Bonito de Educação de Caracol de Educação de Guia Lopes de Educação de Jardim de Educação de Nioaque de Educação de Porto REGIONAL de Educação de Naviraí de Educação dos Trabalhadores em Educação de Eldorado de Iguatemi de Educação de Itaquiraí de Educação de Japorã de Educação de Juti de Educação de Mundo de Educação de Naviraí de Educação de Sete Quedas de Educação de Tacuru REGIONAL de Educação de Nova de Educação dos Trabalhadores em Educação de Educação de Anaurilândia de Educação de Angélica de Educação de Bataguassu de Educação de Batayporã de Educação de Ivinhema de Educação de Nova Andradina de Educação de Novo de Educação de Taquarussu REGIONAL de Educação de Paranaíba de Educação dos Trabalhadores em Educação de Educação de Aparecida de Educação de Cassilândia de Educação de Chapadão de Educação de Inocência de Paraíso das Águas de Educação de Paranaíba REGIONAL de Educação de Ponta de Educação dos Trabalhadores em Educação de Educação de Amambai de Educação de Antônio de Educação de Aral Moreira de Educação de Coronel de Educação de Paranhos de Educação de Ponta REGIONAL de Educação de Três de Educação dos Trabalhadores em Educação de Educação de Água Clara de Educação de Brasilândia de Santa Rita do de Educação de Selvíria de Educação de Três Lagoas",CURRICULO_REFERENCIA_MS_EF_V1_10,CURRICULO_COMPLETO,CURRICULO_REFERENCIA_MS_EF_V1_10,813
EF_AF,EF6,CURRICULAR,Geografia,GEO,MS.EF06GE00.n.01,"Conhecer a importância da ciência geográfica a partir dos conceitos (espaço, lugar, paisagem, região, território)",O sujeito e seu lugar no mundo,Introdução a Geografia,CURRICULO_REFERENCIA_MS_EF_V1_10,CURRICULO_COMPLETO,CURRICULO_REFERENCIA_MS_EF_V1_10,669
EF_AF,EF6,CURRICULAR,Geografia,GEO,MS.EF06GE00.n.03,"Analisar modificações de paisagens por diferentes tipos de sociedade, com destaque para os povos originários do Mato Grosso do Sul.",O sujeito e seu lugar no mundo,Identidade sociocultural,CURRICULO_REFERENCIA_MS_EF_V1_10,CURRICULO_COMPLETO,CURRICULO_REFERENCIA_MS_EF_V1_10,669
EF_AF,EF6,CURRICULAR,Geografia,GEO,MS.EF06GE00.n.05,"Conhecer os tipos de orientação (pontos cardeais e colaterais), as coordenadas geográficas e os elementos de um mapa.",Formas de representação e pensamento espacial,Introdução a Cartografia,CURRICULO_REFERENCIA_MS_EF_V1_10,CURRICULO_COMPLETO,CURRICULO_REFERENCIA_MS_EF_V1_10,670
EF_AF,EF6,CURRICULAR,Geografia,GEO,MS.EF06GE01.s.02,Comparar modificações das paisagens nos lugares de vivência e os usos desses lugares em diferentes tempos.,O sujeito e seu lugar no mundo,Identidade sociocultural,CURRICULO_REFERENCIA_MS_EF_V1_10,CURRICULO_COMPLETO,CURRICULO_REFERENCIA_MS_EF_V1_10,669
EF_AF,EF6,CURRICULAR,Geografia,GEO,MS.EF06GE03.s.04,"Descrever os movimentos do planeta (Rotação e Translação) e sua relação com a circulação geral da atmosfera, o tempo atmosférico e os padrões climáticos.",Conexões e escalas Unidades Temáticas,Relações entre os componentes físiconaturais Objetos de Conhecimento,CURRICULO_REFERENCIA_MS_EF_V1_10,CURRICULO_COMPLETO,CURRICULO_REFERENCIA_MS_EF_V1_10,669
EF_AF,EF6,CURRICULAR,Geografia,GEO,MS.EF06GE04.s.08,"Descrever o ciclo da água, comparando o escoamento superficial no ambiente urbano e rural, reconhecendo os principais componentes da morfologia das bacias e das redes hidrográficas e a sua localização no modelado da superfície terrestre e da cobertura vegetal.",Conexões e escalas Unidades Temáticas,Relações entre os componentes físiconaturais Objetos de Conhecimento,CURRICULO_REFERENCIA_MS_EF_V1_10,CURRICULO_COMPLETO,CURRICULO_REFERENCIA_MS_EF_V1_10,670
EF_AF,EF6,CURRICULAR,Geografia,GEO,MS.EF06GE05.s.09,"Relacionar padrões climáticos, tipos de solo, relevo e formações vegetais.",Conexões e escalas,Relações entre os componentes físiconaturais,CURRICULO_REFERENCIA_MS_EF_V1_10,CURRICULO_COMPLETO,CURRICULO_REFERENCIA_MS_EF_V1_10,671
EF_AF,EF6,CURRICULAR,Geografia,GEO,MS.EF06GE06.s.14,Identificar as características das paisagens transformadas pelo trabalho humano a partir do desenvolvimento da agropecuária e do processo de industrialização.,Mundo do trabalho,Transformação das paisagens naturais e antrópicas,CURRICULO_REFERENCIA_MS_EF_V1_10,CURRICULO_COMPLETO,CURRICULO_REFERENCIA_MS_EF_V1_10,672
EF_AF,EF6,CURRICULAR,Geografia,GEO,MS.EF06GE07.s.15,Explicar as mudanças na interação humana com a natureza a partir do surgimento das cidades.,Mundo do trabalho,Transformação das paisagens naturais e antrópicas,CURRICULO_REFERENCIA_MS_EF_V1_10,CURRICULO_COMPLETO,CURRICULO_REFERENCIA_MS_EF_V1_10,672
EF_AF,EF6,CURRICULAR,Geografia,GEO,MS.EF06GE08.s.06,Medir distâncias na superfície pelas escalas gráficas e numéricas dos mapas.,Formas de representação e pensamento espacial,Fenômenos naturais e sociais representados de diferentes maneiras,CURRICULO_REFERENCIA_MS_EF_V1_10,CURRICULO_COMPLETO,CURRICULO_REFERENCIA_MS_EF_V1_10,670
EF_AF,EF6,CURRICULAR,Geografia,GEO,MS.EF06GE09.s.07,"Elaborar modelos tridimensionais, blocosdiagramas e perfis topográficos e de vegetação, visando à representação de elementos e estruturas da superfície terrestre.",Formas de representação e pensamento espacial,Fenômenos naturais e sociais representados de diferentes maneiras,CURRICULO_REFERENCIA_MS_EF_V1_10,CURRICULO_COMPLETO,CURRICULO_REFERENCIA_MS_EF_V1_10,670
EF_AF,EF6,CURRICULAR,Geografia,GEO,MS.EF06GE10.s.10,"Explicar as diferentes formas de uso do solo (rotação de terras, terraceamento, aterros etc.) e de apropriação dos recursos hídricos (sistema de irrigação, tratamento e redes de distribuição), bem como suas vantagens e desvantagens em diferentes épocas e lugares.","Natureza, ambientes e qualidade de vida",Biodiversidade e ciclo hidrológico,CURRICULO_REFERENCIA_MS_EF_V1_10,CURRICULO_COMPLETO,CURRICULO_REFERENCIA_MS_EF_V1_10,671
EF_AF,EF6,CURRICULAR,Geografia,GEO,MS.EF06GE11.s.11,"Analisar distintas interações das sociedades com a natureza, com base na distribuição dos componentes físico-naturais, incluindo as transformações da biodiversidade local e do mundo.","Natureza, ambientes e qualidade de vida Unidades Temáticas",Biodiversidade e ciclo hidrológico Objetos de Conhecimento,CURRICULO_REFERENCIA_MS_EF_V1_10,CURRICULO_COMPLETO,CURRICULO_REFERENCIA_MS_EF_V1_10,671
EF_AF,EF6,CURRICULAR,Geografia,GEO,MS.EF06GE12.c.12,"Identificar o consumo dos recursos hídricos e o uso das principais bacias hidrográficas no Brasil e no Mato Grosso do Sul, enfatizando as transformações nos ambientes urbanos.","Natureza, ambientes e qualidade de vida",Biodiversidade e ciclo hidrológico,CURRICULO_REFERENCIA_MS_EF_V1_10,CURRICULO_COMPLETO,CURRICULO_REFERENCIA_MS_EF_V1_10,672
EF_AF,EF6,CURRICULAR,Geografia,GEO,MS.EF06GE13.s.13,"Analisar consequências, vantagens e desvantagens das práticas humanas na dinâmica climática (ilha de calor etc.).","Natureza, ambientes e qualidade de vida",Atividades humanas e dinâmica climática,CURRICULO_REFERENCIA_MS_EF_V1_10,CURRICULO_COMPLETO,CURRICULO_REFERENCIA_MS_EF_V1_10,672
EF_AF,EF7,CURRICULAR,Geografia,GEO,MS.EF07GE00.n.01,"Localizar geograficamente o Brasil com seus limites, fronteiras e regionalização na América e no mundo.",O sujeito e seu lugar no mundo,Formação territorial do Brasil,CURRICULO_REFERENCIA_MS_EF_V1_10,CURRICULO_COMPLETO,CURRICULO_REFERENCIA_MS_EF_V1_10,673
EF_AF,EF7,CURRICULAR,Geografia,GEO,MS.EF07GE01.s.02,"Avaliar, por meio de exemplos extraídos dos meios de comunicação, ideias e estereótipos acerca das paisagens e da formação territorial do Brasil.",O sujeito e seu lugar no mundo,Ideias e concepções sobre a formação territorial do Brasil,CURRICULO_REFERENCIA_MS_EF_V1_10,CURRICULO_COMPLETO,CURRICULO_REFERENCIA_MS_EF_V1_10,673
EF_AF,EF7,CURRICULAR,Geografia,GEO,MS.EF07GE02.s.03,"Analisar a influência dos fluxos econômicos e populacionais na formação socioeconômica e territorial do Brasil, compreendendo os conflitos e as tensões históricas e contemporâneas.",Conexões e escalas,Formação territorial do Brasil,CURRICULO_REFERENCIA_MS_EF_V1_10,CURRICULO_COMPLETO,CURRICULO_REFERENCIA_MS_EF_V1_10,673
EF_AF,EF7,CURRICULAR,Geografia,GEO,MS.EF07GE03.s.05,"Selecionar argumentos que reconheçam as territorialidades dos povos indígenas originários, das comunidades remanescentes de quilombos, de povos das florestas e do cerrado, de ribeirinhos e caiçaras, entre outros grupos sociais do campo e da cidade, como direitos legais dessas comunidades.",Conexões e escalas,Formação territorial do Brasil,CURRICULO_REFERENCIA_MS_EF_V1_10,CURRICULO_COMPLETO,CURRICULO_REFERENCIA_MS_EF_V1_10,674
EF_AF,EF7,CURRICULAR,Geografia,GEO,MS.EF07GE04.s.04,"Analisara distribuição territorial da população brasileira, considerando a diversidade étnico-cultural (indígena, africana, europeia e asiática), assim como aspectos de renda, sexo e idade nas regiões brasileiras.",Conexões e escalas Unidades Temáticas,Características da população brasileira Objetos de Conhecimento,CURRICULO_REFERENCIA_MS_EF_V1_10,CURRICULO_COMPLETO,CURRICULO_REFERENCIA_MS_EF_V1_10,673
EF_AF,EF7,CURRICULAR,Geografia,GEO,MS.EF07GE06.s.07,"Discutir em que medida a produção, a circulação e o consumo de mercadorias provocam impactos ambientais, assim como influem na distribuição de riquezas, em diferentes lugares.",Mundo do trabalho,"Produção, circulação e consumo de mercadorias",CURRICULO_REFERENCIA_MS_EF_V1_10,CURRICULO_COMPLETO,CURRICULO_REFERENCIA_MS_EF_V1_10,675
EF_AF,EF7,CURRICULAR,Geografia,GEO,MS.EF07GE07.s.08,Analisara influência e o papel das redes de transporte e comunicação na configuração do território brasileiro.,Mundo do trabalho,Desigualdade social e o trabalho,CURRICULO_REFERENCIA_MS_EF_V1_10,CURRICULO_COMPLETO,CURRICULO_REFERENCIA_MS_EF_V1_10,675
EF_AF,EF7,CURRICULAR,Geografia,GEO,MS.EF07GE08.s.09,Estabelecer relações entre os processos de industrialização e inovação tecnológica com as transformações socioeconômicas do território brasileiro.,Mundo do trabalho Unidades Temáticas,Desigualdade social e o trabalho Objetos de Conhecimento,CURRICULO_REFERENCIA_MS_EF_V1_10,CURRICULO_COMPLETO,CURRICULO_REFERENCIA_MS_EF_V1_10,675
EF_AF,EF7,CURRICULAR,Geografia,GEO,MS.EF07GE09.s.10,"Interpretar e elaborar mapas temáticos e históricos, inclusive utilizando tecnologias digitais, com informações demográficas e econômicas do Brasil (cartogramas), identificando padrões espaciais, regionalizações e analogias espaciais.",Formas de representação e pensamento espacial,Mapas temáticos do Brasil,CURRICULO_REFERENCIA_MS_EF_V1_10,CURRICULO_COMPLETO,CURRICULO_REFERENCIA_MS_EF_V1_10,676
EF_AF,EF7,CURRICULAR,Geografia,GEO,MS.EF07GE10.s.11,"Elaborar e interpretar gráficos de barras, gráficos de setores e histogramas, com base em dados socioeconômicos das regiões brasileiras.",Formas de representação e pensamento espacial,Mapas temáticos do Brasil,CURRICULO_REFERENCIA_MS_EF_V1_10,CURRICULO_COMPLETO,CURRICULO_REFERENCIA_MS_EF_V1_10,676
EF_AF,EF7,CURRICULAR,Geografia,GEO,MS.EF07GE11.s.12,"Caracterizar dinâmicas dos componentes físico-naturais no território nacional, bem como sua distribuição e biodiversidade (Florestas Tropicais, Cerrados, Caatingas, Campos Sulinos e Matas de Araucária).","Natureza, ambientes e qualidade de vida",Biodiversidade brasileira,CURRICULO_REFERENCIA_MS_EF_V1_10,CURRICULO_COMPLETO,CURRICULO_REFERENCIA_MS_EF_V1_10,676
EF_AF,EF7,CURRICULAR,Geografia,GEO,MS.EF07GE12.s.13,"Comparar unidades de conservação existentes no Município de residência e em outras localidades brasileiras, com base na organização do Sistema Nacional de Unidades de Conservação (SNUC).","Natureza, ambientes e qualidade de vida",Biodiversidade brasileira,CURRICULO_REFERENCIA_MS_EF_V1_10,CURRICULO_COMPLETO,CURRICULO_REFERENCIA_MS_EF_V1_10,676
EF_AF,EF7,CURRICULAR,Geografia,GEO,MS.F07GE05.s.06,Analisar fatos e situações representativas das alterações ocorridas entre o período mercantilista e o advento do capitalismo.,Mundo do trabalho Unidades Temáticas,"Produção, circulação e consumo de mercadorias Objetos de Conhecimento",CURRICULO_REFERENCIA_MS_EF_V1_10,CURRICULO_COMPLETO,CURRICULO_REFERENCIA_MS_EF_V1_10,674
EF_AF,EF8,CURRICULAR,Geografia,GEO,MS.EF08GE01.s.01,"Descrever as rotas de dispersão da população humana pelo planeta e os principais fluxos migratórios em diferentes períodos da história, discutindo os fatores históricos e condicionantes físico-naturais associados à distribuição da população humana pelos continentes.",O sujeito e seu lugar no mundo,Distribuição da população mundial e deslocamentos populacionais,CURRICULO_REFERENCIA_MS_EF_V1_10,CURRICULO_COMPLETO,CURRICULO_REFERENCIA_MS_EF_V1_10,677
EF_AF,EF8,CURRICULAR,Geografia,GEO,MS.EF08GE02.s.02,"Relacionar fatos e situações representativas da história das famílias do Município em que se localiza a escola, considerando a diversidade e os fluxos migratórios da população mundial.",O sujeito e seu lugar no mundo,Diversidade e dinâmica da população mundial e local,CURRICULO_REFERENCIA_MS_EF_V1_10,CURRICULO_COMPLETO,CURRICULO_REFERENCIA_MS_EF_V1_10,677
EF_AF,EF8,CURRICULAR,Geografia,GEO,MS.EF08GE03.s.03,"Analisar aspectos representativos da dinâmica demográfica, considerando características da população (perfil etário, crescimento vegetativo e mobilidade espacial).",O sujeito e seu lugar no mundo Unidades Temáticas,Diversidade e dinâmica da população mundial e local Objetos de Conhecimento,CURRICULO_REFERENCIA_MS_EF_V1_10,CURRICULO_COMPLETO,CURRICULO_REFERENCIA_MS_EF_V1_10,677
EF_AF,EF8,CURRICULAR,Geografia,GEO,MS.EF08GE04.s.04,"Compreender os fluxos de migração na América Latina (movimentos voluntários e forçados, assim como fatores e áreas de expulsão e atração) e as principais políticas migratórias da região.",O sujeito e seu lugar no mundo,Diversidade e dinâmica da população mundial e local,CURRICULO_REFERENCIA_MS_EF_V1_10,CURRICULO_COMPLETO,CURRICULO_REFERENCIA_MS_EF_V1_10,678
EF_AF,EF8,CURRICULAR,Geografia,GEO,MS.EF08GE05.s.05,"Aplicar os conceitos de Estado, nação, território, governo e país para o entendimento de conflitos e tensões na contemporaneidade, com destaque para as situações geopolíticas na América e na África e suas múltiplas regionalizações a partir do pós-guerra.",Conexões e escalas,Corporações e organismos internacionais e do Brasil na ordem econômica mundial,CURRICULO_REFERENCIA_MS_EF_V1_10,CURRICULO_COMPLETO,CURRICULO_REFERENCIA_MS_EF_V1_10,678
EF_AF,EF8,CURRICULAR,Geografia,GEO,MS.EF08GE06.s.06,"Analisar a atuação das organizações mundiais nos processos de integração cultural e econômica nos contextos americano e africano, reconhecendo, em seus lugares de vivência, marcas desses processos.",Conexões e escalas,Corporações e organismos internacionais e do Brasil na ordem econômica mundial,CURRICULO_REFERENCIA_MS_EF_V1_10,CURRICULO_COMPLETO,CURRICULO_REFERENCIA_MS_EF_V1_10,678
EF_AF,EF8,CURRICULAR,Geografia,GEO,MS.EF08GE07.s.07,"Analisar os impactos geoeconômicos, geoestratégicos e geopolíticos da ascensão dos Estados Unidos da América no cenário internacional em sua posição de liderança global e na relação com a China e o Brasil.",Conexões e escalas Unidades Temáticas,Corporações e organismos internacionais e do Objetos de Conhecimento Brasil na ordem econômica mundial,CURRICULO_REFERENCIA_MS_EF_V1_10,CURRICULO_COMPLETO,CURRICULO_REFERENCIA_MS_EF_V1_10,678
EF_AF,EF8,CURRICULAR,Geografia,GEO,MS.EF08GE08.s.08,"Analisar a situação do Brasil e de outros países da América Latina e da África, assim como da potência estadunidense na ordem mundial do pós-guerra.",Conexões e escalas,Corporações e organismos internacionais e do Brasil na ordem econômica mundial,CURRICULO_REFERENCIA_MS_EF_V1_10,CURRICULO_COMPLETO,CURRICULO_REFERENCIA_MS_EF_V1_10,679
EF_AF,EF8,CURRICULAR,Geografia,GEO,MS.EF08GE09.s.11,"Analisar os padrões econômicos mundiais de produção, distribuição e intercâmbio dos produtos agrícolas e industrializados, tendo como referência os Estados Unidos da América e os países denominados de Brics (Brasil, Rússia, Índia, China e África do Sul).",Conexões e escalas,Corporações e organismos internacionais e do Brasil na ordem econômica mundial,CURRICULO_REFERENCIA_MS_EF_V1_10,CURRICULO_COMPLETO,CURRICULO_REFERENCIA_MS_EF_V1_10,680
EF_AF,EF8,CURRICULAR,Geografia,GEO,MS.EF08GE10.s.20,"Distinguir e analisar conflitos e ações dos movimentos sociais brasileiros, no campo e na cidade, comparando com outros movimentos sociais existentes nos países latino-americanos.",Conexões e escalas Unidades Temáticas,Corporações e organismos internacionais e do Brasil na ordem econômica mundial Objetos de Conhecimento,CURRICULO_REFERENCIA_MS_EF_V1_10,CURRICULO_COMPLETO,CURRICULO_REFERENCIA_MS_EF_V1_10,682
EF_AF,EF8,CURRICULAR,Geografia,GEO,MS.EF08GE11.s.21,Analisar áreas de conflito e tensões nas regiões de fronteira do continente latino-americano e o papel de organismos internacionais e regionais de cooperação nesses cenários.,Conexões e escalas,Corporações e organismos internacionais e do Brasil na ordem econômica mundial,CURRICULO_REFERENCIA_MS_EF_V1_10,CURRICULO_COMPLETO,CURRICULO_REFERENCIA_MS_EF_V1_10,683
EF_AF,EF8,CURRICULAR,Geografia,GEO,MS.EF08GE12.s.09,"Compreender os objetivos e analisar a importância dos organismos de integração do território americano (Mercosul, OEA, OEI, Nafta, Unasul, Alba, Comunidade Andina, Aladi, entre outros).",Conexões e escalas,Corporações e organismos internacionais e do Brasil na ordem econômica mundial,CURRICULO_REFERENCIA_MS_EF_V1_10,CURRICULO_COMPLETO,CURRICULO_REFERENCIA_MS_EF_V1_10,679
EF_AF,EF8,CURRICULAR,Geografia,GEO,MS.EF08GE13.s.12,Analisar a influência do desenvolvimento científico e tecnológico na caracterização dos tipos de trabalho e na economia dos espaços urbanos e rurais da América e da África.,Mundo do trabalho,Os diferentes contextos e os meios técnico e tecnológico na produção,CURRICULO_REFERENCIA_MS_EF_V1_10,CURRICULO_COMPLETO,CURRICULO_REFERENCIA_MS_EF_V1_10,680
EF_AF,EF8,CURRICULAR,Geografia,GEO,MS.EF08GE14.s.13,"Analisar os processos de desconcentração, descentralização e recentralização das atividades econômicas a partir do capital estadunidense e chinês em diferentes regiões no mundo, com destaque para o Brasil.",Mundo do trabalho Unidades Temáticas,Os diferentes contextos e os meios técnico e tecnológico na produção Objetos de Conhecimento,CURRICULO_REFERENCIA_MS_EF_V1_10,CURRICULO_COMPLETO,CURRICULO_REFERENCIA_MS_EF_V1_10,680
EF_AF,EF8,CURRICULAR,Geografia,GEO,MS.EF08GE15.s.22,"Analisar a importância dos principais recursos hídricos da América Latina (Aquífero Guarani, Bacias do rio da Prata, do Amazonas e do Orinoco, sistemas de nuvens na Amazônia e nos Andes, entre outros) e discutir os desafios relacionados à gestão e comercialização da água.",Mundo do trabalho,Transformações do espaço na sociedade urbano-industrial na América Latina,CURRICULO_REFERENCIA_MS_EF_V1_10,CURRICULO_COMPLETO,CURRICULO_REFERENCIA_MS_EF_V1_10,683
EF_AF,EF8,CURRICULAR,Geografia,GEO,MS.EF08GE16.s.18,"Analisar as principais problemáticas comuns às grandes cidades latinoamericanas, particularmente aquelas relacionadas à distribuição, estrutura e dinâmica da população e às condições de vida e trabalho.",Mundo do trabalho,Transformações do espaço na sociedade urbano-industrial na América Latina,CURRICULO_REFERENCIA_MS_EF_V1_10,CURRICULO_COMPLETO,CURRICULO_REFERENCIA_MS_EF_V1_10,682
EF_AF,EF8,CURRICULAR,Geografia,GEO,MS.EF08GE17.s.19,"Analisar a segregação socioespacial em ambientes urbanos da América Latina, com atenção especial ao estudo de favelas, alagados e zona de riscos.",Mundo do trabalho,Transformações do espaço na sociedade urbano-industrial na América Latina,CURRICULO_REFERENCIA_MS_EF_V1_10,CURRICULO_COMPLETO,CURRICULO_REFERENCIA_MS_EF_V1_10,682
EF_AF,EF8,CURRICULAR,Geografia,GEO,MS.EF08GE18.s.15,"Elaborar mapas ou outras formas de representação cartográfica para analisar as redes e as dinâmicas urbanas e rurais, ordenamento territorial, contextos culturais, modo de vida e usos e ocupação de solos da África e América.",Formas de representação e pensamento espacial,"Cartografia: anamorfose, croquis e mapas temáticos da América e África",CURRICULO_REFERENCIA_MS_EF_V1_10,CURRICULO_COMPLETO,CURRICULO_REFERENCIA_MS_EF_V1_10,681
EF_AF,EF8,CURRICULAR,Geografia,GEO,MS.EF08GE19.s.16,"Interpretar cartogramas, mapas esquemáticos (croquis) e anamorfoses geográficas com informações geográficas acerca da África e América.",Formas de representação e pensamento espacial,"Cartografia: anamorfose, croquis e mapas temáticos da América e África",CURRICULO_REFERENCIA_MS_EF_V1_10,CURRICULO_COMPLETO,CURRICULO_REFERENCIA_MS_EF_V1_10,681
EF_AF,EF8,CURRICULAR,Geografia,GEO,MS.EF08GE20.s.17,"Analisar características de países e grupos de países da América e da África no que se refere aos aspectos populacionais, urbanos, políticos e econômicos, e discutir as desigualdades sociais e econômicas e as pressões sobre a natureza e suas riquezas (sua apropriação e valoração na produção e circulação), o que resulta na espoliação desses povos.","Natureza, ambientes e qualidade de vida Unidades Temáticas","Identidades e interculturalidades regionais: Estados Unidos da América, América espanhola e portuguesa e África Objetos de Conhecimento",CURRICULO_REFERENCIA_MS_EF_V1_10,CURRICULO_COMPLETO,CURRICULO_REFERENCIA_MS_EF_V1_10,681
EF_AF,EF8,CURRICULAR,Geografia,GEO,MS.EF08GE21.s.24,"Analisar o papel ambiental e territorial da Antártica no contexto geopolítico, sua relevância para os países da América do Sul e seu valor como área destinada à pesquisa e à compreensão do ambiente global.","Natureza, ambientes e qualidade de vida","Identidades e interculturalidades regionais: Estados Unidos da América, América espanhola e portuguesa e África",CURRICULO_REFERENCIA_MS_EF_V1_10,CURRICULO_COMPLETO,CURRICULO_REFERENCIA_MS_EF_V1_10,683
EF_AF,EF8,CURRICULAR,Geografia,GEO,MS.EF08GE22.s.10,"Identificar os principais recursos naturais dos países da América Latina, analisando seu uso para a produção de matéria-prima e energia e sua relevância para a cooperação entre os países do Mercosul.","Natureza, ambientes e qualidade de vida Unidades Temáticas",Diversidade ambiental e as transformações nas paisagens na América Latina Objetos de Conhecimento,CURRICULO_REFERENCIA_MS_EF_V1_10,CURRICULO_COMPLETO,CURRICULO_REFERENCIA_MS_EF_V1_10,679
EF_AF,EF8,CURRICULAR,Geografia,GEO,MS.EF08GE23.s.23,"Identificar paisagens da América Latina e associá-las, por meio da cartografia, aos diferentes povos da região, com base em aspectos da geomorfologia, da biogeografia e da climatologia.","Natureza, ambientes e qualidade de vida",Diversidade ambiental e as transformações nas paisagens na América Latina,CURRICULO_REFERENCIA_MS_EF_V1_10,CURRICULO_COMPLETO,CURRICULO_REFERENCIA_MS_EF_V1_10,683
EF_AF,EF8,CURRICULAR,Geografia,GEO,MS.EF08GE24.s.14,"Analisar as principais características produtivas dos países latino-americanos (como exploração mineral na Venezuela; agricultura de alta especialização e exploração mineira no Chile; circuito da carne nos pampas argentinos e no Brasil; circuito da canade-açúcar em Cuba; polígono industrial do sudeste brasileiro e plantações de soja no centro-oeste; maquiladoras mexicanas, entre outros).","Natureza, ambientes e qualidade de vida",Diversidade ambiental e as transformações nas paisagens na América Latina,CURRICULO_REFERENCIA_MS_EF_V1_10,CURRICULO_COMPLETO,CURRICULO_REFERENCIA_MS_EF_V1_10,681
EF_AF,EF9,CURRICULAR,Geografia,GEO,MS.EF09GE01.s.06,"Analisar criticamente de que forma a hegemonia europeia foi exercida em várias regiões do planeta, notadamente em situações de conflito, intervenções militares e/ou influência cultural em diferentes tempos e lugares.",O sujeito e seu lugar no mundo,"A hegemonia europeia na economia, na política e na cultura",CURRICULO_REFERENCIA_MS_EF_V1_10,CURRICULO_COMPLETO,CURRICULO_REFERENCIA_MS_EF_V1_10,685
EF_AF,EF9,CURRICULAR,Geografia,GEO,MS.EF09GE02.s.07,"Analisar a atuação das corporações internacionais e das organizações econômicas mundiais na vida da população em relação ao consumo, à cultura e à mobilidade.",O sujeito e seu lugar no mundo,Corporações e organismos internacionais,CURRICULO_REFERENCIA_MS_EF_V1_10,CURRICULO_COMPLETO,CURRICULO_REFERENCIA_MS_EF_V1_10,685
EF_AF,EF9,CURRICULAR,Geografia,GEO,MS.EF09GE03.s.05,"Identificar diferentes manifestações culturais de minorias étnicas como forma de compreender a multiplicidade cultural na escala mundial, defendendo o princípio do respeito às diferenças.",O sujeito e seu lugar no mundo Unidades Temáticas,As manifestações culturais na formação populacional Objetos de Conhecimento,CURRICULO_REFERENCIA_MS_EF_V1_10,CURRICULO_COMPLETO,CURRICULO_REFERENCIA_MS_EF_V1_10,684
EF_AF,EF9,CURRICULAR,Geografia,GEO,MS.EF09GE04.s.03,"Relacionar diferenças de paisagens aos modos de viver de diferentes povos na Europa, Ásia e Oceania, valorizando identidades e interculturalidades regionais.",O sujeito e seu lugar no mundo,As manifestações culturais na formação populacional,CURRICULO_REFERENCIA_MS_EF_V1_10,CURRICULO_COMPLETO,CURRICULO_REFERENCIA_MS_EF_V1_10,684
EF_AF,EF9,CURRICULAR,Geografia,GEO,MS.EF09GE05.s.08,"Analisar fatos e situações para compreender a integração mundial (econômica, política e cultural), comparando as diferentes interpretações: globalização e mundialização.",Conexões e escalas Unidades Temáticas,Integração mundial e suas interpretações: globalização e mundialização Objetos de Conhecimento,CURRICULO_REFERENCIA_MS_EF_V1_10,CURRICULO_COMPLETO,CURRICULO_REFERENCIA_MS_EF_V1_10,685
EF_AF,EF9,CURRICULAR,Geografia,GEO,MS.EF09GE06.s.09,Associar o critério de divisão do mundo em Ocidente e Oriente com o Sistema Colonial implantado pelas potências europeias.,Conexões e escalas,A divisão do mundo em Ocidente e Oriente,CURRICULO_REFERENCIA_MS_EF_V1_10,CURRICULO_COMPLETO,CURRICULO_REFERENCIA_MS_EF_V1_10,686
EF_AF,EF9,CURRICULAR,Geografia,GEO,MS.EF09GE07.s.02,Analisar os componentes físico-naturais da Eurásia e os determinantes históricogeográficos de sua divisão em Europa e Ásia.,Conexões e escalas,"Intercâmbios históricos e culturais entre Europa, Ásia e Oceania",CURRICULO_REFERENCIA_MS_EF_V1_10,CURRICULO_COMPLETO,CURRICULO_REFERENCIA_MS_EF_V1_10,684
EF_AF,EF9,CURRICULAR,Geografia,GEO,MS.EF09GE08.s.10,"Analisar transformações territoriais, considerando o movimento de fronteiras, tensões, conflitos e múltiplas regionalidades na Europa, na Ásia e na Oceania.",Conexões e escalas,"Intercâmbios históricos e culturais entre Europa, Ásia e Oceania",CURRICULO_REFERENCIA_MS_EF_V1_10,CURRICULO_COMPLETO,CURRICULO_REFERENCIA_MS_EF_V1_10,686
EF_AF,EF9,CURRICULAR,Geografia,GEO,MS.EF09GE09.s.04,"Analisar características de países e grupos de países europeus, asiáticos e da Oceania em seus aspectos populacionais, urbanos, políticos e econômicos, e discutir suas desigualdades sociais e econômicas e pressões sobre seus ambientes físico-naturais.",Conexões e escalas,"Intercâmbios históricos e culturais entre Europa, Ásia e Oceania",CURRICULO_REFERENCIA_MS_EF_V1_10,CURRICULO_COMPLETO,CURRICULO_REFERENCIA_MS_EF_V1_10,684
EF_AF,EF9,CURRICULAR,Geografia,GEO,MS.EF09GE10.s.13,"Analisar os impactos do processo de industrialização na produção e circulação de produtos e culturas na Europa, na Ásia e na Oceania.",Mundo do trabalho,Transformações do espaço na sociedade urbano-industrial,CURRICULO_REFERENCIA_MS_EF_V1_10,CURRICULO_COMPLETO,CURRICULO_REFERENCIA_MS_EF_V1_10,687
EF_AF,EF9,CURRICULAR,Geografia,GEO,MS.EF09GE11.s.14,Relacionar as mudanças técnicas e científicas decorrentes do processo de industrialização com as transformações no trabalho em diferentes regiões do mundo e suas consequências no Brasil.,Mundo do trabalho,Transformações do espaço na sociedade urbano-industrial,CURRICULO_REFERENCIA_MS_EF_V1_10,CURRICULO_COMPLETO,CURRICULO_REFERENCIA_MS_EF_V1_10,687
EF_AF,EF9,CURRICULAR,Geografia,GEO,MS.EF09GE12.s.15,"Relacionar o processo de urbanização às transformações da produção agropecuária, à expansão do desemprego estrutural e ao papel crescente do capital financeiro em diferentes países, com destaque para o Brasil.",Mundo do trabalho Unidades Temáticas,Cadeias industriais e inovação no uso dos recursos naturais e matérias-primas Objetos de Conhecimento,CURRICULO_REFERENCIA_MS_EF_V1_10,CURRICULO_COMPLETO,CURRICULO_REFERENCIA_MS_EF_V1_10,687
EF_AF,EF9,CURRICULAR,Geografia,GEO,MS.EF09GE13.s.16,Analisar a importância da produção agropecuária na sociedade urbano-industrial ante o problema da desigualdade mundial de acesso aos recursos alimentares e à matériaprima.,Mundo do trabalho,Cadeias industriais e inovação no uso dos recursos naturais e matérias-primas,CURRICULO_REFERENCIA_MS_EF_V1_10,CURRICULO_COMPLETO,CURRICULO_REFERENCIA_MS_EF_V1_10,688
EF_AF,EF9,CURRICULAR,Geografia,GEO,MS.EF09GE14.s.11,"Elaborar e interpretar gráficos de barras e de setores, mapas temáticos e esquemáticos (croquis) e anamorfoses geográficas para analisar, sintetizar e apresentar dados e informações sobre diversidade, diferenças e desigualdades sociopolíticas e geopolíticas mundiais.",Formas de representação e pensamento espacial Unidades Temáticas,"Leitura e elaboração de mapas temáticos, croquis e outras formas de representação para analisar informações geográficas Objetos de Conhecimento",CURRICULO_REFERENCIA_MS_EF_V1_10,CURRICULO_COMPLETO,CURRICULO_REFERENCIA_MS_EF_V1_10,686
EF_AF,EF9,CURRICULAR,Geografia,GEO,MS.EF09GE15.s.12,"Comparar e classificar diferentes regiões do mundo com base em informações populacionais, econômicas e socioambientais representadas em mapas temáticos e com diferentes projeções cartográficas.",Formas de representação e pensamento espacial,"Leitura e elaboração de mapas temáticos, croquis e outras formas de representação para analisar informações geográficas",CURRICULO_REFERENCIA_MS_EF_V1_10,CURRICULO_COMPLETO,CURRICULO_REFERENCIA_MS_EF_V1_10,687
EF_AF,EF9,CURRICULAR,Geografia,GEO,MS.EF09GE16.s.01,"Identificar e comparar diferentes domínios morfoclimáticos da Europa, da Ásia e da Oceania.","Natureza, ambientes e qualidade de vida","Diversidade ambiental e as transformações nas paisagens na Europa, na Ásia e na Oceania",CURRICULO_REFERENCIA_MS_EF_V1_10,CURRICULO_COMPLETO,CURRICULO_REFERENCIA_MS_EF_V1_10,684
EF_AF,EF9,CURRICULAR,Geografia,GEO,MS.EF09GE17.s.17,"Explicar as características físico-naturais e a forma de ocupação e usos da terra em diferentes regiões da Europa, da Ásia e da Oceania.","Natureza, ambientes e qualidade de vida","Diversidade ambiental e as transformações nas paisagens na Europa, na Ásia e na Oceania",CURRICULO_REFERENCIA_MS_EF_V1_10,CURRICULO_COMPLETO,CURRICULO_REFERENCIA_MS_EF_V1_10,688
EF_AF,EF9,CURRICULAR,Geografia,GEO,MS.EF09GE18.s.18,"Identificar e analisar as cadeias industriais e de inovação e as consequências dos usos de recursos naturais e das diferentes fontes de energia (tais como termoelétrica, hidrelétrica, eólica e nuclear) em diferentes países. de seu tempo e espaço, num efeitos, perspectivas e contestabilidade É nesse espaço que é e construir seu protagonismo é essencial voltar o olhar Com essa concepção, a ponto de desestabilizar fatos e vivências, mesmo e nos posicionam num dado tempo a forma como se apreende O entendimento dessa que se propõe a investigar a história implica precisamente do sujeito. que, por sua vez, poderá que os agentes e da intencionalidade de Dentro dessa perspectiva, acerca das experiências “Outro” e que esses formam a realidade. Tal entendimento de relações de convivência, compreender a diversidade. e intolerância história atesta que, quando e a prática de inferiorizar levando em conta da história em que processos de fundamentos essenciais dentro de uma perspectiva movimento dinâmico e dialógico. sim agregar significados ecoar e valer-se como os indígenas, pois foram é o conhecimento de de construir o reconhecimento para as noções de comunidade o conceito de homogeneidade, constitutivo da sociedade. para que convicções voltadas de um processo, pois a Eundamental, propõe-se para que a compreensão com ela. Para tanto, o para que o estudante e contemporâneo tenha mecanismos de transformação ao longo do tempo e para que um paralelo seja substituída pela entre diferentes mundos, entendimento, o presente a história seja experimentada os tempos históricos, são avançar no aspecto a concepção de cidadão facilitador na construção é necessária colonizadores, comunidades geraram situações dessa história local deve inserido em uma história ao reconhecer o e resiliência. a história agrega significado postura esclarecida diante busca-se contemplar como instrumento para a qual deve ser considerada de História de acordo históricos, relações de das estruturas sociais, políticas, espaços para analisar, no tempo e no espaço, e manutenção das estruturas os significados das hipóteses, argumentos e históricos específicos, recorrendo a resolução de conflitos, que expressem visões de diferentes histórico, e posicionar-se sustentáveis e solidários. movimento de populações levando em conta o respeito os conceitos e procedimentos tecnologias digitais de informação seus significados Objetos de Conhecimento,","Natureza, ambientes e qualidade de vida 8.6.3 História Estar no mundo é continuidade e mudança, construída no contexto saber edificado ao Ao pensar na História conhecimento e dinâmica e processual constatação é a também, experiências mundo. História é produto conhecimento histórico empregada em outros passem a fazer sentido É importante destacar aconteça, é necessário ficará mais fácil a vezes distante, diferente. históricos apropriem-se concepção do “eu”, importante mecanismo Compreender que de que existem repercutir diretamente “Outro” o sujeito que situações de sociedade. Vale lembrar aparecem de forma costumam ser maléficos humanidade, em grupos sociais. A partir desta contextualização curricular de História conjuntura local conhecimentos históricos que vozes, antes identidade desse que forma a sociedade Para os anos iniciais, graus de complexidade, Das relações pessoais presente a intenção consciência da diversidade diversidade é uma descoberta deve alteridade é difícil Em relação aos anos cresça em grau de tenha, de fato, condições construção dessa A história ocidental mundos antigo, estabelecimento sociais, políticas, A noção de tempo que a lógica de uma análise da experiência história pela outra. comparativos sejam investigador. Os eventos históricos, particularidade local. grossense, pois conhecimento passa Para a abordagem diferentes sociedades, encontraram e resistências e estratégias. grossense a percepção estudante investigador manifestadas por Esse olhar reflexivo e pode oferecer conceber o saber perspectiva, a História humanas e a liberdade 8.6.3.1 Competências 1. Compreender transformação do tempo contemporâneo. 2. Compreender processos culturais, 3. Elaborar interpretações exercitando 4. Identificar relação éticos, 5. Analisar seus significados populações. 6. Compreender historiográfica. 7. Produzir, ético e sociais. 8.6.3.2 Unidades Didáticas","Diversidade ambiental e as transformações nas paisagens na Europa, na Ásia e na Oceania tomar consciência causas e da vida escolar. longo do tempo como ciência, dos saberes históricos. cause inquietações tradução de que que nos identificam de relações humanas é saber que tempos e lugares. para aquele que conhecer que haja a consciêntização percepção do outro Mas é fundamental da ideia “outro” e “nós”. de discernimento existe um “Eu” e um várias formas de conceber na estruturação tem condições de preconceito, discriminação que a própria veemente a ideia e devastadores, diferentes períodos acerca lança um olhar para o global, num postos, mas não ouvidas, possam povo, principalmente sul-mato-grossense. o ponto de partida com o objetivo caminha-se de romper com como elemento importante aposta se ocorrer dentro de conceber. finais do Ensino importância, ou seja, de conviver ampla competência. aparece como cenário medieval, moderno de relações de poder, econômicas e culturais, e espaço é fundamental história eurocêntrica de contato A partir desse utilizados e que bem como Dessa forma, espera-se trabalha-se com a ser um elemento da história sul-mato-grossense povos originários, de que esses encontros O ensino de que está poderá identificar-se meio de luta, resistência e comparativo para subsídios para uma histórico como doutrina, se apresenta de expressão, específicas acontecimentos e manutenção e em diferentes a historicidade de transformação bem como problematizar questionamentos, e contextos a empatia, o diálogo, interpretações a um mesmo contexto democráticos, inclusivos, e compreender o históricos, e problematizar avaliar e utilizar responsável, compreendendo Temáticas,",CURRICULO_REFERENCIA_MS_EF_V1_10,CURRICULO_COMPLETO,CURRICULO_REFERENCIA_MS_EF_V1_10,688
EF_AF,EF6,CURRICULAR,História,HIS,MS.EF06HI00.n.07,"Identificar, reconhecer e valorizar aspectos da ancestralidade Sul-matogrossense.","História: tempo, espaço e formas de registros Unidades Temáticas",Povos ameríndios milenares de Mato Grosso do Sul. Grupo de pescadorescaçadorescoletores que ocupou o pantanal há mais de dez mil anos. Objetos de Conhecimento,CURRICULO_REFERENCIA_MS_EF_V1_10,CURRICULO_COMPLETO,CURRICULO_REFERENCIA_MS_EF_V1_10,725
EF_AF,EF6,CURRICULAR,História,HIS,MS.EF06HI00.n.10,"Identificar os espaços territoriais ocupados e os aportes culturais, sociais e econômicos dos povos indígenas de Mato Grosso do Sul.",A invenção do mundo clássico e o contraponto com outras sociedades Unidades Temáticas,"Os povos indígenas originários do atual território sulmatogrossense, cultura e sociedade. Objetos de Conhecimento",CURRICULO_REFERENCIA_MS_EF_V1_10,CURRICULO_COMPLETO,CURRICULO_REFERENCIA_MS_EF_V1_10,727
EF_AF,EF6,CURRICULAR,História,HIS,MS.EF06HI01.s.01,Identificar diferentes formas de compreensão da noção de tempo e de periodização dos processos históricos (continuidades e rupturas).,"História: tempo, espaço e formas de registros Unidades Temáticas","A questão do tempo, sincronias e diacronias: reflexões sobre o sentido das cronologias Objetos de Conhecimento",CURRICULO_REFERENCIA_MS_EF_V1_10,CURRICULO_COMPLETO,CURRICULO_REFERENCIA_MS_EF_V1_10,720
EF_AF,EF6,CURRICULAR,História,HIS,MS.EF06HI02.s.02,Identificar a gênese da produção do saber histórico e analisar o significado das fontes que originaram determinadas formas de registro em sociedades e épocas distintas.,"História: tempo, espaço e formas de registros Unidades Temáticas",Formas de registro da história e da produção do conhecimento histórico Objetos de Conhecimento,CURRICULO_REFERENCIA_MS_EF_V1_10,CURRICULO_COMPLETO,CURRICULO_REFERENCIA_MS_EF_V1_10,721
EF_AF,EF6,CURRICULAR,História,HIS,MS.EF06HI03.s.03,Identificar as hipóteses científicas sobre o surgimento da espécie humana e sua historicidade e analisar os significados dos mitos de fundação.,"História: tempo, espaço e formas de registros Unidades Temáticas","As origens da humanidade, seus deslocamentos e os processos de sedentarização Objetos de Conhecimento",CURRICULO_REFERENCIA_MS_EF_V1_10,CURRICULO_COMPLETO,CURRICULO_REFERENCIA_MS_EF_V1_10,722
EF_AF,EF6,CURRICULAR,História,HIS,MS.EF06HI04.s.04,Conhecer as teorias sobre a origem do homem americano.,"História: tempo, espaço e formas de registros Unidades Temáticas","As origens da humanidade, seus deslocamentos e os processos de sedentarização Objetos de Conhecimento",CURRICULO_REFERENCIA_MS_EF_V1_10,CURRICULO_COMPLETO,CURRICULO_REFERENCIA_MS_EF_V1_10,723
EF_AF,EF6,CURRICULAR,História,HIS,MS.EF06HI05.s.05,"Descrever modificações da natureza e da paisagem realizadas por diferentes tipos de sociedade, com destaque para os povos indígenas originários e povos africanos, e discutir a natureza e a lógica das transformações ocorridas.","História: tempo, espaço e formas de registros","As origens da humanidade, seus deslocamentos e os processos de sedentarização",CURRICULO_REFERENCIA_MS_EF_V1_10,CURRICULO_COMPLETO,CURRICULO_REFERENCIA_MS_EF_V1_10,724
EF_AF,EF6,CURRICULAR,História,HIS,MS.EF06HI06.s.06,Identificar geograficamente as rotas de povoamento no território americano.,"História: tempo, espaço e formas de registros Unidades Temáticas","As origens da humanidade, seus deslocamentos e os processos de sedentarização Objetos de Conhecimento",CURRICULO_REFERENCIA_MS_EF_V1_10,CURRICULO_COMPLETO,CURRICULO_REFERENCIA_MS_EF_V1_10,724
EF_AF,EF6,CURRICULAR,História,HIS,MS.EF06HI07.s.08,"Identificar aspectos e formas de registro das sociedades antigas na África, no Oriente Médio e nas Américas, distinguindo alguns significados presentes na cultura material e na tradição oral dessas sociedades.",A invenção do mundo clássico e o contraponto com outras sociedades,"Povos da Antiguidade na África (egípcios), no Oriente Médio (mesopotâmicos) e nas Américas (précolombianos) Os povos indígenas originários do atual território brasileiro e seus hábitos culturais e sociais",CURRICULO_REFERENCIA_MS_EF_V1_10,CURRICULO_COMPLETO,CURRICULO_REFERENCIA_MS_EF_V1_10,726
EF_AF,EF6,CURRICULAR,História,HIS,MS.EF06HI08.s.09,"Identificar os espaços territoriais ocupados e os aportes culturais, científicos, sociais e econômicos dos astecas, maias e incas e dos povos indígenas de diversas regiões brasileiras.",A invenção do mundo clássico e o contraponto com outras sociedades Unidades Temáticas,"Povos da Antiguidade na África (egípcios), no Oriente Médio (mesopotâmicos) e nas Américas (précolombianos) Os povos indígenas originários do atual território brasileiro e seus hábitos culturais e sociais Objetos de Conhecimento",CURRICULO_REFERENCIA_MS_EF_V1_10,CURRICULO_COMPLETO,CURRICULO_REFERENCIA_MS_EF_V1_10,726
EF_AF,EF6,CURRICULAR,História,HIS,MS.EF06HI09.s.11,"Discutir o conceito de Antiguidade Clássica, seu alcance e limite na tradição ocidental, assim como os impactos sobre outras sociedades e culturas.",A invenção do mundo clássico e o contraponto com outras sociedades Unidades Temáticas,O Ocidente Clássico: aspectos da cultura na Grécia e em Roma Objetos de Conhecimento,CURRICULO_REFERENCIA_MS_EF_V1_10,CURRICULO_COMPLETO,CURRICULO_REFERENCIA_MS_EF_V1_10,728
EF_AF,EF6,CURRICULAR,História,HIS,MS.EF06HI10.s.12,"Explicar a formação da Grécia Antiga, com ênfase na formação da pólis e nas transformações políticas, sociais e culturais.",Lógicas de organização política,"As noções de cidadania e política na Grécia e em Roma • Domínios e expansão das culturas grega e romana • Significados do conceito de “império” e as lógicas de conquista, conflito e negociação dessa forma de organização política As diferentes formas de organização política na África: reinos, impérios, cidades-estados e sociedades linhageiras ou aldeias",CURRICULO_REFERENCIA_MS_EF_V1_10,CURRICULO_COMPLETO,CURRICULO_REFERENCIA_MS_EF_V1_10,729
EF_AF,EF6,CURRICULAR,História,HIS,MS.EF06HI11.s.13,Caracterizar o processo de formação da Roma Antiga e suas configurações sociais e políticas nos períodos monárquico e republicano.,Lógicas de organização política,"As noções de cidadania e política na Grécia e em Roma • Domínios e expansão das culturas grega e romana • Significados do conceito de “império” e as lógicas de conquista, conflito e negociação dessa forma de organização política As diferentes formas de organização política na África: reinos, impérios, cidades-estados e sociedades linhageiras ou aldeias",CURRICULO_REFERENCIA_MS_EF_V1_10,CURRICULO_COMPLETO,CURRICULO_REFERENCIA_MS_EF_V1_10,729
EF_AF,EF6,CURRICULAR,História,HIS,MS.EF06HI12.s.14,Associar o conceito de cidadania a dinâmicas de inclusão e exclusão na Grécia e Roma antigas.,Lógicas de organização política Unidades Temáticas,"As noções de cidadania e política na Grécia e em Roma • Domínios e expansão das culturas grega e romana • Significados do conceito de “império” e as lógicas de conquista, conflito e negociação dessa forma de organização Objetos de Conhecimento política As diferentes formas de organização política na África: reinos, impérios, cidades-estados e sociedades linhageiras ou aldeias",CURRICULO_REFERENCIA_MS_EF_V1_10,CURRICULO_COMPLETO,CURRICULO_REFERENCIA_MS_EF_V1_10,729
EF_AF,EF6,CURRICULAR,História,HIS,MS.EF06HI13.s.15,"Conceituar “império” no mundo antigo, com vistas à análise das diferentes formas de equilíbrio e desequilíbrio entre as partes envolvidas.",Lógicas de organização política Unidades Temáticas,"As noções de cidadania e política na Grécia e em Roma • Domínios e expansão das culturas grega e romana • Significados do conceito de “império” e as lógicas de conquista, conflito e negociação dessa forma de organização política As diferentes formas Objetos de Conhecimento de organização política na África: reinos, impérios, cidades-estados e sociedades linhageiras ou aldeias",CURRICULO_REFERENCIA_MS_EF_V1_10,CURRICULO_COMPLETO,CURRICULO_REFERENCIA_MS_EF_V1_10,730
EF_AF,EF6,CURRICULAR,História,HIS,MS.EF06HI14.s.16,"Identificar e analisar diferentes formas de contato, adaptação ou exclusão entre populações em diferentes tempos e espaços.",Lógicas de organização política Unidades Temáticas,A passagem do mundo antigo para o mundo medieval A fragmentação do poder político na Idade Média Objetos de Conhecimento,CURRICULO_REFERENCIA_MS_EF_V1_10,CURRICULO_COMPLETO,CURRICULO_REFERENCIA_MS_EF_V1_10,731
EF_AF,EF6,CURRICULAR,História,HIS,MS.EF06HI15.s.17,"Descrever as dinâmicas de circulação de pessoas, produtos e culturas no Mediterrâneo e seu significado.",Lógicas de organização política,"O Mediterrâneo como espaço de interação entre as sociedades da Europa, da África e do Oriente Médio",CURRICULO_REFERENCIA_MS_EF_V1_10,CURRICULO_COMPLETO,CURRICULO_REFERENCIA_MS_EF_V1_10,732
EF_AF,EF6,CURRICULAR,História,HIS,MS.EF06HI16.s.18,"Caracterizar e comparar as dinâmicas de abastecimento e as formas de organização do trabalho e da vida social em diferentes sociedades e períodos, com destaque para as relações entre senhores e servos.",Trabalho e formas de organização social e cultural Unidades Temáticas,"Senhores e servos no mundo antigo e no medieval Escravidão e trabalho livre em diferentes temporalidades e Objetos de Conhecimento espaços (Roma Antiga, Europa medieval e África) Lógicas comerciais na Antiguidade romana e no mundo medieval",CURRICULO_REFERENCIA_MS_EF_V1_10,CURRICULO_COMPLETO,CURRICULO_REFERENCIA_MS_EF_V1_10,732
EF_AF,EF6,CURRICULAR,História,HIS,MS.EF06HI17.s.19,"Diferenciar escravidão, servidão e trabalho livre no mundo antigo.",Trabalho e formas de organização social e cultural Unidades Temáticas,"Senhores e servos no mundo antigo e no medieval Escravidão e trabalho livre em diferentes temporalidades e espaços (Roma Antiga, Europa medieval e África) Lógicas comerciais na Antiguidade romana e no mundo medieval Objetos de Conhecimento",CURRICULO_REFERENCIA_MS_EF_V1_10,CURRICULO_COMPLETO,CURRICULO_REFERENCIA_MS_EF_V1_10,733
EF_AF,EF6,CURRICULAR,História,HIS,MS.EF06HI18.s.20,Analisar o papel da religião cristã na cultura e nos modos de organização social no período medieval.,Trabalho e formas de organização social e cultural Unidades Temáticas,"O papel da religião cristã, dos mosteiros e da cultura na Idade Média Objetos de Conhecimento",CURRICULO_REFERENCIA_MS_EF_V1_10,CURRICULO_COMPLETO,CURRICULO_REFERENCIA_MS_EF_V1_10,734
EF_AF,EF6,CURRICULAR,História,HIS,MS.EF06HI19.s.21,Descrever e analisar os diferentes papéis sociais das mulheres no mundo antigo e nas sociedades medievais.,Trabalho e formas de organização social e cultural,"O papel da mulher na Grécia e em Roma, e no período medieval",CURRICULO_REFERENCIA_MS_EF_V1_10,CURRICULO_COMPLETO,CURRICULO_REFERENCIA_MS_EF_V1_10,735
EF_AF,EF7,CURRICULAR,História,HIS,MS.EF07HI.00.n.04,"Identificar aspectos e processos específicos das sociedades originárias de Mato Grosso do Sul antes da chegada dos colonizadores, com destaque para as formas de organização social e o desenvolvimento de saberes e técnicas.","O mundo moderno e a conexão entre sociedades africanas, americanas e europeias Unidades Temáticas",Mato Grosso do Sul pré-colonial - Cultura material e imaterial dos povos originários (Tradição geométrica). Desenvolvimento da agricultura e produção de artefatos cerâmicos. (século XI ao XVI). Objetos de Conhecimento,CURRICULO_REFERENCIA_MS_EF_V1_10,CURRICULO_COMPLETO,CURRICULO_REFERENCIA_MS_EF_V1_10,738
EF_AF,EF7,CURRICULAR,História,HIS,MS.EF07HI00.n.11,"Analisar os diferentes impactos sofridos pelas populações indígenas de Mato Grosso do Sul, a partir do contato com os portugueses. Identificar as formas de resistência empreendidas por diferentes grupos indígenas.",A organização do poder e as dinâmicas do mundo colonial americano Unidades Temáticas,"Organização e resistência indígena no Mato Grosso do Sul colonial, face a violência empreendida durante a expansão da América Portuguesa. Objetos de Conhecimento",CURRICULO_REFERENCIA_MS_EF_V1_10,CURRICULO_COMPLETO,CURRICULO_REFERENCIA_MS_EF_V1_10,743
EF_AF,EF7,CURRICULAR,História,HIS,MS.EF07HI00.n.12,"Analisar, com base em documentos históricos, produções historiográficas, arqueológicas e antropológicas, diferentes interpretações sobre as dinâmicas da sociedade Sulmato-grossense no período colonial.",A organização do poder e as dinâmicas do mundo colonial americano,"Organização social de populações ameríndias de Mato Grosso do Sul (séculos XVI- XVIII): Arte, Língua, cultura, política e sociedade.",CURRICULO_REFERENCIA_MS_EF_V1_10,CURRICULO_COMPLETO,CURRICULO_REFERENCIA_MS_EF_V1_10,744
EF_AF,EF7,CURRICULAR,História,HIS,MS.EF07HI01.s.01,"Explicar o significado de “modernidade” e suas lógicas de inclusão e exclusão, com base em uma concepção europeia.","O mundo moderno e a conexão entre sociedades africanas, americanas e europeias",A construção da ideia de modernidade e seus impactos na concepção de História A ideia de “Novo Mundo” ante o Mundo Antigo: permanências e rupturas de saberes e práticas na emergência do mundo moderno,CURRICULO_REFERENCIA_MS_EF_V1_10,CURRICULO_COMPLETO,CURRICULO_REFERENCIA_MS_EF_V1_10,736
EF_AF,EF7,CURRICULAR,História,HIS,MS.EF07HI02.s.02,"Identificar conexões e interações entre as sociedades do Novo Mundo, da Europa, da África e da Ásia no contexto das navegações e indicar a complexidade e as interações que ocorrem nos Oceanos Atlântico, Índico e Pacífico.","O mundo moderno e a conexão entre sociedades africanas, americanas e europeias Unidades Temáticas",A construção da ideia de modernidade e seus impactos na concepção de História A ideia de “Novo Mundo” ante o Mundo Antigo: permanências e rupturas de saberes e práticas na emergência do mundo moderno Objetos de Conhecimento,CURRICULO_REFERENCIA_MS_EF_V1_10,CURRICULO_COMPLETO,CURRICULO_REFERENCIA_MS_EF_V1_10,736
EF_AF,EF7,CURRICULAR,História,HIS,MS.EF07HI03.s.03,"Identificar aspectos e processos específicos das sociedades africanas e americanas antes da chegada dos europeus, com destaque para as formas de organização social e o desenvolvimento de saberes e técnicas.","O mundo moderno e a conexão entre sociedades africanas, americanas e europeias Unidades Temáticas",Saberes dos povos africanos e précolombianos expressos na cultura material e imaterial Objetos de Conhecimento,CURRICULO_REFERENCIA_MS_EF_V1_10,CURRICULO_COMPLETO,CURRICULO_REFERENCIA_MS_EF_V1_10,737
EF_AF,EF7,CURRICULAR,História,HIS,MS.EF07HI04.s.05,Identificar as principais características dos Humanismos e dos Renascimentos e analisar seus significados.,"Humanismos, Renascimentos e o Novo Mundo Unidades Temáticas",Humanismos: uma nova visão de ser humano e de mundo Renascimentos artísticos e culturais Objetos de Conhecimento,CURRICULO_REFERENCIA_MS_EF_V1_10,CURRICULO_COMPLETO,CURRICULO_REFERENCIA_MS_EF_V1_10,739
EF_AF,EF7,CURRICULAR,História,HIS,MS.EF07HI05.s.06,identificar e relacionar as vinculações entre as reformas religiosas e os processos culturais e sociais do período moderno na Europa e na América.,"Humanismos, Renascimentos e o Novo Mundo",Reformas religiosas: a cristandade fragmentada,CURRICULO_REFERENCIA_MS_EF_V1_10,CURRICULO_COMPLETO,CURRICULO_REFERENCIA_MS_EF_V1_10,740
EF_AF,EF7,CURRICULAR,História,HIS,MS.EF07HI06.s.07,Comparar as navegações no Atlântico e no Pacífico entre os séculos XIV e XVI.,"Humanismos, Renascimentos e o Novo Mundo Unidades Temáticas",As descobertas científicas e a expansão marítima Objetos de Conhecimento,CURRICULO_REFERENCIA_MS_EF_V1_10,CURRICULO_COMPLETO,CURRICULO_REFERENCIA_MS_EF_V1_10,740
EF_AF,EF7,CURRICULAR,História,HIS,MS.EF07HI07.s.08,Descrever os processos de formação e consolidação das monarquias e suas principais características com vistas à compreensão das razões da centralização política.,A organização do poder e as dinâmicas do mundo colonial americano Unidades Temáticas,A formação e o funcionamento das monarquias europeias: a lógica da centralização política e os conflitos na Europa Objetos de Conhecimento,CURRICULO_REFERENCIA_MS_EF_V1_10,CURRICULO_COMPLETO,CURRICULO_REFERENCIA_MS_EF_V1_10,741
EF_AF,EF7,CURRICULAR,História,HIS,MS.EF07HI08.s.09,"Descrever as formas de organização das sociedades americanas no tempo da conquista com vistas à compreensão dos mecanismos de alianças, confrontos e resistências.",A organização do poder e as dinâmicas do mundo colonial americano,"A conquista da América e as formas de organização política dos indígenas e europeus: conflitos, dominação e conciliação",CURRICULO_REFERENCIA_MS_EF_V1_10,CURRICULO_COMPLETO,CURRICULO_REFERENCIA_MS_EF_V1_10,742
EF_AF,EF7,CURRICULAR,História,HIS,MS.EF07HI09.s.10,Analisar os diferentes impactos da conquista europeia da América para as populações ameríndias e identificar as formas de resistência.,A organização do poder e as dinâmicas do mundo colonial americano Unidades Temáticas,"A conquista da América e as formas de organização política dos indígenas e europeus: conflitos, dominação e conciliação Objetos de Conhecimento",CURRICULO_REFERENCIA_MS_EF_V1_10,CURRICULO_COMPLETO,CURRICULO_REFERENCIA_MS_EF_V1_10,742
EF_AF,EF7,CURRICULAR,História,HIS,MS.EF07HI10.s.13,"Analisar, com base em documentos históricos, diferentes interpretações sobre as dinâmicas das sociedades americanas no período colonial.",A organização do poder e as dinâmicas do mundo colonial americano Unidades Temáticas,"A estruturação dos vice-reinos nas Américas Resistências indígenas, invasões e expansão na América portuguesa Objetos de Conhecimento",CURRICULO_REFERENCIA_MS_EF_V1_10,CURRICULO_COMPLETO,CURRICULO_REFERENCIA_MS_EF_V1_10,744
EF_AF,EF7,CURRICULAR,História,HIS,MS.EF07HI11.s.14,Analisar a formação históricogeográfica do território da América portuguesa por meio de mapas históricos.,A organização do poder e as dinâmicas do mundo colonial americano,"A estruturação dos vice-reinos nas Américas Resistências indígenas, invasões e expansão na América portuguesa",CURRICULO_REFERENCIA_MS_EF_V1_10,CURRICULO_COMPLETO,CURRICULO_REFERENCIA_MS_EF_V1_10,745
EF_AF,EF7,CURRICULAR,História,HIS,MS.EF07HI12.s.15,"Identificar a distribuição territorial da população brasileira em diferentes épocas, considerando a diversidade étnico-racial e étnico-cultural (indígena, africana, europeia e asiática).",A organização do poder e as dinâmicas do mundo colonial americano Unidades Temáticas,"A estruturação dos vice-reinos nas Américas Resistências indígenas, invasões e expansão na América portuguesa Objetos de Conhecimento",CURRICULO_REFERENCIA_MS_EF_V1_10,CURRICULO_COMPLETO,CURRICULO_REFERENCIA_MS_EF_V1_10,745
EF_AF,EF7,CURRICULAR,História,HIS,MS.EF07HI13.s.16,Caracterizar a ação dos europeus e suas lógicas mercantis visando ao domínio no mundo atlântico.,Lógicas comerciais e mercantis da modernidade,As lógicas mercantis e o domínio europeu sobre os mares e o contraponto Oriental,CURRICULO_REFERENCIA_MS_EF_V1_10,CURRICULO_COMPLETO,CURRICULO_REFERENCIA_MS_EF_V1_10,746
EF_AF,EF7,CURRICULAR,História,HIS,MS.EF07HI14.s.17,Descrever as dinâmicas comerciais das sociedades americanas e africanas e analisar suas interações com outras sociedades do Ocidente e do Oriente.,Lógicas comerciais e mercantis da modernidade Unidades Temáticas,As lógicas mercantis e o domínio europeu sobre os mares e o contraponto Oriental Objetos de Conhecimento,CURRICULO_REFERENCIA_MS_EF_V1_10,CURRICULO_COMPLETO,CURRICULO_REFERENCIA_MS_EF_V1_10,746
EF_AF,EF7,CURRICULAR,História,HIS,MS.EF07HI15.s.18,Discutir o conceito de escravidão moderna e suas distinções em relação ao escravismo antigo e à servidão medieval.,Lógicas comerciais e mercantis da modernidade Unidades Temáticas,As lógicas internas das sociedades africanas As formas de organização das sociedades ameríndias A escravidão moderna e o tráfico de escravizados Objetos de Conhecimento,CURRICULO_REFERENCIA_MS_EF_V1_10,CURRICULO_COMPLETO,CURRICULO_REFERENCIA_MS_EF_V1_10,747
EF_AF,EF7,CURRICULAR,História,HIS,MS.EF07HI16.s.19,"Analisar os mecanismos e as dinâmicas de comércio de escravizados em suas diferentes fases, identificando os agentes responsáveis pelo tráfico e as regiões e zonas africanas de procedência dos escravizados.",Lógicas comerciais e mercantis da modernidade Unidades Temáticas,As lógicas internas das sociedades africanas As formas de organização das sociedades ameríndias A escravidão moderna e o tráfico de escravizados Objetos de Conhecimento,CURRICULO_REFERENCIA_MS_EF_V1_10,CURRICULO_COMPLETO,CURRICULO_REFERENCIA_MS_EF_V1_10,748
EF_AF,EF7,CURRICULAR,História,HIS,MS.EF07HI17.s.20,Discutir as razões da passagem do mercantilismo para o capitalismo.,Lógicas comerciais e mercantis da modernidade Unidades Temáticas,A emergência do capitalismo Objetos de Conhecimento,CURRICULO_REFERENCIA_MS_EF_V1_10,CURRICULO_COMPLETO,CURRICULO_REFERENCIA_MS_EF_V1_10,749
EF_AF,EF8,CURRICULAR,História,HIS,MS.EF08HI00.d.27,"Identificar e analisar as políticas oficiais com relação ao indígena durante o Império, no território onde hoje é Mato Grosso do Sul.",O Brasil no século XIX,"Criação de reservas indígenas em Mato Grosso do Sul: confinamento, integração e destruição de comunidades indígenas (século XIX).",CURRICULO_REFERENCIA_MS_EF_V1_10,CURRICULO_COMPLETO,CURRICULO_REFERENCIA_MS_EF_V1_10,766
EF_AF,EF8,CURRICULAR,História,HIS,MS.EF08HI00.n.15,"Discutir a noção da tutela dos grupos indígenas, identificando permanências na forma de preconceitos, estereótipos e violências sobre as populações indígenas do Antigo Sul de Mato Grosso.",Os processos de independência nas Américas,"Implementação da política indigenista no Brasil no século XIX, no Antigo Sul de Mato Grosso e o impacto dela sobre as populações indígenas.",CURRICULO_REFERENCIA_MS_EF_V1_10,CURRICULO_COMPLETO,CURRICULO_REFERENCIA_MS_EF_V1_10,760
EF_AF,EF8,CURRICULAR,História,HIS,MS.EF08HI00.n.16,"Discutir a existência e participação dos africanos e / o u afrodescendentes em terras sul-mato-grossenses no final do período colonial, caracterizando os modelos escravistas adotados nesse território.",Os processos de independência nas Américas Unidades Temáticas,Modelo escravagista no Antigo Sul de Mato Grosso • “Fábrica de Escravos” •Protocampesinato - o escravo camponês. Objetos de Conhecimento,CURRICULO_REFERENCIA_MS_EF_V1_10,CURRICULO_COMPLETO,CURRICULO_REFERENCIA_MS_EF_V1_10,760
EF_AF,EF8,CURRICULAR,História,HIS,MS.EF08HI00.n.21,"Identificar e explicar os protagonismos e a atuação de diferentes grupos sociais e étnicos durante a Guerra do Paraguai, com destaques aos p o v o s i n d íg e n a s do Antigo sul de Mato Grosso.",O Brasil no século XIX,"A Guerra da Tríplice Aliança contra o Paraguai, em solo sulmato-grossense. • Participação de povos indígenas: lutas e resistências. • As principais consequências sociopolíticas e econômicas para o Sul da província de Mato Grosso.",CURRICULO_REFERENCIA_MS_EF_V1_10,CURRICULO_COMPLETO,CURRICULO_REFERENCIA_MS_EF_V1_10,763
EF_AF,EF8,CURRICULAR,História,HIS,MS.EF08HI00.n.22,"Identificar e analisar as principais transformações sociais, políticas e econômicas ocorridas na região do atual Mato Grosso d o S u l , a p ó s a G uerra do Paraguai.",O Brasil no século XIX Unidades Temáticas,"A Guerra da Tríplice Aliança contra o Paraguai, em solo sulmato-grossense. • Participação de povos indígenas: lutas e resistências. • As principais consequências sociopolíticas e econômicas para o Sul da província de Mato Grosso. Objetos de Conhecimento",CURRICULO_REFERENCIA_MS_EF_V1_10,CURRICULO_COMPLETO,CURRICULO_REFERENCIA_MS_EF_V1_10,763
EF_AF,EF8,CURRICULAR,História,HIS,MS.EF08HI00.n.23,"Analisar e caracterizar o c o n texto histórico de Mato Grosso do Sul no pós Guerra entre a Tríplice Aliança e Paraguai, destacando as questões de terra, exploração de riquezas e poder, e suas c o n s e q u ê n c i a s p a r a populações indígenas.",O Brasil no século XIX,"O pós-guerra do Paraguai em Mato Grosso do Sul • A concessão da Erva Mate Laranjeira em território dos Guarani e Kaiowá, e exploração da mão de obra indígena. •Matte Laranjeira: exploração do produto primário, empobrecimento da população local e exaustão de recursos naturais. • Desapropriação de terras indígenas: aldeamento, violência e extermínio. • Medo, inércia ou resistência. • A invisibilidade imposta pela história tradicional e estratégia de auto defesa dos povos indígenas.",CURRICULO_REFERENCIA_MS_EF_V1_10,CURRICULO_COMPLETO,CURRICULO_REFERENCIA_MS_EF_V1_10,764
EF_AF,EF8,CURRICULAR,História,HIS,MS.EF08HI00.n.28,Analisar a história dos índios guaicuru e investigar a relação de sua história com o reconhecimento de seu protagonismo e autoria.,O Brasil no século XIX Unidades Temáticas,O protagonismo Guaicuru no Sul de Mato Grosso: da resistência ao domínio colonial até a subjugação total. Objetos de Conhecimento,CURRICULO_REFERENCIA_MS_EF_V1_10,CURRICULO_COMPLETO,CURRICULO_REFERENCIA_MS_EF_V1_10,766
EF_AF,EF8,CURRICULAR,História,HIS,MS.EF08HI01.s.01,Identificar os principais aspectos conceituais do iluminismo e do liberalismo e discutir a relação entre eles e a organização do mundo contemporâneo.,O mundo contemporâneo: o Antigo Regime em crise Unidades Temáticas,A questão do iluminismo e da ilustração Objetos de Conhecimento,CURRICULO_REFERENCIA_MS_EF_V1_10,CURRICULO_COMPLETO,CURRICULO_REFERENCIA_MS_EF_V1_10,750
EF_AF,EF8,CURRICULAR,História,HIS,MS.EF08HI02.s.02,Identificar as particularidades político-sociais da Inglaterra do século XVII e analisar os desdobramentos posteriores à Revolução Gloriosa.,O mundo contemporâneo: o Antigo Regime em crise,As revoluções inglesas e os princípios do liberalismo,CURRICULO_REFERENCIA_MS_EF_V1_10,CURRICULO_COMPLETO,CURRICULO_REFERENCIA_MS_EF_V1_10,751
EF_AF,EF8,CURRICULAR,História,HIS,MS.EF08HI03.s.03,"Analisar os impactos da Revolução Industrial na produção e circulação de povos, produtos e culturas.",O mundo contemporâneo: o Antigo Regime em crise Unidades Temáticas,"Revolução Industrial e seus impactos na produção e circulação de povos, produtos e culturas Objetos de Conhecimento",CURRICULO_REFERENCIA_MS_EF_V1_10,CURRICULO_COMPLETO,CURRICULO_REFERENCIA_MS_EF_V1_10,751
EF_AF,EF8,CURRICULAR,História,HIS,MS.EF08HI04.s.04,Identificar e relacionar os processos da Revolução Francesa e seus desdobramentos na Europa e no mundo.,O mundo contemporâneo: o Antigo Regime em crise Unidades Temáticas,Revolução Francesa e seus desdobramentos Objetos de Conhecimento,CURRICULO_REFERENCIA_MS_EF_V1_10,CURRICULO_COMPLETO,CURRICULO_REFERENCIA_MS_EF_V1_10,752
EF_AF,EF8,CURRICULAR,História,HIS,MS.EF08HI05.s.05,"Explicar os movimentos e as rebeliões da América portuguesa, articulando as temáticas locais e suas interfaces com processos ocorridos na Europa e nas Américas.",O mundo contemporâneo: o Antigo Regime em crise Unidades Temáticas,Rebeliões na América portuguesa: as conjurações mineira e baiana Objetos de Conhecimento,CURRICULO_REFERENCIA_MS_EF_V1_10,CURRICULO_COMPLETO,CURRICULO_REFERENCIA_MS_EF_V1_10,753
EF_AF,EF8,CURRICULAR,História,HIS,MS.EF08HI06.s.06,"Aplicar os conceitos de Estado, nação, território, governo e país para o entendimento de conflitos e tensões.",Os processos de independência nas Américas Unidades Temáticas,Independência dos Estados Unidos da América Independências na América espanhola • A revolução dos escravizados em São Domingo e seus múltiplos significados e desdobramentos: o caso do Haiti Os caminhos até a independência do Brasil Objetos de Conhecimento,CURRICULO_REFERENCIA_MS_EF_V1_10,CURRICULO_COMPLETO,CURRICULO_REFERENCIA_MS_EF_V1_10,754
EF_AF,EF8,CURRICULAR,História,HIS,MS.EF08HI07.s.07,"Identificar e contextualizar as especificidades dos diversos processos de independência nas Américas, seus aspectos populacionais e suas conformações territoriais.",Os processos de independência nas Américas,Independência dos Estados Unidos da América Independências na América espanhola A revolução dos escravizados em São Domingo e seus múltiplos significados e desdobramentos: o caso do Haiti Os caminhos até a independência do Brasil,CURRICULO_REFERENCIA_MS_EF_V1_10,CURRICULO_COMPLETO,CURRICULO_REFERENCIA_MS_EF_V1_10,755
EF_AF,EF8,CURRICULAR,História,HIS,MS.EF08HI08.s.08,Conhecer o ideário dos líderes dos movimentos independentistas e seu papel nas revoluções que levaram à independência das colônias hispano-americanas.,Os processos de independência nas Américas Unidades Temáticas,Independência dos Estados Unidos da América Independências na América espanhola A revolução dos escravizados em São Domingo e seus múltiplos significados e desdobramentos: o caso do Haiti Os caminhos até a independência do Brasil Objetos de Conhecimento,CURRICULO_REFERENCIA_MS_EF_V1_10,CURRICULO_COMPLETO,CURRICULO_REFERENCIA_MS_EF_V1_10,755
EF_AF,EF8,CURRICULAR,História,HIS,MS.EF08HI09.s.09,Conhecer as características e os principais pensadores do Pan-americanismo.,Os processos de independência nas Américas,Independência dos Estados Unidos da América Independências na América espanhola • A revolução dos escravizados em São Domingo e seus múltiplos significados e desdobramentos: o caso do Haiti Os caminhos até a independência do Brasil,CURRICULO_REFERENCIA_MS_EF_V1_10,CURRICULO_COMPLETO,CURRICULO_REFERENCIA_MS_EF_V1_10,756
EF_AF,EF8,CURRICULAR,História,HIS,MS.EF08HI10.s.10,Identificar a Revolução de São Domingo como evento singular e desdobramento da Revolução Francesa e avaliar suas implicações.,Os processos de independência nas Américas Unidades Temáticas,Independência dos Estados Unidos da América Independências na América espanhola • A revolução dos escravizados em São Domingo e seus múltiplos significados e desdobramentos: o caso do Haiti Os caminhos até a independência do Brasil Objetos de Conhecimento,CURRICULO_REFERENCIA_MS_EF_V1_10,CURRICULO_COMPLETO,CURRICULO_REFERENCIA_MS_EF_V1_10,756
EF_AF,EF8,CURRICULAR,História,HIS,MS.EF08HI11.s.11,"Identificar e explicar os protagonismos e a atuação de diferentes grupos sociais e étnicos nas lutas de independência no Brasil, na América espanhola e no Haiti.",Os processos de independência nas Américas Unidades Temáticas,Independência dos Estados Unidos da América Independências na América espanhola • A revolução dos escravizados em São Domingo e seus múltiplos significados e desdobramentos: o caso do Haiti Os caminhos até a independência do Brasil Objetos de Conhecimento,CURRICULO_REFERENCIA_MS_EF_V1_10,CURRICULO_COMPLETO,CURRICULO_REFERENCIA_MS_EF_V1_10,757
EF_AF,EF8,CURRICULAR,História,HIS,MS.EF08HI12.s.12,"Caracterizar a organização política e social no Brasil desde a chegada da Corte portuguesa, em 1808, até 1822 e seus desdobramentos para a história política brasileira.",Os processos de independência nas Américas Unidades Temáticas,Independência dos Estados Unidos da América Independências na América espanhola • A revolução dos escravizados em São Domingo e seus múltiplos significados e desdobramentos: o caso do Haiti Os caminhos até a independência do Brasil Objetos de Conhecimento,CURRICULO_REFERENCIA_MS_EF_V1_10,CURRICULO_COMPLETO,CURRICULO_REFERENCIA_MS_EF_V1_10,758
EF_AF,EF8,CURRICULAR,História,HIS,MS.EF08HI13.s.13,Analisar o processo de independência em diferentes países latino-americanos e comparar as formas de governo neles adotadas.,Os processos de independência nas Américas,Independência dos Estados Unidos da América Independências na América espanhola • A revolução dos escravizados em São Domingo e seus múltiplos significados e desdobramentos: o caso do Haiti Os caminhos até a independência do Brasil,CURRICULO_REFERENCIA_MS_EF_V1_10,CURRICULO_COMPLETO,CURRICULO_REFERENCIA_MS_EF_V1_10,759
EF_AF,EF8,CURRICULAR,História,HIS,MS.EF08HI14.s.14,"Discutir a noção da tutela dos grupos indígenas e a participação dos negros na sociedade brasileira do final do período colonial, identificando permanências na forma de preconceitos, estereótipos e violências sobre as populações indígenas e negras no Brasil e nas Américas.",Os processos de independência nas Américas Unidades Temáticas,"A tutela da população indígena, a escravidão dos negros e a tutela dos egressos da escravidão Objetos de Conhecimento",CURRICULO_REFERENCIA_MS_EF_V1_10,CURRICULO_COMPLETO,CURRICULO_REFERENCIA_MS_EF_V1_10,759
EF_AF,EF8,CURRICULAR,História,HIS,MS.EF08HI15.s.17,Identificar e analisar o equilíbrio das forças e os sujeitos envolvidos nas disputas políticas durante o Primeiro e o Segundo Reinado.,O Brasil no século XIX,Brasil: Primeiro Reinado O Período Regencial e as contestações ao poder central O Brasil do Segundo Reinado: política e economia • A Lei de Terras e seus desdobramentos na política do Segundo Reinado • Territórios e fronteiras: a Guerra do Paraguai,CURRICULO_REFERENCIA_MS_EF_V1_10,CURRICULO_COMPLETO,CURRICULO_REFERENCIA_MS_EF_V1_10,761
EF_AF,EF8,CURRICULAR,História,HIS,MS.EF08HI16.s.18,"Identificar, comparar e analisar a diversidade política, social e regional nas rebeliões e nos movimentos contestatórios ao poder centralizado.",O Brasil no século XIX Unidades Temáticas,Brasil: Primeiro Reinado O Período Regencial e as contestações ao poder central O Brasil do Segundo Reinado: política e economia • A Lei de Terras e seus desdobramentos Objetos de Conhecimento na política do Segundo Reinado • Territórios e fronteiras: a Guerra do Paraguai,CURRICULO_REFERENCIA_MS_EF_V1_10,CURRICULO_COMPLETO,CURRICULO_REFERENCIA_MS_EF_V1_10,761
EF_AF,EF8,CURRICULAR,História,HIS,MS.EF08HI17.s.19,"Relacionar as transformações territoriais, em razão de questões de fronteiras, com as tensões e conflitos durante o Império.",O Brasil no século XIX Unidades Temáticas,Brasil: Primeiro Reinado O Período Regencial e as contestações ao poder central O Brasil do Segundo Reinado: política e economia • A Lei de Terras e seus desdobramentos na política do Segundo Reinado • Territórios e fronteiras: a Guerra do Paraguai Objetos de Conhecimento,CURRICULO_REFERENCIA_MS_EF_V1_10,CURRICULO_COMPLETO,CURRICULO_REFERENCIA_MS_EF_V1_10,762
EF_AF,EF8,CURRICULAR,História,HIS,MS.EF08HI18.s.20,Identificar as questões internas e externas sobre a atuação do Brasil na Guerra do Paraguai e discutir diferentes versões sobre o conflito.,O Brasil no século XIX,Brasil: Primeiro Reinado O Período Regencial e as contestações ao poder central O Brasil do Segundo Reinado: política e economia • A Lei de Terras e seus desdobramentos na política do Segundo Reinado • Territórios e fronteiras: a Guerra do Paraguai,CURRICULO_REFERENCIA_MS_EF_V1_10,CURRICULO_COMPLETO,CURRICULO_REFERENCIA_MS_EF_V1_10,763
EF_AF,EF8,CURRICULAR,História,HIS,MS.EF08HI19.s.24,"Formular questionamentos sobre o legado da escravidão nas Américas, com base na seleção e consulta de fontes de diferentes naturezas.",O Brasil no século XIX Unidades Temáticas,"O escravismo no Brasil do século XIX: plantations e revoltas de escravizados, abolicionismo e Objetos de Conhecimento políticas migratórias no Brasil Imperial",CURRICULO_REFERENCIA_MS_EF_V1_10,CURRICULO_COMPLETO,CURRICULO_REFERENCIA_MS_EF_V1_10,764
EF_AF,EF8,CURRICULAR,História,HIS,MS.EF08HI20.s.25,Identificar e relacionar aspectos das estruturas sociais da atualidade com os legados da escravidão no Brasil e discutir a importância de ações afirmativas.,O Brasil no século XIX,"O escravismo no Brasil do século XIX: plantations e revoltas de escravizados, abolicionismo e políticas migratórias no Brasil Imperial",CURRICULO_REFERENCIA_MS_EF_V1_10,CURRICULO_COMPLETO,CURRICULO_REFERENCIA_MS_EF_V1_10,765
EF_AF,EF8,CURRICULAR,História,HIS,MS.EF08HI21.s.26,Identificar e analisar as políticas oficiais com relação ao indígena durante o Império.,O Brasil no século XIX Unidades Temáticas,Políticas de extermínio do indígena durante o Império. Objetos de Conhecimento,CURRICULO_REFERENCIA_MS_EF_V1_10,CURRICULO_COMPLETO,CURRICULO_REFERENCIA_MS_EF_V1_10,765
EF_AF,EF8,CURRICULAR,História,HIS,MS.EF08HI22.s.29,"Discutir o papel das culturas letradas, não letradas e das artes na produção das identidades no Brasil do século XIX.",O Brasil no século XIX,"A produção do imaginário nacional brasileiro: cultura popular, representações visuais, letras e o Romantismo no Brasil",CURRICULO_REFERENCIA_MS_EF_V1_10,CURRICULO_COMPLETO,CURRICULO_REFERENCIA_MS_EF_V1_10,767
EF_AF,EF8,CURRICULAR,História,HIS,MS.EF08HI23.s.30,Estabelecer relações causais entre as ideologias raciais e o determinismo no contexto do imperialismo europeu e seus impactos na África e na Ásia.,Configurações do mundo no século XIX Unidades Temáticas,"Nacionalismo, revoluções e as novas nações europeias Objetos de Conhecimento",CURRICULO_REFERENCIA_MS_EF_V1_10,CURRICULO_COMPLETO,CURRICULO_REFERENCIA_MS_EF_V1_10,767
EF_AF,EF8,CURRICULAR,História,HIS,MS.EF08HI24.s.31,"Reconhecer os principais produtos, utilizados pelos europeus, procedentes do continente africano durante o imperialismo e analisar os impactos sobre as comunidades locais na forma de organização e exploração econômica.",Configurações do mundo no século XIX,Uma nova ordem econômica: as demandas do capitalismo industrial e o lugar das economias africanas e asiáticas nas dinâmicas globais,CURRICULO_REFERENCIA_MS_EF_V1_10,CURRICULO_COMPLETO,CURRICULO_REFERENCIA_MS_EF_V1_10,768
EF_AF,EF8,CURRICULAR,História,HIS,MS.EF08HI25.s.32,Caracterizar e contextualizar aspectos das relações entre os Estados Unidos da América e a América Latina no século XIX.,Configurações do mundo no século XIX Unidades Temáticas,Os Estados Unidos da América e a América Latina no século XIX Objetos de Conhecimento,CURRICULO_REFERENCIA_MS_EF_V1_10,CURRICULO_COMPLETO,CURRICULO_REFERENCIA_MS_EF_V1_10,768
EF_AF,EF8,CURRICULAR,História,HIS,MS.EF08HI26.s.33,Identificar e contextualizar o protagonismo das populações locais na resistência ao imperialismo na África e Ásia.,Configurações do mundo no século XIX,O imperialismo europeu e a partilha da África e da Ásia,CURRICULO_REFERENCIA_MS_EF_V1_10,CURRICULO_COMPLETO,CURRICULO_REFERENCIA_MS_EF_V1_10,769
EF_AF,EF8,CURRICULAR,História,HIS,MS.EF08HI27.s.34,"Identificar as tensões e os significados dos discursos civilizatórios, avaliando seus impactos negativos para os povos indígenas originários e as populações negras nas Américas.",Configurações do mundo no século XIX Unidades Temáticas,"Pensamento e cultura no século XIX: darwinismo e racismo O discurso civilizatório nas Américas, o silenciamento dos saberes indígenas e as formas de integração e destruição de comunidades e povos indígenas A resistência dos povos e comunidades Objetos de Conhecimento indígenas diante da ofensiva civilizatória",CURRICULO_REFERENCIA_MS_EF_V1_10,CURRICULO_COMPLETO,CURRICULO_REFERENCIA_MS_EF_V1_10,769
EF_AF,EF9,CURRICULAR,História,HIS,MS.EF09HI00.n.05,"Discutir a importância da participação da população negra na história de Mato Grosso do Sul, enfatizando os aspectos culturais, sociais, econômicos, lutas, resistências e autoafirmação.",O nascimento da República no Brasil e os processos históricos até a metade do século XX,"Comunidades quilombolas em Mato Grosso do Sulcultura afro-brasileira, resistência e luta contra a discriminação.",CURRICULO_REFERENCIA_MS_EF_V1_10,CURRICULO_COMPLETO,CURRICULO_REFERENCIA_MS_EF_V1_10,773
EF_AF,EF9,CURRICULAR,História,HIS,MS.EF09HI00.n.08,"Caracterizar e compreender as particularidades da história de Mato Grosso Sul no c o n t e x t o d a p r i m e i r a república, relacionando políticas de Estado com transformação de espaços, expropriação, apropriação e concessão de terras.",O nascimento da República no Brasil e os processos históricos até a metade do século XX Unidades Temáticas,"Mato Grosso do Sul no contexto da colonização contemporânea, a partir da Era Vargas. • A Marcha para o Oeste - ideário expansionista e invenção dos espaços vazios. • Movimentos migratórios e ocupação não índia em terras do Antigo Sul de Mato Grosso. • Esbulho de terras Objetos de Conhecimento tradicionalmente indígenas. • Processo de desarticulação de modos de vida indígenas e o início de processos de etnogênese.",CURRICULO_REFERENCIA_MS_EF_V1_10,CURRICULO_COMPLETO,CURRICULO_REFERENCIA_MS_EF_V1_10,774
EF_AF,EF9,CURRICULAR,História,HIS,MS.EF09HI00.n.25,Identificar e compreender o p rocesso que resultou na criação do Estado de Mato Grosso do Sul.,"Modernização, ditadura civilmilitar e redemocratização : o Brasil após Unidades Temáticas",A criação do Estado de Mato Grosso do Sul • Movimentos divisionistas precursores; • A influência do Regime militar: um novo Estado e a ampliação de grupos favoráveis ao sistema; • O nome do Estado e a construção da identidade Objetos de Conhecimento,CURRICULO_REFERENCIA_MS_EF_V1_10,CURRICULO_COMPLETO,CURRICULO_REFERENCIA_MS_EF_V1_10,785
EF_AF,EF9,CURRICULAR,História,HIS,MS.EF09HI00.n.41,"Identificar e discutir as d i v e rsidades identitárias presentes em Mato Grosso do Sul, com ênfase às populações indígenas, c o m p r e e n d e n d o seus significados históricos no início do século XXI, combatendo qualquer forma de preconceitos, discriminações e violências.",A história recente Unidades Temáticas,"Protagonismo indígena em Mato Grosso do Sul • A pauta da terra: historicidade, reivindicação, resistência e conflito. • A experiência indígena com a vida urbana: ressignificação e afirmação de identidade Objetos de Conhecimento",CURRICULO_REFERENCIA_MS_EF_V1_10,CURRICULO_COMPLETO,CURRICULO_REFERENCIA_MS_EF_V1_10,796
EF_AF,EF9,CURRICULAR,História,HIS,MS.EF09HI00.n.42,"Conhecer, discutir e analisar a s c ondições das sociedades indígenas que vivem em áreas urbanas e entorno das cidades, compreendendo as d i f e r e n t e s f o r m as de organização nesses espaços e sua relação com os não indígenas.",A história recente Unidades Temáticas,"Protagonismo indígena em Mato Grosso do Sul • A pauta da terra: historicidade, reivindicação, resistência e conflito. • A experiência indígena com a vida urbana: ressignificação e afirmação de identidade Objetos de Conhecimento",CURRICULO_REFERENCIA_MS_EF_V1_10,CURRICULO_COMPLETO,CURRICULO_REFERENCIA_MS_EF_V1_10,797
EF_AF,EF9,CURRICULAR,História,HIS,MS.EF09HI00.n.43,"Identificar, discutir e compreender os significados históricos da presença, cultura e resistência dos afrodescendentes no contexto da história recente (século XXI) de Mato Grosso do Sul, combatendo qualquer forma de preconceito, discriminação e violência. Educação Básica. Base nacional >. Acesso em: maio, 2018. Mundo: A Geografia nos Anos 2005. Disponível em <http://www.scielo.br/pdf/ccedes/v25n66/a06v2566.pdf> escolar contemporânea: avanços, – Perspectivas Atuais, Belo Horizonte, da Geografia. In: CASTRO, da crítica da Geografia a uma Geografia da experiência. São Paulo: DIFEL, nasce odiando outra ou sua religião. Para elas aprendem a odiar, chega mais naturalmente por meio das relações esse processo, o sujeito sujeitos as relações entre ora diferentes. a distinção entre as características por valores, crenças, encontra-se sujeitos e as coletividades humano, com anseios por ou seres sobrenaturais, por linguagens específicas, os territórios sagrados guias, sacerdotes, dentre repercutem em todas ideias, conceitos e representações 438). Essas crenças, apoiadas às inquietações dos sujeitos filosofias de vida que éticos e morais Esses princípios, em geral, as pessoas, respeito às Ensino Religioso fornece compreensão da pluralidade pautadas em princípios de Ensino Religioso das diferentes tradições/movimentos científicos, filosóficos, respeitar as manifestações tempos, espaços outro, da coletividade e da de crenças, pensamentos, convicções, tradições religiosas e os campos e do meio ambiente. posicionar-se frente aos cunho religioso, de modo e da cultura de paz. de Conhecimento,","A história recente REFERÊNCIAS BRASIL. Ministério da em: < http://basenacionalcomum.mec.gov.br/a-base/ CALLAI, Helena Copetti. Campinas, vol. 25, n. Acesso em 25 mai 2018. CAVALCANTI, L. de S. Seminário Nacional: currículo CORREA, Roberto Lobato. Rio de Janeiro: Bertrand SANTOS, Milton. Por TUAN, Yi-Fu. Espaço 8.7 Ensino Religioso A construção do apropriação e produção transcendente. Essas dimensões divindades, concebendo-se A percepção das que as relações dialógicas construção das identidades. Especificamente religiosas, por meio significados à vida objetos, coisas, pessoas, A dimensão da transcendência rito (BRASIL, 2017, serviços religiosos, função pública, e As crenças são tradição religiosa” divindades, fornecem Acrescentam-se, sujeitos sem religião científicos, filosóficos, no mundo, tais como coletivos. Portanto, a proposta diversas manifestações coletividades, assim 8.7.1 Competências (2017): 1. Conhecer de vida, a 2. Compreender, experiências 3. Reconhecer da vida. 4. Conviver 5. Analisar as da saúde, 6. Debater, discriminação constante 8.7.2 Unidades Didáticas","Protagonismo afrodescendente em Mato Grosso do Sul: Resistência cultural e a luta pela superação da desigualdade racial Educação. Secretaria da Aprendendo a Ler o 66, p. 227-247, maio/ago. A Geografia e a realidade em movimento Espaço um conceito-chave Brasil, 1995. uma geografia nova: e lugar: a perspectiva Ninguém origem, ser humano ocorre cultural. Durante proporcionam aos ora iguais, alteridades oportuniza são mediadas na dimensão da transcendência dos quais os e à morte. O ser forças da natureza é mediada p.436). Além dessas, líderes, funcionários, seus atos e orientações “um conjunto de (BRASIL, 2017, p. as explicações também, aqueles com vivenciam princípios dentre outros. igualdade entre do componente religiosas, para como das vivências específicas os aspectos estruturantes partir de pressupostos valorizar e e saberes, em diferentes e cuidar de si, do com a diversidade relações entre as da ciência, da tecnologia problematizar e e violência de exercício da cidadania Temáticas, Objetos",CURRICULO_REFERENCIA_MS_EF_V1_10,CURRICULO_COMPLETO,CURRICULO_REFERENCIA_MS_EF_V1_10,798
EF_AF,EF9,CURRICULAR,História,HIS,MS.EF09HI01.s.01,"Descrever e contextualizar os principais aspectos sociais, culturais, econômicos e políticos da emergência da República no Brasil.",O nascimento da República no Brasil e os processos históricos até a metade do século XX Unidades Temáticas,Experiências republicanas e práticas autoritárias: as tensões e disputas do mundo contemporâneo A proclamação da República e seus primeiros desdobramentos Objetos de Conhecimento,CURRICULO_REFERENCIA_MS_EF_V1_10,CURRICULO_COMPLETO,CURRICULO_REFERENCIA_MS_EF_V1_10,770
EF_AF,EF9,CURRICULAR,História,HIS,MS.EF09HI02.s.02,"Caracterizar e compreender os ciclos da história republicana, identificando particularidades da história local e regional até 1954.",O nascimento da República no Brasil e os processos históricos até a metade do século XX,Experiências republicanas e práticas autoritárias: as tensões e disputas do mundo contemporâneo A proclamação da República e seus primeiros desdobramentos,CURRICULO_REFERENCIA_MS_EF_V1_10,CURRICULO_COMPLETO,CURRICULO_REFERENCIA_MS_EF_V1_10,771
EF_AF,EF9,CURRICULAR,História,HIS,MS.EF09HI03.s.03,Identificar os mecanismos de inserção dos negros na sociedade brasileira pósabolição e avaliar os seus resultados.,O nascimento da República no Brasil e os processos históricos até a metade do século XX Unidades Temáticas,A questão da inserção dos negros no período republicano do pósabolição Os movimentos sociais e a imprensa negra; a cultura afrobrasileira como elemento de resistência e superação das discriminações Objetos de Conhecimento,CURRICULO_REFERENCIA_MS_EF_V1_10,CURRICULO_COMPLETO,CURRICULO_REFERENCIA_MS_EF_V1_10,771
EF_AF,EF9,CURRICULAR,História,HIS,MS.EF09HI04.s.04,"Discutir a importância da participação da população negra na formação econômica, política e social do Brasil.",O nascimento da República no Brasil e os processos históricos até a metade do século XX Unidades Temáticas,A questão da inserção dos negros no período republicano do pósabolição Os movimentos sociais e a imprensa negra; a cultura afrobrasileira como elemento de resistência e superação das discriminações Objetos de Conhecimento,CURRICULO_REFERENCIA_MS_EF_V1_10,CURRICULO_COMPLETO,CURRICULO_REFERENCIA_MS_EF_V1_10,772
EF_AF,EF9,CURRICULAR,História,HIS,MS.EF09HI05.s.06,Identificar os processos de urbanização e modernização da sociedade brasileira e avaliar suas contradições e impactos na região em que vive.,O nascimento da República no Brasil e os processos históricos até a metade do século XX Unidades Temáticas,Primeira República e suas características Contestações e dinâmicas da vida cultural no Brasil entre 1900 e 1930 Objetos de Conhecimento,CURRICULO_REFERENCIA_MS_EF_V1_10,CURRICULO_COMPLETO,CURRICULO_REFERENCIA_MS_EF_V1_10,773
EF_AF,EF9,CURRICULAR,História,HIS,MS.EF09HI06.s.07,"Identificar e discutir o papel do trabalhismo como força política, social e cultural no Brasil, em diferentes escalas (nacional, regional, cidade, comunidade).",O nascimento da República no Brasil e os processos históricos até a metade do século XX,O período varguista e suas contradições A emergência da vida urbana e a segregação espacial O trabalhismo e seu protagonismo político,CURRICULO_REFERENCIA_MS_EF_V1_10,CURRICULO_COMPLETO,CURRICULO_REFERENCIA_MS_EF_V1_10,774
EF_AF,EF9,CURRICULAR,História,HIS,MS.EF09HI07.s.09,"Identificar e explicar, em meio a lógicas de inclusão e exclusão, as pautas dos povos indígenas e das populações afrodescendentes, no contexto republicano (até 1964).",O nascimento da República no Brasil e os processos históricos até a metade do século XX Unidades Temáticas,A questão indígena durante a República (até 1964) Objetos de Conhecimento,CURRICULO_REFERENCIA_MS_EF_V1_10,CURRICULO_COMPLETO,CURRICULO_REFERENCIA_MS_EF_V1_10,775
EF_AF,EF9,CURRICULAR,História,HIS,MS.EF09HI07.s.10,"Identificar e explicar, em meio a lógicas de inclusão e exclusão, as pautas dos povos indígenas e das populações afrodescendentes, no contexto republicano (até 1964).",O nascimento da República no Brasil e os processos históricos até a metade do século XX,"• indígenas sulmatogrossenses durante a República, até 1964: Da tutela aos novos processos de resistência e estratégias de luta.",CURRICULO_REFERENCIA_MS_EF_V1_10,CURRICULO_COMPLETO,CURRICULO_REFERENCIA_MS_EF_V1_10,776
EF_AF,EF9,CURRICULAR,História,HIS,MS.EF09HI08.s.11,Identificar as transformações ocorridas no debate sobre as questões da diversidade no Brasil durante o século XX e compreender o significado das mudanças de abordagem em relação ao tema.,O nascimento da República no Brasil e os processos históricos até a metade do século XX Unidades Temáticas,Anarquismo e protagonismo feminino Objetos de Conhecimento,CURRICULO_REFERENCIA_MS_EF_V1_10,CURRICULO_COMPLETO,CURRICULO_REFERENCIA_MS_EF_V1_10,776
EF_AF,EF9,CURRICULAR,História,HIS,MS.EF09HI09.s.12,"Relacionar as conquistas de direitos políticos, sociais e civis à atuação de movimentos sociais.",O nascimento da República no Brasil e os processos históricos até a metade do século XX,Anarquismo e protagonismo feminino,CURRICULO_REFERENCIA_MS_EF_V1_10,CURRICULO_COMPLETO,CURRICULO_REFERENCIA_MS_EF_V1_10,777
EF_AF,EF9,CURRICULAR,História,HIS,MS.EF09HI10.s.13,"Identificar e relacionar as dinâmicas do capitalismo e suas crises, os grandes conflitos mundiais e os conflitos vivenciados na Europa.",Totalitarismos e conflitos mundiais Unidades Temáticas,O mundo em conflito: a Primeira Guerra Mundial A questão da Palestina A Revolução Russa A crise capitalista de 1929. Objetos de Conhecimento,CURRICULO_REFERENCIA_MS_EF_V1_10,CURRICULO_COMPLETO,CURRICULO_REFERENCIA_MS_EF_V1_10,777
EF_AF,EF9,CURRICULAR,História,HIS,MS.EF09HI11.s.14,Identificar as especificidades e os desdobramentos mundiais da Revolução Russa e seu significado histórico.,Totalitarismos e conflitos mundiais Unidades Temáticas,O mundo em conflito: a Primeira Guerra Mundial A questão da Palestina A Revolução Russa A crise capitalista de 1929. Objetos de Conhecimento,CURRICULO_REFERENCIA_MS_EF_V1_10,CURRICULO_COMPLETO,CURRICULO_REFERENCIA_MS_EF_V1_10,778
EF_AF,EF9,CURRICULAR,História,HIS,MS.EF09HI12.s.15,Analisar a crise capitalista de 1929 e seus desdobramentos em relação à economia global.,Totalitarismos e conflitos mundiais,O mundo em conflito: a Primeira Guerra Mundial A questão da Palestina A Revolução Russa A crise capitalista de,CURRICULO_REFERENCIA_MS_EF_V1_10,CURRICULO_COMPLETO,CURRICULO_REFERENCIA_MS_EF_V1_10,779
EF_AF,EF9,CURRICULAR,História,HIS,MS.EF09HI13.s.16,"Descrever e contextualizar os processos da emergência do fascismo e do nazismo, a consolidação dos estados totalitários e as práticas de extermínio (como o holocausto).",Totalitarismos e conflitos mundiais Unidades Temáticas,A emergência do fascismo e do nazismo A Segunda Guerra Mundial Judeus e outras vítimas do holocausto. Objetos de Conhecimento,CURRICULO_REFERENCIA_MS_EF_V1_10,CURRICULO_COMPLETO,CURRICULO_REFERENCIA_MS_EF_V1_10,779
EF_AF,EF9,CURRICULAR,História,HIS,MS.EF09HI14.s.17,Caracterizar e discutir as dinâmicas do colonialismo no continente africano e asiático e as lógicas de resistência das populações locais diante das questões internacionais.,Totalitarismos e conflitos mundiais Unidades Temáticas,"O colonialismo na África As guerras mundiais, a crise do colonialismo e o advento dos nacionalismos africanos e asiáticos Objetos de Conhecimento",CURRICULO_REFERENCIA_MS_EF_V1_10,CURRICULO_COMPLETO,CURRICULO_REFERENCIA_MS_EF_V1_10,780
EF_AF,EF9,CURRICULAR,História,HIS,MS.EF09HI15.s.18,Discutir as motivações que levaram à criação da Organização das Nações Unidas (ONU) no contexto do pós-guerra e os propósitos dessa organização.,Totalitarismos e conflitos mundiais,A Organização das Nações Unidas (ONU) e a questão dos Direitos Humanos,CURRICULO_REFERENCIA_MS_EF_V1_10,CURRICULO_COMPLETO,CURRICULO_REFERENCIA_MS_EF_V1_10,781
EF_AF,EF9,CURRICULAR,História,HIS,MS.EF09HI16.s.19,"Relacionar a Carta dos Direitos Humanos ao processo de afirmação dos direitos fundamentais e de defesa da dignidade humana, valorizando as instituições voltadas para a defesa desses direitos e para a identificação dos agentes responsáveis por sua violação.",Totalitarismos e conflitos mundiais Unidades Temáticas,A Organização das Nações Unidas (ONU) e a questão dos Direitos Humanos Objetos de Conhecimento,CURRICULO_REFERENCIA_MS_EF_V1_10,CURRICULO_COMPLETO,CURRICULO_REFERENCIA_MS_EF_V1_10,781
EF_AF,EF9,CURRICULAR,História,HIS,MS.EF09HI17.s.20,"Identificar e analisar processos sociais, econômicos, culturais e políticos do Brasil a partir de 1946.","Modernização, ditadura civilmilitar e redemocratização : o Brasil após",O Brasil da era JK e o ideal de uma nação moderna: a urbanização e seus desdobramentos em um país em transformação,CURRICULO_REFERENCIA_MS_EF_V1_10,CURRICULO_COMPLETO,CURRICULO_REFERENCIA_MS_EF_V1_10,782
EF_AF,EF9,CURRICULAR,História,HIS,MS.EF09HI18.s.21,Descrever e analisar as relações entre as transformações urbanas e seus impactos na cultura brasileira entre 1946 e 1964 e na produção das desigualdades regionais e sociais.,"Modernização, ditadura civilmilitar e redemocratização : o Brasil após Unidades Temáticas",O Brasil da era JK e o ideal de uma nação moderna: a urbanização e seus desdobramentos em um país em transformação Objetos de Conhecimento,CURRICULO_REFERENCIA_MS_EF_V1_10,CURRICULO_COMPLETO,CURRICULO_REFERENCIA_MS_EF_V1_10,782
EF_AF,EF9,CURRICULAR,História,HIS,MS.EF09HI19.s.22,Identificar e compreender o processo que resultou na ditadura civil-militar no Brasil e discutir a emergência de questões relacionadas à memória e à justiça sobre os casos de violação dos direitos humanos.,"Modernização, ditadura civilmilitar e redemocratização : o Brasil após Unidades Temáticas",Os anos 1960: revolução cultural? A ditadura civil-militar e os processos de resistência As questões indígena e negra e a ditadura Objetos de Conhecimento,CURRICULO_REFERENCIA_MS_EF_V1_10,CURRICULO_COMPLETO,CURRICULO_REFERENCIA_MS_EF_V1_10,783
EF_AF,EF9,CURRICULAR,História,HIS,MS.EF09HI20.s.23,Discutir os processos de resistência e as propostas de reorganização da sociedade brasileira durante a ditadura civil-militar.,"Modernização, ditadura civilmilitar e redemocratização : o Brasil após",Os anos 1960: revolução cultural? A ditadura civil-militar e os processos de resistência As questões indígena e negra e a ditadura,CURRICULO_REFERENCIA_MS_EF_V1_10,CURRICULO_COMPLETO,CURRICULO_REFERENCIA_MS_EF_V1_10,784
EF_AF,EF9,CURRICULAR,História,HIS,MS.EF09HI21.s.24,Identificar e relacionar as demandas indígenas e quilombolas como forma de contestação ao modelo desenvolvimentista da ditadura.,"Modernização, ditadura civilmilitar e redemocratização : o Brasil após Unidades Temáticas",Os anos 1960: revolução cultural? A ditadura civil-militar e os processos de resistência As questões indígena e negra e a ditadura Objetos de Conhecimento,CURRICULO_REFERENCIA_MS_EF_V1_10,CURRICULO_COMPLETO,CURRICULO_REFERENCIA_MS_EF_V1_10,784
EF_AF,EF9,CURRICULAR,História,HIS,MS.EF09HI22.s.26,Discutir o papel da mobilização da sociedade brasileira do final do período ditatorial até a Constituição de 1988.,"Modernização, ditadura civilmilitar e redemocratização : o Brasil após","O processo de redemocratização A Constituição de 1988 e a emancipação das cidadanias (analfabetos, indígenas, negros, jovens etc.) A história recente do Brasil: transformações políticas, econômicas, sociais e culturais de 1989 aos dias atuais Os protagonismos da sociedade civil e as alterações da sociedade brasileira A questão da violência contra populações marginalizadas O Brasil e suas relações internacionais na era da globalização",CURRICULO_REFERENCIA_MS_EF_V1_10,CURRICULO_COMPLETO,CURRICULO_REFERENCIA_MS_EF_V1_10,786
EF_AF,EF9,CURRICULAR,História,HIS,MS.EF09HI23.s.27,"Identificar direitos civis, políticos e sociais expressos na Constituição de 1988 e relacioná-los à noção de cidadania e ao pacto da sociedade brasileira de combate a diversas formas de preconceito, como o racismo.","Modernização, ditadura civilmilitar e redemocratização : o Brasil após Unidades Temáticas","O processo de redemocratização A Constituição de 1988 e a emancipação das cidadanias (analfabetos, indígenas, negros, jovens etc.) A história recente do Brasil: transformações políticas, econômicas, sociais e culturais de 1989 aos dias atuais Os protagonismos da sociedade civil e as alterações da sociedade brasileira Objetos de Conhecimento A questão da violência contra populações marginalizadas O Brasil e suas relações internacionais na era da globalização",CURRICULO_REFERENCIA_MS_EF_V1_10,CURRICULO_COMPLETO,CURRICULO_REFERENCIA_MS_EF_V1_10,786
EF_AF,EF9,CURRICULAR,História,HIS,MS.EF09HI24.s.28,"Analisar as transformações políticas, econômicas, sociais e culturais de 1989 aos dias atuais, identificando questões prioritárias para a promoção da cidadania e dos valores democráticos.","Modernização, ditadura civilmilitar e redemocratização : o Brasil após Unidades Temáticas","O processo de redemocratização A Constituição de 1988 e a emancipação das cidadanias (analfabetos, indígenas, negros, jovens etc.) A história recente do Brasil: transformações políticas, econômicas, sociais e culturais de 1989 aos dias atuais Os protagonismos da sociedade civil e as alterações da sociedade brasileira A questão da violência contra populações marginalizadas O Brasil e suas relações internacionais na era da globalização Objetos de Conhecimento",CURRICULO_REFERENCIA_MS_EF_V1_10,CURRICULO_COMPLETO,CURRICULO_REFERENCIA_MS_EF_V1_10,787
EF_AF,EF9,CURRICULAR,História,HIS,MS.EF09HI25.s.29,Relacionar as transformações da sociedade brasileira aos protagonismos da sociedade civil após 1989.,"Modernização, ditadura civilmilitar e redemocratização : o Brasil após Unidades Temáticas","O processo de redemocratização A Constituição de 1988 e a emancipação das cidadanias (analfabetos, indígenas, negros, jovens etc.) A história recente do Brasil: transformações políticas, econômicas, sociais e culturais de 1989 aos dias atuais Os protagonismos da sociedade civil e as alterações da sociedade brasileira A questão da violência contra populações marginalizadas O Brasil e suas relações internacionais na era da globalização Objetos de Conhecimento",CURRICULO_REFERENCIA_MS_EF_V1_10,CURRICULO_COMPLETO,CURRICULO_REFERENCIA_MS_EF_V1_10,788
EF_AF,EF9,CURRICULAR,História,HIS,MS.EF09HI26.s.30,"Discutir e analisar as causas da violência contra populações marginalizadas (negros, indígenas, mulheres, homossexuais, camponeses, pobres etc.) com vistas à tomada de consciência e à construção de uma cultura de paz, empatia e respeito às pessoas.","Modernização, ditadura civilmilitar e redemocratização : o Brasil após","O processo de redemocratização A Constituição de 1988 e a emancipação das cidadanias (analfabetos, indígenas, negros, jovens etc.) A história recente do Brasil: transformações políticas, econômicas, sociais e culturais de 1989 aos dias atuais Os protagonismos da sociedade civil e as alterações da sociedade brasileira A questão da violência contra populações marginalizadas O Brasil e suas relações internacionais na era da globalização",CURRICULO_REFERENCIA_MS_EF_V1_10,CURRICULO_COMPLETO,CURRICULO_REFERENCIA_MS_EF_V1_10,789
EF_AF,EF9,CURRICULAR,História,HIS,MS.EF09HI27.s.31,"Relacionar aspectos das mudanças econômicas, culturais e sociais ocorridas no Brasil a partir da década de 1990 ao papel do país no cenário internacional na era da globalização.","Modernização, ditadura civilmilitar e redemocratização : o Brasil após Unidades Temáticas","O processo de redemocratização A Constituição de 1988 e a emancipação das cidadanias (analfabetos, indígenas, negros, jovens etc.) A história recente do Brasil: transformações políticas, econômicas, sociais e culturais de 1989 aos dias atuais Os protagonismos da sociedade civil e as alterações da sociedade brasileira A questão da Objetos de Conhecimento violência contra populações marginalizadas O Brasil e suas relações internacionais na era da globalização",CURRICULO_REFERENCIA_MS_EF_V1_10,CURRICULO_COMPLETO,CURRICULO_REFERENCIA_MS_EF_V1_10,789
EF_AF,EF9,CURRICULAR,História,HIS,MS.EF09HI28.s.32,"Identificar e analisar aspectos da Guerra Fria, seus principais conflitos e as tensões geopolíticas no interior dos blocos liderados por soviéticos e estadunidenses.",A história recente Unidades Temáticas,A Guerra Fria: confrontos de dois modelos políticos A Revolução Chinesa e as tensões entre China e Rússia A Revolução Cubana e as tensões entre Estados Unidos da América e Cuba Objetos de Conhecimento,CURRICULO_REFERENCIA_MS_EF_V1_10,CURRICULO_COMPLETO,CURRICULO_REFERENCIA_MS_EF_V1_10,790
EF_AF,EF9,CURRICULAR,História,HIS,MS.EF09HI29.s.33,"Descrever e analisar as experiências ditatoriais na América Latina, seus procedimentos e vínculos com o poder, em nível nacional e internacional, e a atuação de movimentos de contestação às ditaduras.",A história recente,As experiências ditatoriais na América Latina,CURRICULO_REFERENCIA_MS_EF_V1_10,CURRICULO_COMPLETO,CURRICULO_REFERENCIA_MS_EF_V1_10,791
EF_AF,EF9,CURRICULAR,História,HIS,MS.EF09HI30.s.34,"Comparar as características dos regimes ditatoriais latinoamericanos, com especial atenção para a censura política, a opressão e o uso da força, bem como para as reformas econômicas e sociais e seus impactos.",A história recente Unidades Temáticas,As experiências ditatoriais na América Latina Objetos de Conhecimento,CURRICULO_REFERENCIA_MS_EF_V1_10,CURRICULO_COMPLETO,CURRICULO_REFERENCIA_MS_EF_V1_10,791
EF_AF,EF9,CURRICULAR,História,HIS,MS.EF09HI31.s.35,Descrever e avaliar os processos de descolonização na África e na Ásia.,A história recente,Os processos de descolonização na África e na Ásia,CURRICULO_REFERENCIA_MS_EF_V1_10,CURRICULO_COMPLETO,CURRICULO_REFERENCIA_MS_EF_V1_10,792
EF_AF,EF9,CURRICULAR,História,HIS,MS.EF09HI32.s.36,"Analisar mudanças e permanências associadas ao processo de globalização, considerando os argumentos dos movimentos críticos às políticas globais.",A história recente Unidades Temáticas,O fim da Guerra Fria e o processo de globalização Políticas econômicas na América Latina Objetos de Conhecimento,CURRICULO_REFERENCIA_MS_EF_V1_10,CURRICULO_COMPLETO,CURRICULO_REFERENCIA_MS_EF_V1_10,792
EF_AF,EF9,CURRICULAR,História,HIS,MS.EF09HI33.s.37,Analisar as transformações nas relações políticas locais e globais geradas pelo desenvolvimento das tecnologias digitais de informação e comunicação.,A história recente Unidades Temáticas,O fim da Guerra Fria e o processo de globalização Políticas econômicas na América Latina Objetos de Conhecimento,CURRICULO_REFERENCIA_MS_EF_V1_10,CURRICULO_COMPLETO,CURRICULO_REFERENCIA_MS_EF_V1_10,793
EF_AF,EF9,CURRICULAR,História,HIS,MS.EF09HI34.s.38,"Discutir as motivações da adoção de diferentes políticas econômicas na América Latina, assim como seus impactos sociais nos países da região.",A história recente Unidades Temáticas,O fim da Guerra Fria e o processo de globalização Políticas econômicas na América Latina Objetos de Conhecimento,CURRICULO_REFERENCIA_MS_EF_V1_10,CURRICULO_COMPLETO,CURRICULO_REFERENCIA_MS_EF_V1_10,794
EF_AF,EF9,CURRICULAR,História,HIS,MS.EF09HI35.s.39,"Analisar os aspectos relacionados ao fenômeno do terrorismo na contemporaneidade, incluindo os movimentos migratórios e os choques entre diferentes grupos e culturas.",A história recente,"Os conflitos do século XXI e a questão do terrorismo Pluralidades e diversidades identitárias na atualidade As pautas dos povos indígenas no século XXI e suas formas de inserção no debate local, regional, nacional e internacional",CURRICULO_REFERENCIA_MS_EF_V1_10,CURRICULO_COMPLETO,CURRICULO_REFERENCIA_MS_EF_V1_10,795
EF_AF,EF9,CURRICULAR,História,HIS,MS.EF09HI36.s.40,"Identificar e discutir as diversidades identitárias e seus significados históricos no início do século XXI, combatendo as várias formas de preconceitos e violências.",A história recente Unidades Temáticas,"Os conflitos do século XXI e a questão do terrorismo Pluralidades e diversidades identitárias na atualidade As pautas dos povos indígenas no século XXI e suas formas de inserção no debate local, regional, nacional e internacional. Objetos de Conhecimento",CURRICULO_REFERENCIA_MS_EF_V1_10,CURRICULO_COMPLETO,CURRICULO_REFERENCIA_MS_EF_V1_10,795
EF_AF,EF6,CURRICULAR,Língua Espanhola,LE,MS.EF06LE.00.n.01,"Interagir em situações de intercâmbio oral, demonstrando iniciativa para utilizar a língua espanhola.",Interação discursiva,Construção de laços afetivos e convívio social,CURRICULO_REFERENCIA_MS_EF_V1_10,CURRICULO_COMPLETO,CURRICULO_REFERENCIA_MS_EF_V1_10,431
EF_AF,EF6,CURRICULAR,Língua Espanhola,LE,MS.EF06LE00.n.02,"Coletar informações do grupo, perguntando e respondendo sobre a família, os amigos, a escola e a comunidade.",Interação discursiva,Construção de laços afetivos e convívio social,CURRICULO_REFERENCIA_MS_EF_V1_10,CURRICULO_COMPLETO,CURRICULO_REFERENCIA_MS_EF_V1_10,431
EF_AF,EF6,CURRICULAR,Língua Espanhola,LE,MS.EF06LE00.n.03,Solicitar esclarecimentos em língua espanhola sobre o que não entendeu e o significado de palavras e expressões desconhecidas.,Interação discursiva,Funções e usos da língua espanhola,CURRICULO_REFERENCIA_MS_EF_V1_10,CURRICULO_COMPLETO,CURRICULO_REFERENCIA_MS_EF_V1_10,431
EF_AF,EF6,CURRICULAR,Língua Espanhola,LE,MS.EF06LE00.n.04,"Reconhecer, com o apoio de palavras cognatas e e pistas do contexto discursivo, o assunto e as informações principais em textos orais sobre temas familiares.",Compreensão oral,Estratégias de compreensão de textos orais: palavras cognatas pistas do contexto discursivo.,CURRICULO_REFERENCIA_MS_EF_V1_10,CURRICULO_COMPLETO,CURRICULO_REFERENCIA_MS_EF_V1_10,431
EF_AF,EF6,CURRICULAR,Língua Espanhola,LE,MS.EF06LE00.n.05,"Aplicar os conhecimentos da língua espanhola para falar de si e de outras pessoas, explicitando informações pessoais e características relacionadas a gostos, preferências e rotinas.",Produção oral,"Produções orais, com mediação do professor.",CURRICULO_REFERENCIA_MS_EF_V1_10,CURRICULO_COMPLETO,CURRICULO_REFERENCIA_MS_EF_V1_10,431
EF_AF,EF6,CURRICULAR,Língua Espanhola,LE,MS.EF06LE00.n.06,"Planejar apresentação sobre a família, a comunidade e a escola, compartilhando-a oralmente com o grupo. LEITURA",Produção oral,"Produção de textos orais, com a mediação do professor",CURRICULO_REFERENCIA_MS_EF_V1_10,CURRICULO_COMPLETO,CURRICULO_REFERENCIA_MS_EF_V1_10,431
EF_AF,EF6,CURRICULAR,Língua Espanhola,LE,MS.EF06LE00.n.07,"Formular hipóteses sobre a finalidade de um texto em língua espanhola, com base em sua estrutura, organização textual e pistas gráficas.",Estratégia de leitura Unidades Temáticas,Hipóteses sobre a finalidade de um texto Objetos de Conhecimento,CURRICULO_REFERENCIA_MS_EF_V1_10,CURRICULO_COMPLETO,CURRICULO_REFERENCIA_MS_EF_V1_10,431
EF_AF,EF6,CURRICULAR,Língua Espanhola,LE,MS.EF06LE00.n.08,Localizar informações específicas em texto.,Estratégia de leitura,Compreensão geral e específica: leitura rápida,CURRICULO_REFERENCIA_MS_EF_V1_10,CURRICULO_COMPLETO,CURRICULO_REFERENCIA_MS_EF_V1_10,432
EF_AF,EF6,CURRICULAR,Língua Espanhola,LE,MS.EF06LE00.n.09,e Conhecer a organização de um dicionário bilíngue (impresso e/ou on-line) para construir repertório lexical.,Práticas de leitura e construção de repertório lexical,Construção de repertório lexical autonomia leitora,CURRICULO_REFERENCIA_MS_EF_V1_10,CURRICULO_COMPLETO,CURRICULO_REFERENCIA_MS_EF_V1_10,432
EF_AF,EF6,CURRICULAR,Língua Espanhola,LE,MS.EF06LE00.n.10,e Explorar ambientes virtuais e/ou aplicativos para construir repertório lexical na língua espanhola.,Práticas de leitura e construção de repertório lexical,Construção de repertório lexical autonomia leitora,CURRICULO_REFERENCIA_MS_EF_V1_10,CURRICULO_COMPLETO,CURRICULO_REFERENCIA_MS_EF_V1_10,432
EF_AF,EF6,CURRICULAR,Língua Espanhola,LE,MS.EF06LE00.n.11,"Interessar-se pelo texto lido, compartilhando suas ideias sobre o que o texto informa/comunica. ESCRITA",Atitudes e disposições favoráveis do leitor,"Partilha de leitura, com mediação do professor.",CURRICULO_REFERENCIA_MS_EF_V1_10,CURRICULO_COMPLETO,CURRICULO_REFERENCIA_MS_EF_V1_10,432
EF_AF,EF6,CURRICULAR,Língua Espanhola,LE,MS.EF06LE00.n.12,"Listar ideias para a produção de textos, levando em conta o tema e o assunto.",Estratégias de escrita: pré-escrita,Planejamento do texto,CURRICULO_REFERENCIA_MS_EF_V1_10,CURRICULO_COMPLETO,CURRICULO_REFERENCIA_MS_EF_V1_10,432
EF_AF,EF6,CURRICULAR,Língua Espanhola,LE,MS.EF06LE00.n.13,"Organizar ideias, selecionando-as em função da estrutura e do objetivo do texto.",Estratégias de escrita: pré-escrita,Planejamento do texto: organização de ideias,CURRICULO_REFERENCIA_MS_EF_V1_10,CURRICULO_COMPLETO,CURRICULO_REFERENCIA_MS_EF_V1_10,432
EF_AF,EF6,CURRICULAR,Língua Espanhola,LE,MS.EF06LE00.n.14,"Produzir textos escritos em língua espanhola (histórias em quadrinhos, cartazes, chats, blogues, agendas, fotolegendas, entre outros), sobre si mesmo, sua família, seus amigos, gostos, preferências e rotinas, sua comunidade e seu contexto escolar. CONHECIMENTOS LINGUÍSTICOS",Práticas de escrita,"Produção de textos escritos, em formatos diversos, com mediação do professor",CURRICULO_REFERENCIA_MS_EF_V1_10,CURRICULO_COMPLETO,CURRICULO_REFERENCIA_MS_EF_V1_10,432
EF_AF,EF6,CURRICULAR,Língua Espanhola,LE,MS.EF06LE00.n.15,Construir repertório relativo às expressões usadas para convívio social e o uso da língua espanhola em sala de aula.,Estudo do léxico Unidades Temáticas,Construção de repertório lexical Objetos de Conhecimento,CURRICULO_REFERENCIA_MS_EF_V1_10,CURRICULO_COMPLETO,CURRICULO_REFERENCIA_MS_EF_V1_10,432
EF_AF,EF6,CURRICULAR,Língua Espanhola,LE,MS.EF06LE00.n.16,"Construir repertório lexical relativo a temas familiares (escola, família, rotina diária, atividades de lazer, esportes, entre outros).",Estudo do léxico,Construção de repertório lexical,CURRICULO_REFERENCIA_MS_EF_V1_10,CURRICULO_COMPLETO,CURRICULO_REFERENCIA_MS_EF_V1_10,433
EF_AF,EF6,CURRICULAR,Língua Espanhola,LE,MS.EF06LE00.n.17,Reconhecer semelhanças e diferenças na pronúncia de palavras da língua espanhola e da língua materna e/ou outras línguas conhecidas.,Estudo do léxico,Pronúncia,CURRICULO_REFERENCIA_MS_EF_V1_10,CURRICULO_COMPLETO,CURRICULO_REFERENCIA_MS_EF_V1_10,433
EF_AF,EF6,CURRICULAR,Língua Espanhola,LE,MS.EF06LE00.n.18,Explorar o caráter polissêmico de palavra de acordo com o contexto de uso.,Estudo do léxico,Polissemia,CURRICULO_REFERENCIA_MS_EF_V1_10,CURRICULO_COMPLETO,CURRICULO_REFERENCIA_MS_EF_V1_10,433
EF_AF,EF6,CURRICULAR,Língua Espanhola,LE,MS.EF06LE00.n.19,Utilizar o presente do indicativo para identificar pessoas e descrever rotinas diárias.,Gramática,Presente do indicativo,CURRICULO_REFERENCIA_MS_EF_V1_10,CURRICULO_COMPLETO,CURRICULO_REFERENCIA_MS_EF_V1_10,433
EF_AF,EF6,CURRICULAR,Língua Espanhola,LE,MS.EF06LE00.n.20,"Reconhecer o uso do imperativo em enunciados de atividades, comandos, instruções e conselhos.",Gramática,Imperativo,CURRICULO_REFERENCIA_MS_EF_V1_10,CURRICULO_COMPLETO,CURRICULO_REFERENCIA_MS_EF_V1_10,433
EF_AF,EF6,CURRICULAR,Língua Espanhola,LE,MS.EF06LE00.n.21,"Empregar, de forma inteligível, os adjetivos possessivos. DIMENSÃO INTERCULTURAL",Gramática,Adjetivos possessivos,CURRICULO_REFERENCIA_MS_EF_V1_10,CURRICULO_COMPLETO,CURRICULO_REFERENCIA_MS_EF_V1_10,433
EF_AF,EF6,CURRICULAR,Língua Espanhola,LE,MS.EF06LE00.n.22,Investigar o alcance da língua espanhola no mundo: como língua materna e/ou oficial (primeira ou segunda língua),A língua espanhola mundo,no País que têm a língua espanhola como língua materna e/ou oficial,CURRICULO_REFERENCIA_MS_EF_V1_10,CURRICULO_COMPLETO,CURRICULO_REFERENCIA_MS_EF_V1_10,433
EF_AF,EF6,CURRICULAR,Língua Espanhola,LE,MS.EF06LE00.n.23,"Identificar a presença da língua espanhola na sociedade brasileira/comunidade ( palavras, expressões, suportes e esferas de circulação e consumo) e seu significado.",A língua espanhola cotidiano da sociedade brasileira/comunidade Unidades Temáticas,no Presença da língua espanhola no cotidiano Objetos de Conhecimento,CURRICULO_REFERENCIA_MS_EF_V1_10,CURRICULO_COMPLETO,CURRICULO_REFERENCIA_MS_EF_V1_10,433
EF_AF,EF6,CURRICULAR,Língua Espanhola,LE,MS.EF06LE00.n.24,"Avaliar, problematizando elementos/produtos culturais de países de língua espanhola (Paraguai, Bolívia) absorvidos pela sociedade brasileira/comunidade.",A língua espanhola cotidiano da sociedade brasileira/comunidade,no Presença da língua espanhola no cotidiano,CURRICULO_REFERENCIA_MS_EF_V1_10,CURRICULO_COMPLETO,CURRICULO_REFERENCIA_MS_EF_V1_10,434
EF_AF,EF7,CURRICULAR,Língua Espanhola,LE,MS.EF07LE00.n.01,"Interagir em situações de intercâmbio oral para realizar as atividades em sala de aula, de forma respeitosa e colaborativa, trocando ideias e engajando-se em brincadeiras e jogos.",Interação discursiva,Funções e usos da língua,CURRICULO_REFERENCIA_MS_EF_V1_10,CURRICULO_COMPLETO,CURRICULO_REFERENCIA_MS_EF_V1_10,434
EF_AF,EF7,CURRICULAR,Língua Espanhola,LE,MS.EF07LE00.n.03,Mobilizar conhecimentos prévios para compreender texto oral.,Compreensão oral,Estratégias de compreensão de textos orais: conhecimentos prévios,CURRICULO_REFERENCIA_MS_EF_V1_10,CURRICULO_COMPLETO,CURRICULO_REFERENCIA_MS_EF_V1_10,434
EF_AF,EF7,CURRICULAR,Língua Espanhola,LE,MS.EF07LE00.n.04,"Identificar o contexto, a ou finalidade, o assunto e os interlocutores em textos orais presentes no cinema, na internet, na televisão, entre outros.",Compreensão oral Unidades Temáticas,Compreensão de textos orais de cunho descritivo narrativo Objetos de Conhecimento,CURRICULO_REFERENCIA_MS_EF_V1_10,CURRICULO_COMPLETO,CURRICULO_REFERENCIA_MS_EF_V1_10,434
EF_AF,EF7,CURRICULAR,Língua Espanhola,LE,MS.EF07LE00.n.05,"em língua espanhola, narrativas orais sobre fatos, acontecimentos e personalidades marcantes do passado. LEITURA",Produção oral,"Produção de textos orais, com mediação do professor",CURRICULO_REFERENCIA_MS_EF_V1_10,CURRICULO_COMPLETO,CURRICULO_REFERENCIA_MS_EF_V1_10,435
EF_AF,EF7,CURRICULAR,Língua Espanhola,LE,MS.EF07LE00.n.06,"Antecipar o sentido global de textos em língua espanhola por inferências, com base em leitura rápida, observando títulos, primeiras e últimas frases de parágrafos e palavraschave repetidas.",Estratégia de leitura,Compreensão geral e específica: leitura rápida,CURRICULO_REFERENCIA_MS_EF_V1_10,CURRICULO_COMPLETO,CURRICULO_REFERENCIA_MS_EF_V1_10,435
EF_AF,EF7,CURRICULAR,Língua Espanhola,LE,MS.EF07LE00.n.07,Identificar a(s) informação(ões)-chave de partes de um texto em língua espanhola (parágrafos),Estratégia de leitura,Compreensão geral e específica: leitura rápida,CURRICULO_REFERENCIA_MS_EF_V1_10,CURRICULO_COMPLETO,CURRICULO_REFERENCIA_MS_EF_V1_10,435
EF_AF,EF7,CURRICULAR,Língua Espanhola,LE,MS.EF07LE00.n.08,Relacionar as partes de um texto (parágrafos) para construir seu sentido global.,Estratégia de leitura,Construção do sentido global do texto,CURRICULO_REFERENCIA_MS_EF_V1_10,CURRICULO_COMPLETO,CURRICULO_REFERENCIA_MS_EF_V1_10,435
EF_AF,EF7,CURRICULAR,Língua Espanhola,LE,MS.EF07LE00.n.09,"Selecionar, em um texto, a informação desejada como objetivo de leitura.",Práticas de leitura e pesquisa,Objetivos da leitura,CURRICULO_REFERENCIA_MS_EF_V1_10,CURRICULO_COMPLETO,CURRICULO_REFERENCIA_MS_EF_V1_10,435
EF_AF,EF7,CURRICULAR,Língua Espanhola,LE,MS.EF07LE00.n.10,"Escolher, em ambientes virtuais, textos em língua espanhola, de fontes confiáveis, para estudos/pesquisas escolares.",Práticas de leitura e pesquisa,Leitura de textos digitais para estudo,CURRICULO_REFERENCIA_MS_EF_V1_10,CURRICULO_COMPLETO,CURRICULO_REFERENCIA_MS_EF_V1_10,435
EF_AF,EF7,CURRICULAR,Língua Espanhola,LE,MS.EF07LE00.n.11,"Participar de troca de opiniões sobre textos, lidos na sala de aula ou em outros ambientes. ESCRITA",Atitudes e disposições favoráveis do leitor,Partilha de leitura,CURRICULO_REFERENCIA_MS_EF_V1_10,CURRICULO_COMPLETO,CURRICULO_REFERENCIA_MS_EF_V1_10,435
EF_AF,EF7,CURRICULAR,Língua Espanhola,LE,MS.EF07LE00.n.12,"Planejar a escrita de textos em função do contexto (público, finalidade, layout e suporte).",Estratégias de escrita: pré-escrita e escrita Unidades Temáticas,"Pré-escrita: planejamento de produção escrita, com mediação do professor Objetos de Conhecimento",CURRICULO_REFERENCIA_MS_EF_V1_10,CURRICULO_COMPLETO,CURRICULO_REFERENCIA_MS_EF_V1_10,435
EF_AF,EF7,CURRICULAR,Língua Espanhola,LE,MS.EF07LE00.n.13,"Organizar texto em unidades de sentido, dividindo-o em parágrafos ou tópicos e subtópicos, explorando as possibilidades de organização gráfica, de suporte e de formato do texto.",Estratégias de escrita: pré-escrita e escrita,"Escrita: organização em parágrafos ou tópicos, com mediação do professor",CURRICULO_REFERENCIA_MS_EF_V1_10,CURRICULO_COMPLETO,CURRICULO_REFERENCIA_MS_EF_V1_10,436
EF_AF,EF7,CURRICULAR,Língua Espanhola,LE,MS.EF07LE00.n.14,"Produzir textos diversos sobre fatos, acontecimentos e personalidades do passado (linha do tempo/timelines, biografias, verbetes de enciclopédias, blogues, entre outros). CONHECIMENTOS LINGUÍSTICOS",Práticas de escrita,"Produção de textos escritos, em formatos diversos, com mediação do professor",CURRICULO_REFERENCIA_MS_EF_V1_10,CURRICULO_COMPLETO,CURRICULO_REFERENCIA_MS_EF_V1_10,436
EF_AF,EF7,CURRICULAR,Língua Espanhola,LE,MS.EF07LE00.n.15,"Construir repertório lexical relativo a verbos regulares e irregulares (formas no passado), preposições de tempo (preposiciones y locuciones prepositivas para localizarse en el tiempo y en el espacio)",Estudo do léxico,Construção de repertório lexical,CURRICULO_REFERENCIA_MS_EF_V1_10,CURRICULO_COMPLETO,CURRICULO_REFERENCIA_MS_EF_V1_10,436
EF_AF,EF7,CURRICULAR,Língua Espanhola,LE,MS.EF07LE00.n.16,"Reconhecer a pronúncia das letras r, rr, g, j, etc.",Estudo do léxico,Pronúncia,CURRICULO_REFERENCIA_MS_EF_V1_10,CURRICULO_COMPLETO,CURRICULO_REFERENCIA_MS_EF_V1_10,436
EF_AF,EF7,CURRICULAR,Língua Espanhola,LE,MS.EF07LE00.n.17,Explorar o caráter polissêmico de palavras de acordo com o contexto de uso.,Estudo do léxico,Polissemia,CURRICULO_REFERENCIA_MS_EF_V1_10,CURRICULO_COMPLETO,CURRICULO_REFERENCIA_MS_EF_V1_10,436
EF_AF,EF7,CURRICULAR,Língua Espanhola,LE,MS.EF07LE00.n.18,Utilizar tempos verbais para produzir textos orais e escritos para expressar ações realizadas e acabadas no passado sem relação com o presente.,Gramática,Passado simples (pretérito perfecto),CURRICULO_REFERENCIA_MS_EF_V1_10,CURRICULO_COMPLETO,CURRICULO_REFERENCIA_MS_EF_V1_10,436
EF_AF,EF7,CURRICULAR,Língua Espanhola,LE,MS.EF07LE00.n.19,Utilizar tempos verbais para produzir textos orais e escritos para expressar ações que ocorrem dentro de um marco temporal em que o falante se encontra.,Gramática Unidades Temáticas,Passado composto(pretérito perfecto compuesto) Objetos de Conhecimento,CURRICULO_REFERENCIA_MS_EF_V1_10,CURRICULO_COMPLETO,CURRICULO_REFERENCIA_MS_EF_V1_10,436
EF_AF,EF7,CURRICULAR,Língua Espanhola,LE,MS.EF07LE00.n.20,"Utilizar os tempos verbais para produzir textos orais e escritos, contrastando os tempos verbais na construção da narrativa. DIMENSÃO INTERCULTURAL",Gramática,Passados simples (pretérito indefinido e pretérito imperfecto),CURRICULO_REFERENCIA_MS_EF_V1_10,CURRICULO_COMPLETO,CURRICULO_REFERENCIA_MS_EF_V1_10,437
EF_AF,EF7,CURRICULAR,Língua Espanhola,LE,MS.EF07LE00.n.21,"Analisar o alcance da língua espanhola, seus contextos de uso e a situação fronteiriça com o Brasil.",A língua espanhola mundo,no A língua espanhola como língua global na sociedade contemporânea,CURRICULO_REFERENCIA_MS_EF_V1_10,CURRICULO_COMPLETO,CURRICULO_REFERENCIA_MS_EF_V1_10,437
EF_AF,EF7,CURRICULAR,Língua Espanhola,LE,MS.EF07LE00.n.22,"Explorar modos de falar em língua espanhola, refutando preconceitos e reconhecendo a variação linguística como fenômeno natural das línguas.",Comunicação intercultural,Variação linguística,CURRICULO_REFERENCIA_MS_EF_V1_10,CURRICULO_COMPLETO,CURRICULO_REFERENCIA_MS_EF_V1_10,437
EF_AF,EF7,CURRICULAR,Língua Espanhola,LE,MS.EF07LE00.n.23,"Avaliar, problematizando elementos/produtos culturais de países de língua espanhola (Argentina, Chile e Peru).",A língua espanhola cotidiano da sociedade brasileira/comunidade,no Presença da língua espanhola no cotidiano,CURRICULO_REFERENCIA_MS_EF_V1_10,CURRICULO_COMPLETO,CURRICULO_REFERENCIA_MS_EF_V1_10,437
EF_AF,EF7,CURRICULAR,Língua Espanhola,LE,MS.EF07LE00.n02,Entrevistar os colegas para conhecer suas histórias de vida.,Interação discursiva,Práticas investigativas,CURRICULO_REFERENCIA_MS_EF_V1_10,CURRICULO_COMPLETO,CURRICULO_REFERENCIA_MS_EF_V1_10,434
EF_AF,EF8,CURRICULAR,Língua Espanhola,LE,MS.EF08LE00.n.01,"Fazer uso da língua da espanhola para resolver e mal-entendidos, emitir opiniões e esclarecer informações por meio de paráfrases ou justificativas.",Interação discursiva,Negociação de sentidos (malentendidos no uso língua espanhola conflito de opiniões),CURRICULO_REFERENCIA_MS_EF_V1_10,CURRICULO_COMPLETO,CURRICULO_REFERENCIA_MS_EF_V1_10,437
EF_AF,EF8,CURRICULAR,Língua Espanhola,LE,MS.EF08LE00.n.02,"Explorar o uso de recursos linguísticos (frases incompletas, hesitações, entre outros) e paralinguísticos (gestos expressões faciais, entre outros) em situações de interação oral, contextualizadas a países onde se utiliza a língua espanhola.",Interação discursiva Unidades Temáticas,Uso de recursos linguísticos e paralinguísticos no intercâmbio oral Objetos de Conhecimento,CURRICULO_REFERENCIA_MS_EF_V1_10,CURRICULO_COMPLETO,CURRICULO_REFERENCIA_MS_EF_V1_10,437
EF_AF,EF8,CURRICULAR,Língua Espanhola,LE,MS.EF08LE00.n.03,"Construir o sentido global de textos orais, relacionando suas partes, assunto principal e informações relevantes.",Compreensão oral,"Compreensão de textos orais, multimodais, de cunho informativo/jornalístico",CURRICULO_REFERENCIA_MS_EF_V1_10,CURRICULO_COMPLETO,CURRICULO_REFERENCIA_MS_EF_V1_10,438
EF_AF,EF8,CURRICULAR,Língua Espanhola,LE,MS.EF08LE00.n.04,"Utilizar recursos e repertório linguísticos apropriados para informar/comunicar/falar do futuro: planos, previsões, possibilidades e probabilidades. LEITURA",Produção oral,Produção de textos orais com autonomia,CURRICULO_REFERENCIA_MS_EF_V1_10,CURRICULO_COMPLETO,CURRICULO_REFERENCIA_MS_EF_V1_10,438
EF_AF,EF8,CURRICULAR,Língua Espanhola,LE,MS.EF08LE00.n.05,"de Inferir informações e relações que não apareçam de modo implícito no texto para construção de sentidos. de (MS.EF08LE00.n.06) Apreciar textos narrativos em língua espanhola (contos, romances, entre outros, em versão original ou simplificada), como forma de valorizar o patrimônio cultural produzido em língua espanhola. de (MS.EF08LE00.n.07) Explorar ambientes virtuais e/ou aplicativos para acessar e usufruir do patrimônio artístico literário em língua espanhola.",Estratégias de leitura Práticas de leitura e fruição Práticas de leitura e fruição,Construção de sentidos por meio inferências e reconhecimento de implícitos Leitura de textos cunho artístico/literário Leitura de textos cunho artístico/literário,CURRICULO_REFERENCIA_MS_EF_V1_10,CURRICULO_COMPLETO,CURRICULO_REFERENCIA_MS_EF_V1_10,438
EF_AF,EF8,CURRICULAR,Língua Espanhola,LE,MS.EF08LE00.n.08,"Analisar, criticamente, o conteúdo de textos, comparando diferentes perspectivas apresentadas sobre um mesmo assunto. ESCRITA com (MS.EF08LE00.n.09) Avaliar a própria produção escrita e a de colegas, com base no contexto de comunicação (finalidade adequação ao público, conteúdo a ser comunicado, organização textual, legibilidade, estrutura de frases). com (MS.EF08LE00.n.10) Reconstruir o texto, com cortes, acréscimos, reformulações e correções, para aprimoramento, edição e publicação final.",Avaliação dos textos lidos Unidades Temáticas Estratégias de escrita: escrita e pós-escrita Estratégias de escrita: escrita e pós-escrita,Reflexão pós-leitura Objetos de Conhecimento Revisão de textos mediação do professor Revisão de textos mediação do professor,CURRICULO_REFERENCIA_MS_EF_V1_10,CURRICULO_COMPLETO,CURRICULO_REFERENCIA_MS_EF_V1_10,438
EF_AF,EF8,CURRICULAR,Língua Espanhola,LE,MS.EF08LE00.n.11,"Produzir textos (comentários em fóruns, relatos pessoais, mensagens instantâneas, tweets, reportagens, histórias de ficção, blogues, entre outros), com o uso de estratégias de escrita (planejamento, produção de rascunho, revisão e edição final), apontando sonhos e projetos para o futuro (pessoal, da família, da comunidade ou do planeta). CONHECIMENTO LINGUÍSTICOS",Práticas de escrita,Produção de textos escritos com mediação do professor/colegas,CURRICULO_REFERENCIA_MS_EF_V1_10,CURRICULO_COMPLETO,CURRICULO_REFERENCIA_MS_EF_V1_10,439
EF_AF,EF8,CURRICULAR,Língua Espanhola,LE,MS.EF08LE00.n.12,"Construir repertório lexical relativo a planos, previsões e expectativas para o futuro.",Estudo do léxico,Construção de repertório lexical,CURRICULO_REFERENCIA_MS_EF_V1_10,CURRICULO_COMPLETO,CURRICULO_REFERENCIA_MS_EF_V1_10,439
EF_AF,EF8,CURRICULAR,Língua Espanhola,LE,MS.EF08LE00.n.13,Reconhecer sufixos e prefixos comuns utilizados na formação de palavras língua espanhola.,Estudo do léxico,Formação de palavras: prefixos e sufixos,CURRICULO_REFERENCIA_MS_EF_V1_10,CURRICULO_COMPLETO,CURRICULO_REFERENCIA_MS_EF_V1_10,439
EF_AF,EF8,CURRICULAR,Língua Espanhola,LE,MS.EF08LE00.n.14,Explorar o caráter polissêmico de palavras acordo com contexto de uso. o (MS.EF08LE00.n.15) Utilizar formas verbais do futuro para descrever planos e expectativas e fazer previsões.,Estudo do léxico Unidades Temáticas Gramática,Polissemia Objetos de Conhecimento Verbos para indicar futuro,CURRICULO_REFERENCIA_MS_EF_V1_10,CURRICULO_COMPLETO,CURRICULO_REFERENCIA_MS_EF_V1_10,439
EF_AF,EF8,CURRICULAR,Língua Espanhola,LE,MS.EF08LE00.n.16,"Utilizar, de modo inteligível os adjetivos.",Gramática,Comparativos e superlativos,CURRICULO_REFERENCIA_MS_EF_V1_10,CURRICULO_COMPLETO,CURRICULO_REFERENCIA_MS_EF_V1_10,440
EF_AF,EF8,CURRICULAR,Língua Espanhola,LE,MS.EF08LE00.n.17,"Utilizar, de modo inteligível e apropriado, muy e mucho.",Gramática,Quantificadores,CURRICULO_REFERENCIA_MS_EF_V1_10,CURRICULO_COMPLETO,CURRICULO_REFERENCIA_MS_EF_V1_10,440
EF_AF,EF8,CURRICULAR,Língua Espanhola,LE,MS.EF08LE00.n.18,"Empregar de modo inteligível, os pronomes relativos para construir períodos compostos por subordinação. DIMENSÃO INTERCULTURAL",Gramática,Pronomes relativos,CURRICULO_REFERENCIA_MS_EF_V1_10,CURRICULO_COMPLETO,CURRICULO_REFERENCIA_MS_EF_V1_10,440
EF_AF,EF8,CURRICULAR,Língua Espanhola,LE,MS.EF08LE00.n.19,"Construir repertório cultural por meio do contato com manifestações artísticoculturais vinculadas à língua espanhola ( artes plásticas visuais, literatura, música, cinema, dança, festividades, entre outros), valorizando diversidade entre culturas.",Manifestações culturais,Construção de repertório artísticocultural,CURRICULO_REFERENCIA_MS_EF_V1_10,CURRICULO_COMPLETO,CURRICULO_REFERENCIA_MS_EF_V1_10,440
EF_AF,EF8,CURRICULAR,Língua Espanhola,LE,MS.EF08LE00.n.20,"Investigar de que forma expressões, gestos e comportamentos são interpretados em função aspectos culturais.",Comunicação intercultural,Impacto de aspectos culturais na comunicação,CURRICULO_REFERENCIA_MS_EF_V1_10,CURRICULO_COMPLETO,CURRICULO_REFERENCIA_MS_EF_V1_10,440
EF_AF,EF8,CURRICULAR,Língua Espanhola,LE,MS.EF08LE00.n.21,Examinar fatores que podem impedir o entendimento entre pessoas de culturas diferentes que falam a língua espanhola.,Comunicação intercultural,Impacto de aspectos culturais na comunicação,CURRICULO_REFERENCIA_MS_EF_V1_10,CURRICULO_COMPLETO,CURRICULO_REFERENCIA_MS_EF_V1_10,440
EF_AF,EF8,CURRICULAR,Língua Espanhola,LE,MS.EF08LE00.n.22,"Avaliar, problematizando elementos/produtos culturais de países de língua espanhola (Equador, Colômbia e Venezuela).",A língua espanhola cotidiano da sociedade brasileira/comunidade Unidades Temáticas,no Presença da língua espanhola no cotidiano Objetos de Conhecimento,CURRICULO_REFERENCIA_MS_EF_V1_10,CURRICULO_COMPLETO,CURRICULO_REFERENCIA_MS_EF_V1_10,440
EF_AF,EF9,CURRICULAR,Língua Espanhola,LE,MS.EF09LE00.n.01,"Fazer uso da língua espanhola para expor pontos de vista, argumentos e contra-argumentos, considerando o contexto e os recursos linguísticos voltados para a eficácia da comunicação.",Interação discursiva,Funções e usos da língua espanhola: persuasão,CURRICULO_REFERENCIA_MS_EF_V1_10,CURRICULO_COMPLETO,CURRICULO_REFERENCIA_MS_EF_V1_10,441
EF_AF,EF9,CURRICULAR,Língua Espanhola,LE,MS.EF09LE00.n.02,Compilar as ideias-chave de textos por meio de tomada de notas.,Compreensão oral,"Compreensão de textos orais, multimodais, de cunho argumentativo",CURRICULO_REFERENCIA_MS_EF_V1_10,CURRICULO_COMPLETO,CURRICULO_REFERENCIA_MS_EF_V1_10,441
EF_AF,EF9,CURRICULAR,Língua Espanhola,LE,MS.EF09LE00.n.03,Analisar posicionamentos defendidos e refutados em textos orais sobre temas de interesse social e coletivo.,Compreensão oral,"Compreensão de textos orais, multimodais, de cunho argumentativo",CURRICULO_REFERENCIA_MS_EF_V1_10,CURRICULO_COMPLETO,CURRICULO_REFERENCIA_MS_EF_V1_10,441
EF_AF,EF9,CURRICULAR,Língua Espanhola,LE,MS.EF09LE00.n.04,"Expor resultados de pesquisa ou estudo com o apoio de recursos, tais como notas, gráficos, tabelas, entre outros, adequando as estratégias de construção do texto oral aos objetos de comunicação e ao contexto. LEITURA",Produção oral,Produção de textos orais com autonomia,CURRICULO_REFERENCIA_MS_EF_V1_10,CURRICULO_COMPLETO,CURRICULO_REFERENCIA_MS_EF_V1_10,441
EF_AF,EF9,CURRICULAR,Língua Espanhola,LE,MS.EF09LE00.n.05,"Identificar recursos de persuasão (escolha e jogo de palavras, uso de cores e imagens, tamanhos de letras), utilizados nos textos publicitários e de propaganda, como elementos de convencimento.",Estratégias de leitura Unidades Temáticas,Recurso de persuasão Objetos de Conhecimento,CURRICULO_REFERENCIA_MS_EF_V1_10,CURRICULO_COMPLETO,CURRICULO_REFERENCIA_MS_EF_V1_10,441
EF_AF,EF9,CURRICULAR,Língua Espanhola,LE,MS.EF09LE00.n.06,Distinguir fatos de opiniões em textos argumentativos da esfera jornalística.,Estratégias de leitura,Recurso de argumentação,CURRICULO_REFERENCIA_MS_EF_V1_10,CURRICULO_COMPLETO,CURRICULO_REFERENCIA_MS_EF_V1_10,442
EF_AF,EF9,CURRICULAR,Língua Espanhola,LE,MS.EF09LE00.n.07,Identificar argumentos principais e as evidências/exemplos que os sustentam.,Estratégias de leitura,Recurso de argumentação,CURRICULO_REFERENCIA_MS_EF_V1_10,CURRICULO_COMPLETO,CURRICULO_REFERENCIA_MS_EF_V1_10,442
EF_AF,EF9,CURRICULAR,Língua Espanhola,LE,MS.EF09LE00.n.08,"Explorar ambientes virtuais de informação e socialização, analisando a qualidade e a validade das informações veiculadas.",Práticas de leitura e novas tecnologias,Informações em ambientes virtuais,CURRICULO_REFERENCIA_MS_EF_V1_10,CURRICULO_COMPLETO,CURRICULO_REFERENCIA_MS_EF_V1_10,442
EF_AF,EF9,CURRICULAR,Língua Espanhola,LE,MS.EF09LE00.n.09,"Compartilhar, com os colegas, a leitura dos textos escritos pelo grupo, valorizando os diferentes pontos de vista defendidos, com ética e respeito. ESCRITA",Avaliação dos textos lidos,Reflexão pós-leitura,CURRICULO_REFERENCIA_MS_EF_V1_10,CURRICULO_COMPLETO,CURRICULO_REFERENCIA_MS_EF_V1_10,442
EF_AF,EF9,CURRICULAR,Língua Espanhola,LE,MS.EF09LE00.n.10,"Propor potenciais argumentos para expor e defender ponto de vista em texto escrito, refletindo sobre o tema proposto e pesquisando dados, evidências e exemplos para sustentar os argumentos, organizando-os em sequência lógica.",Estratégias de escrita,Escrita: construção da argumentação,CURRICULO_REFERENCIA_MS_EF_V1_10,CURRICULO_COMPLETO,CURRICULO_REFERENCIA_MS_EF_V1_10,442
EF_AF,EF9,CURRICULAR,Língua Espanhola,LE,MS.EF09LE00.n.11,"Utilizar recursos verbais e não verbais para construção da persuasão em textos da esfera publicitária, de forma adequada ao contexto de circulação (produção e compreensão).",Eixo escrita Unidades Temáticas,Escrita: construção da persuasão Objetos de Conhecimento,CURRICULO_REFERENCIA_MS_EF_V1_10,CURRICULO_COMPLETO,CURRICULO_REFERENCIA_MS_EF_V1_10,442
EF_AF,EF9,CURRICULAR,Língua Espanhola,LE,MS.EF09LE00.n.12,"Produzir textos (infográficos, fóruns de discussão on-line, fotorreportagens, campanhas publicitárias, memes, entre outros) sobre temas de interesse coletivo local ou global, que revelem posicionamento crítico. CONHECIMENTOS LINGUÍSTICOS",Práticas de escrita,"Produção de textos escritos, com mediação do professor/colegas",CURRICULO_REFERENCIA_MS_EF_V1_10,CURRICULO_COMPLETO,CURRICULO_REFERENCIA_MS_EF_V1_10,443
EF_AF,EF9,CURRICULAR,Língua Espanhola,LE,MS.EF09LE00.n.13,"Reconhecer, nos novos gêneros digitais (blogues, mensagens instantâneas, tweets, entre outros), novas formas de escrita (abreviação de palavras, palavras com combinação de letras e números, pictogramas, símbolos gráficos, entre outros",Estudo do léxico,Usos de linguagem em meio digital: “internetês”,CURRICULO_REFERENCIA_MS_EF_V1_10,CURRICULO_COMPLETO,CURRICULO_REFERENCIA_MS_EF_V1_10,443
EF_AF,EF9,CURRICULAR,Língua Espanhola,LE,MS.EF09LE00.n.14,"Utilizar conectores indicadores de adição, condição, oposição, contraste, conclusão e síntese como auxiliares na construção da argumentação e intencionalidade discursiva.",Estudo do léxico,Conectores,CURRICULO_REFERENCIA_MS_EF_V1_10,CURRICULO_COMPLETO,CURRICULO_REFERENCIA_MS_EF_V1_10,443
EF_AF,EF9,CURRICULAR,Língua Espanhola,LE,MS.EF09LE00.n.15,Explorar o caráter polissêmico de palavras de acordo com o contexto de uso.,Estudo do léxico,Polissemia,CURRICULO_REFERENCIA_MS_EF_V1_10,CURRICULO_COMPLETO,CURRICULO_REFERENCIA_MS_EF_V1_10,443
EF_AF,EF9,CURRICULAR,Língua Espanhola,LE,MS.EF09LE00.n.16,"Empregar de modo inteligível, as formas verbais em orações condicionais.",Gramática,Orações condicionais,CURRICULO_REFERENCIA_MS_EF_V1_10,CURRICULO_COMPLETO,CURRICULO_REFERENCIA_MS_EF_V1_10,443
EF_AF,EF9,CURRICULAR,Língua Espanhola,LE,MS.EF09LE00.n.17,"Empregar, de modo inteligível, os verbos que em língua espanhola denotam mudança ou transformação. DIMENSÃO INTERCULTURAL",Gramática Unidades Temáticas,Verbos de cambio Objetos de Conhecimento,CURRICULO_REFERENCIA_MS_EF_V1_10,CURRICULO_COMPLETO,CURRICULO_REFERENCIA_MS_EF_V1_10,443
EF_AF,EF9,CURRICULAR,Língua Espanhola,LE,MS.EF09LE00.n.18,"Debater sobre a expansão da língua espanhola pelo mundo, em função da colonização espanhola na América.",A língua espanhola no mundo,Expansão da língua espanhola: contexto histórico,CURRICULO_REFERENCIA_MS_EF_V1_10,CURRICULO_COMPLETO,CURRICULO_REFERENCIA_MS_EF_V1_10,444
EF_AF,EF9,CURRICULAR,Língua Espanhola,LE,MS.EF09LE00.n.19,"Analisar a importância da língua espanhola para o desenvolvimento das ciências (produção, divulgação e discussão de novos conhecimentos), da economia e da política no cenário mundial.",A língua espanhola no mundo,"A língua espanhola e seu papel no intercâmbio científico, econômico e político.",CURRICULO_REFERENCIA_MS_EF_V1_10,CURRICULO_COMPLETO,CURRICULO_REFERENCIA_MS_EF_V1_10,444
EF_AF,EF9,CURRICULAR,Língua Espanhola,LE,MS.EF09LE00.n.20,"Discutir a comunicação intercultural por meio da língua espanhola como mecanismos de valorização pessoal e de construção de identidades no mundo globalizado ao espanhol: os prós e os contras futuro. São Paulo: Parábola Editorial, Horizonte: Editora C/Arte. 1998 de 20 de dezembro de 1996. Acesso em 15 mai 2018. de 20 de dezembro de 1961. Disponível Acesso 18 mai 2018. de 11 de agosto de 1971. Disponível > Acesso em 18 mai 2018. de 18 de agosto de 2008. Disponível de 2 de maio de 2016. Disponível Educação Básica. Base nacional >. Acesso em: maio, 2018. Educação Fundamental. Parâmetros encontros. In: SEDYCIAS, João. O crítica: linguagem, identidade passado, presente, futuro. ""Uma grande descoberta sempre alguma descoberta Este pode até ser modesto, em jogo as faculdades próprios meios experimentará matemático transpassa a e buscar soluções para impasses e desenvolver objetos que para o avanço dos de 4000 anos antes de Cristo, permitindo, inicialmente, até as datas atuais. Desse a função de explicar, uma função quantificadora formação de ideia, como são conclamados integrando os conhecimentos nossas comunidades. podem, por meio do para resolverem tais situações, e aceitos academicamente. resultados, haja vista que de sua vida. Assim, tem um caráter hipotético-dedutivo. postulados e teoremas pelos estudantes não já se encontram várias para transformá-los Nesse contexto, os possibilidades de ocorrência é, não como saberes prontos transite entre os campos realizando observações e em campos diferentes, ainda boas estratégias sala de aula como nas do da Matemática é um uma necessidade lançar-se nas resoluções como nos anos finais do Ensino próprios dos saberes esses conhecimentos. Fundamental deve priorizar autonomia e sejam os problemas do cotidiano entre as práticas cotidianas ao longo do Ensino Fundamental, organizada em unidades e Estatística, que se empíricas do mundo real matemático consolidado. da Matemática de é uma ciência humana, fruto momentos históricos, e tecnológicos e para do trabalho. o espírito de investigação conhecimentos matemáticos conceitos e procedimentos Estatística e Probabilidade) à própria capacidade a autoestima e a perseverança de aspectos quantitativos a investigar, organizar, e avaliá-las crítica e matemáticas, inclusive cotidianos, sociais e de outras em múltiplos contextos, o aspecto prático-utilitário, registros e linguagens e outras linguagens para que abordem, sobretudo, sustentáveis e sociais, sem preconceitos forma cooperativa, trabalhando para responder a questionamentos aspectos consensuais ou de pensar dos colegas e aprendendo de Conhecimento,","Comunicação intercultural REFERÊNCIAS ALCARAZ, Rafael Camorlinga. Ensino do Espanhol no BARBOSA, Ana Mae. BRASIL. Presidência da <http://www.planalto.gov.br/ccivil_03/LEIS/l9394.htm> ______. Presidência da http://www.planalto.gov.br/CCIVIL_03/LEIS/L4024.htm> ______. Presidência da <http://www.planalto.gov.br/ccivil_03/LEIS/L5692.htm ______. Presidência da <http://www.planalto.gov.br/ccivil_03/_Ato2007-2010/2008/Lei/L11769.htm> ______. Presidência da <http://www.planalto.gov.br/CCIVIL_03/_Ato2015-2018/2016/Lei/L13278.htm> ______. Ministério da Educação. em: < http://basenacionalcomum.mec.gov.br/a-base/ ______. Ministério da Educação. MEC/SEF, 1997. Disponível GOETTENAUER, Elzimar. futuro. São Paulo: Parábola RAJAGOPALAN, Kanavillil. SEDYCIAS, João. O Ensino 8.4 Matemática A constituição do necessidade de resolver Entretanto, a necessidade e bem-estar teve Os registros matemáticos, terras e a construção desenvolver conceitos os objetos matemáticos Nesse contexto, coisas do que um Nesse sentido, os partir desse olhar, desenvolvidas pelos Dessa forma, professores problemas e buscar pela aplicação de o estudante a realizar e provavelmente de demonstração, precisa conhecer O trabalho com analisando as práticas realizam coletas meio de tabelas como os eventos para decidirem menos estática da estão passíveis de Essa (re)construção Geometria, Estatística conceitos dentro campos uma situação, apresentadas, tanto Esse manuseio dos propriedades e estudante tenha ou do autor do livro Dessa maneira, espera-se matemáticos, argumentando algumas demonstrações, O trabalho desenvolvido estudantes possam propiciando condições local, exercendo estudados. Então, para desenvolver acordo com as orientações Grandezas e Medidas; estudantes relacionem essas representações 8.4.1 Competências 1. Reconhecer diferentes solucionar inclusive com 2. Desenvolver convincentes, 3. Compreender (Aritmética, sentindo matemáticos, 4. Fazer observações sociais e relevantes, convincentes. 5. Utilizar processos modelar e estratégias 6. Enfrentar situações-problema diretamente conclusões, texto escrito e dados). 7. Desenvolver base em princípios opiniões de 8. Interagir com desenvolvimento problemas, questão, respeitando 8.4.2 Unidades Didáticas","Construção de identidades no mundo globalizado Do português Brasil: passado, presente, Tópicos Utópicos. Belo República. Lei n. 9394, República. Lei n. 4.024, República. Lei n, 5.692, República. Lei n. 11.769, República. Lei n.13.278, Secretaria da Secretaria de em <http://portal.mec.gov.br/seb/arquivos/pdf/livro06.pdf> Espanhol língua de Editorial, 2005. Por uma linguística do espanhol no Brasil: conhecimento problemas de interagir uma parcela de contribuição datados de prédios e monumentos, que perduram tinham ou assumiam o número tinha mais papel abstrato de professores e estudantes fazer uma matemática antepassados de e estudantes procedimentos conceitos já desenvolvidos a verificação dos têm vínculo com momentos visto que a Matemática e dominar os axiomas, problemas elaborados dos professores, de dados e os manuseiam por meio de gráficos. sobre as Matemática, isto serem (re)construídos. exige que o estudante e Probabilidade, do próprio campo com isso identificando nas atividades de diferentes campos teoremas que justifiquem confiança em si para didático. que o estudante, com elementos utilizando no Ensino agir com criticidade, para solucionar uma relação direta as da BNCC, e Probabilidade observações ao conhecimento específicas que a Matemática culturas, em diferentes problemas científicos impactos no mundo o raciocínio lógico, recorrendo aos as relações entre Álgebra, Geometria, segurança quanto desenvolvendo sistemáticas culturais, de modo para interpretá-las e ferramentas resolver problemas e resultados. relacionadas com utilizando diferentes na língua materna e/ou discutir projetos éticos, democráticos, indivíduos e de grupos seus pares de de pesquisas de modo a identificar o modo Temáticas, Objetos",CURRICULO_REFERENCIA_MS_EF_V1_10,CURRICULO_COMPLETO,CURRICULO_REFERENCIA_MS_EF_V1_10,444
EF_AF,EF6,CURRICULAR,Língua Inglesa,LI,MS.EF06LI00.n.03,Promover o (re)conhecimento prévio acerca da língua de modo a ampliar o repertório vocabular.,Interação discursiva,Repertório sóciocultural,CURRICULO_REFERENCIA_MS_EF_V1_10,CURRICULO_COMPLETO,CURRICULO_REFERENCIA_MS_EF_V1_10,401
EF_AF,EF6,CURRICULAR,Língua Inglesa,LI,MS.EF06LI00.n.04,"Apresentar informações orais, usando recursos multimodais que reforcem mensagens de maneira criativa acerca de temas variados (experiências pessoais, temas familiares, escolares, cultura da Língua Inglesa, problemas globais e regionalismo de MS)",Interação discursiva,Comunicação oral,CURRICULO_REFERENCIA_MS_EF_V1_10,CURRICULO_COMPLETO,CURRICULO_REFERENCIA_MS_EF_V1_10,401
EF_AF,EF6,CURRICULAR,Língua Inglesa,LI,MS.EF06LI00.n.05,"Compreender as expressões em Língua Inglesa utilizadas em salas de aula para atender comandos, quando necessário.",Interação discursiva,Funções e usos da Língua Inglesa em sala de aula (Classroom language),CURRICULO_REFERENCIA_MS_EF_V1_10,CURRICULO_COMPLETO,CURRICULO_REFERENCIA_MS_EF_V1_10,401
EF_AF,EF6,CURRICULAR,Língua Inglesa,LI,MS.EF06LI00.n.22,Descrever características pessoais/qualidade sobre algo ou alguém com o objetivo de compreender e respeitar as semelhanças e diferenças existentes no mundo. e (MS.EF06LI19.s.23) Utilizar o presente do indicativo para identificar pessoas (verbo to be) e descrever rotinas diárias. e (MS.EF06LI20.s.24) Utilizar o presente contínuo para descrever ações em progresso.,Gramática Gramática Gramática,"Adjetivos Presente simples contínuo (formas afirmativa, negativa e interrogativa) Presente simples contínuo (formas afirmativa, negativa e interrogativa)",CURRICULO_REFERENCIA_MS_EF_V1_10,CURRICULO_COMPLETO,CURRICULO_REFERENCIA_MS_EF_V1_10,404
EF_AF,EF6,CURRICULAR,Língua Inglesa,LI,MS.EF06LI00.n.31,"Demonstrar compreensão de ideias gerais e informação explícita em textos variados adaptados à realidade do estado de Mato Grosso do Sul, literários ou não literários, verbais ou não verbais, acerca de temas voltados à história do estado, oportunizando sentido de pertencimento.",A Língua Inglesa no contexto regional,Presença da Língua Inglesa no Estado,CURRICULO_REFERENCIA_MS_EF_V1_10,CURRICULO_COMPLETO,CURRICULO_REFERENCIA_MS_EF_V1_10,405
EF_AF,EF6,CURRICULAR,Língua Inglesa,LI,MS.EF06LI01.s.01,"Interagir em situações de intercâmbio oral, demonstrando iniciativa para utilizar a Língua Inglesa.",Interação discursiva,Construção de laços afetivos e convívio social,CURRICULO_REFERENCIA_MS_EF_V1_10,CURRICULO_COMPLETO,CURRICULO_REFERENCIA_MS_EF_V1_10,401
EF_AF,EF6,CURRICULAR,Língua Inglesa,LI,MS.EF06LI02.s.02,"Coletar informações do grupo, perguntando e respondendo sobre a família, os amigos, a escola e a comunidade.",Interação discursiva,Construção de laços afetivos e convívio social,CURRICULO_REFERENCIA_MS_EF_V1_10,CURRICULO_COMPLETO,CURRICULO_REFERENCIA_MS_EF_V1_10,401
EF_AF,EF6,CURRICULAR,Língua Inglesa,LI,MS.EF06LI03.s.06,Solicitar esclarecimentos em Língua Inglesa sobre o que não entendeu e o significado de palavras ou expressões desconhecidas.,Interação discursiva Unidades Temáticas,Funções e usos da Língua Inglesa em sala de aula (Classroom language) Objetos de Conhecimento,CURRICULO_REFERENCIA_MS_EF_V1_10,CURRICULO_COMPLETO,CURRICULO_REFERENCIA_MS_EF_V1_10,401
EF_AF,EF6,CURRICULAR,Língua Inglesa,LI,MS.EF06LI04.s.07,"Reconhecer, com o apoio de palavras cognatas e e pistas do contexto discursivo, o assunto e as informações principais em textos orais sobre temas familiares.",Compreensão oral,Estratégias de compreensão de textos orais: palavras cognatas pistas do contexto discursivo,CURRICULO_REFERENCIA_MS_EF_V1_10,CURRICULO_COMPLETO,CURRICULO_REFERENCIA_MS_EF_V1_10,402
EF_AF,EF6,CURRICULAR,Língua Inglesa,LI,MS.EF06LI05.s.08,"Aplicar os conhecimentos da Língua Inglesa para falar de si e de outras pessoas, explicitando informações pessoais e características relacionadas a gostos, preferências e rotinas.",Produção oral,"Produção de textos orais, com a mediação do professor",CURRICULO_REFERENCIA_MS_EF_V1_10,CURRICULO_COMPLETO,CURRICULO_REFERENCIA_MS_EF_V1_10,402
EF_AF,EF6,CURRICULAR,Língua Inglesa,LI,MS.EF06LI06.s.09,"Planejar apresentação sobre a família, a comunidade e a escola, compartilhando-a oralmente com o grupo. LEITURA",Produção oral,"Produção de textos orais, com a mediação do professor",CURRICULO_REFERENCIA_MS_EF_V1_10,CURRICULO_COMPLETO,CURRICULO_REFERENCIA_MS_EF_V1_10,402
EF_AF,EF6,CURRICULAR,Língua Inglesa,LI,MS.EF06LI07.s.10,"Formular hipóteses sobre a finalidade de um texto em Língua Inglesa, com base em sua estrutura, organização textual e pistas gráficas.",Estratégias de leitura,Hipóteses sobre a finalidade de um texto,CURRICULO_REFERENCIA_MS_EF_V1_10,CURRICULO_COMPLETO,CURRICULO_REFERENCIA_MS_EF_V1_10,402
EF_AF,EF6,CURRICULAR,Língua Inglesa,LI,MS.EF06LI08.s.11,"Identificar o assunto de um texto, reconhecendo sua organização textual e palavras cognatas.",Estratégias de leitura,"Compreensão geral e específica: leitura rápida (skimming, scanning)",CURRICULO_REFERENCIA_MS_EF_V1_10,CURRICULO_COMPLETO,CURRICULO_REFERENCIA_MS_EF_V1_10,402
EF_AF,EF6,CURRICULAR,Língua Inglesa,LI,MS.EF06LI09.s.12,Localizar informações específicas em texto.,Estratégias de leitura Unidades Temáticas,"Compreensão geral e específica: leitura rápida (skimming, scanning) Objetos de Conhecimento",CURRICULO_REFERENCIA_MS_EF_V1_10,CURRICULO_COMPLETO,CURRICULO_REFERENCIA_MS_EF_V1_10,402
EF_AF,EF6,CURRICULAR,Língua Inglesa,LI,MS.EF06LI10.s.13,e Conhecer a organização de um dicionário bilíngue (impresso e/ou on-line) para construir repertório lexical.,Práticas de leitura e construção de repertório lexical,Construção de repertório lexical autonomia leitora,CURRICULO_REFERENCIA_MS_EF_V1_10,CURRICULO_COMPLETO,CURRICULO_REFERENCIA_MS_EF_V1_10,403
EF_AF,EF6,CURRICULAR,Língua Inglesa,LI,MS.EF06LI11.s.14,e Explorar ambientes virtuais e/ou aplicativos para construir repertório lexical na Língua Inglesa.,Práticas de leitura e construção de repertório lexical,Construção de repertório lexical autonomia leitora,CURRICULO_REFERENCIA_MS_EF_V1_10,CURRICULO_COMPLETO,CURRICULO_REFERENCIA_MS_EF_V1_10,403
EF_AF,EF6,CURRICULAR,Língua Inglesa,LI,MS.EF06LI12.s.15,"Interessar-se pelo texto lido, compartilhando suas ideias sobre o que o texto informa/comunica. ESCRITA",Atitudes e disposições favoráveis do leitor,"Partilha de leitura, com mediação do professor",CURRICULO_REFERENCIA_MS_EF_V1_10,CURRICULO_COMPLETO,CURRICULO_REFERENCIA_MS_EF_V1_10,403
EF_AF,EF6,CURRICULAR,Língua Inglesa,LI,MS.EF06LI13.s.16,"Listar ideias para a produção de textos, levando em conta o tema e o assunto.",Estratégias de escrita: pré-escrita,Planejamento do texto: brainstorming,CURRICULO_REFERENCIA_MS_EF_V1_10,CURRICULO_COMPLETO,CURRICULO_REFERENCIA_MS_EF_V1_10,403
EF_AF,EF6,CURRICULAR,Língua Inglesa,LI,MS.EF06LI14.s.17,"Organizar ideias, selecionando-as em função da estrutura e do objetivo do texto.",Estratégias de escrita: pré-escrita,Planejamento do texto: organização de ideias,CURRICULO_REFERENCIA_MS_EF_V1_10,CURRICULO_COMPLETO,CURRICULO_REFERENCIA_MS_EF_V1_10,403
EF_AF,EF6,CURRICULAR,Língua Inglesa,LI,MS.EF06LI15.s.18,"Produzir textos escritos em Língua Inglesa (histórias em do quadrinhos, cartazes, chats, blogues, agendas, fotolegendas, entre outros), sobre si mesmo, sua família, seus amigos, gostos, preferências e rotinas, sua comunidade e seu contexto escolar. CONHECIMENTOS LINGUÍSTICOS",Práticas de escrita,"Produção de textos escritos, em formatos diversos, com a mediação professor.",CURRICULO_REFERENCIA_MS_EF_V1_10,CURRICULO_COMPLETO,CURRICULO_REFERENCIA_MS_EF_V1_10,403
EF_AF,EF6,CURRICULAR,Língua Inglesa,LI,MS.EF06LI16.s.19,Construir repertório relativo às expressões usadas para o convívio social e o uso da Língua Inglesa em sala de aula.,Estudo do léxico Unidades Temáticas,Construção de repertório lexical Objetos de Conhecimento,CURRICULO_REFERENCIA_MS_EF_V1_10,CURRICULO_COMPLETO,CURRICULO_REFERENCIA_MS_EF_V1_10,403
EF_AF,EF6,CURRICULAR,Língua Inglesa,LI,MS.EF06LI17.s.20,"Construir repertório lexical relativo a temas familiares (escola, família, rotina diária, atividades de lazer, esportes, entre outros).",Estudo do léxico,Construção de repertório lexical,CURRICULO_REFERENCIA_MS_EF_V1_10,CURRICULO_COMPLETO,CURRICULO_REFERENCIA_MS_EF_V1_10,404
EF_AF,EF6,CURRICULAR,Língua Inglesa,LI,MS.EF06LI18.s.21,Reconhecer semelhanças e diferenças na pronúncia de palavras da Língua Inglesa e da língua materna e/ou outras línguas conhecidas.,Estudo do léxico,Pronúncia,CURRICULO_REFERENCIA_MS_EF_V1_10,CURRICULO_COMPLETO,CURRICULO_REFERENCIA_MS_EF_V1_10,404
EF_AF,EF6,CURRICULAR,Língua Inglesa,LI,MS.EF06LI21.s.25,"Reconhecer o uso do imperativo em enunciados de atividades, comandos e instruções.",Gramática,Imperativo,CURRICULO_REFERENCIA_MS_EF_V1_10,CURRICULO_COMPLETO,CURRICULO_REFERENCIA_MS_EF_V1_10,404
EF_AF,EF6,CURRICULAR,Língua Inglesa,LI,MS.EF06LI22.s.26,Descrever relações por meio do uso de apóstrofo (’) + s.,Gramática Unidades Temáticas,Caso genitivo (‘s) Objetos de Conhecimento,CURRICULO_REFERENCIA_MS_EF_V1_10,CURRICULO_COMPLETO,CURRICULO_REFERENCIA_MS_EF_V1_10,404
EF_AF,EF6,CURRICULAR,Língua Inglesa,LI,MS.EF06LI23.s.27,"Empregar, de forma inteligível, os adjetivos possessivos. DIMENSÃO INTERCULTURAL",Gramática,Adjetivos possessivos,CURRICULO_REFERENCIA_MS_EF_V1_10,CURRICULO_COMPLETO,CURRICULO_REFERENCIA_MS_EF_V1_10,405
EF_AF,EF6,CURRICULAR,Língua Inglesa,LI,MS.EF06LI24.s.28,Investigar o alcance da Língua Inglesa no mundo: como língua materna e/ou oficial (primeira ou segunda língua).,A Língua Inglesa no mundo,Países que têm a Língua Inglesa como língua materna e/ou oficial,CURRICULO_REFERENCIA_MS_EF_V1_10,CURRICULO_COMPLETO,CURRICULO_REFERENCIA_MS_EF_V1_10,405
EF_AF,EF6,CURRICULAR,Língua Inglesa,LI,MS.EF06LI25.s.29,"Identificar a presença da Língua Inglesa na sociedade brasileira/comunidade (palavras, expressões, suportes e esferas de circulação e consumo) e seu significado.",A Língua Inglesa no cotidiano da sociedade brasileira/comunidade,Presença da Língua Inglesa no cotidiano,CURRICULO_REFERENCIA_MS_EF_V1_10,CURRICULO_COMPLETO,CURRICULO_REFERENCIA_MS_EF_V1_10,405
EF_AF,EF6,CURRICULAR,Língua Inglesa,LI,MS.EF06LI26.s.30,"Avaliar, problematizando elementos/produtos culturais de países de Língua Inglesa absorvidos pela sociedade brasileira/comunidade.",A Língua Inglesa no cotidiano da sociedade brasileira/comunidade,Presença da Língua Inglesa no cotidiano,CURRICULO_REFERENCIA_MS_EF_V1_10,CURRICULO_COMPLETO,CURRICULO_REFERENCIA_MS_EF_V1_10,405
EF_AF,EF7,CURRICULAR,Língua Inglesa,LI,MS.EF07LI00.n.17,"Conhecer vocabulários voltados as datas, números, meses do ano, dias da semana, objetos antigos, vestimentas, termos tecnológicos, valores e ao regionalismo do estado de Mato Grosso do Sul e suas histórias, de forma a ampliar o repertório sociocultural.",Vocabulário,Histórias de vida,CURRICULO_REFERENCIA_MS_EF_V1_10,CURRICULO_COMPLETO,CURRICULO_REFERENCIA_MS_EF_V1_10,408
EF_AF,EF7,CURRICULAR,Língua Inglesa,LI,MS.EF07LI01.s.01,"Interagir em situações de intercâmbio oral para realizar as atividades em sala de aula, de forma respeitosa e colaborativa, trocando ideias e engajando-se em brincadeiras e jogos.",Interação discursiva,Funções e usos da Língua Inglesa: convivência e colaboração em sala de aula,CURRICULO_REFERENCIA_MS_EF_V1_10,CURRICULO_COMPLETO,CURRICULO_REFERENCIA_MS_EF_V1_10,406
EF_AF,EF7,CURRICULAR,Língua Inglesa,LI,MS.EF07LI02.s.02,Entrevistar os colegas para conhecer suas histórias de vida.,Interação discursiva,Práticas investigativas,CURRICULO_REFERENCIA_MS_EF_V1_10,CURRICULO_COMPLETO,CURRICULO_REFERENCIA_MS_EF_V1_10,406
EF_AF,EF7,CURRICULAR,Língua Inglesa,LI,MS.EF07LI03.s.03,Mobilizar conhecimentos prévios para compreender texto oral.,Compreensão oral,Estratégias de compreensão de textos orais: conhecimentos prévios,CURRICULO_REFERENCIA_MS_EF_V1_10,CURRICULO_COMPLETO,CURRICULO_REFERENCIA_MS_EF_V1_10,406
EF_AF,EF7,CURRICULAR,Língua Inglesa,LI,MS.EF07LI04.s.04,"Identificar o contexto, a finalidade, o assunto e os interlocutores em textos orais presentes no cinema, na internet, na televisão, entre outros.",Compreensão oral,Compreensão de textos orais de cunho descritivo ou narrativo,CURRICULO_REFERENCIA_MS_EF_V1_10,CURRICULO_COMPLETO,CURRICULO_REFERENCIA_MS_EF_V1_10,406
EF_AF,EF7,CURRICULAR,Língua Inglesa,LI,MS.EF07LI05.s.05,"Compor, em Língua Inglesa, narrativas orais sobre fatos, acontecimentos e personalidades marcantes do passado. LEITURA",Produção oral,"Produção de textos orais, com mediação do professor",CURRICULO_REFERENCIA_MS_EF_V1_10,CURRICULO_COMPLETO,CURRICULO_REFERENCIA_MS_EF_V1_10,406
EF_AF,EF7,CURRICULAR,Língua Inglesa,LI,MS.EF07LI06.s.06,"Antecipar o sentido global de textos em Língua Inglesa por inferências, com base em leitura rápida, observando títulos, primeiras e últimas frases de parágrafos e palavras-chave repetidas.",Estratégias de leitura Unidades Temáticas,"Compreensão geral e específica: leitura rápida (skimming, scanning) Objetos de Conhecimento",CURRICULO_REFERENCIA_MS_EF_V1_10,CURRICULO_COMPLETO,CURRICULO_REFERENCIA_MS_EF_V1_10,406
EF_AF,EF7,CURRICULAR,Língua Inglesa,LI,MS.EF07LI07.s.07,Identificar a(s) informação(ões)-chave de partes de um texto em Língua Inglesa (parágrafos).,Estratégias de leitura,"Compreensão geral e específica: leitura rápida (skimming, scanning)",CURRICULO_REFERENCIA_MS_EF_V1_10,CURRICULO_COMPLETO,CURRICULO_REFERENCIA_MS_EF_V1_10,407
EF_AF,EF7,CURRICULAR,Língua Inglesa,LI,MS.EF07LI08.s.08,Relacionar as partes de um texto (parágrafos) para construir seu sentido global.,Estratégias de leitura,Construção do sentido global do texto,CURRICULO_REFERENCIA_MS_EF_V1_10,CURRICULO_COMPLETO,CURRICULO_REFERENCIA_MS_EF_V1_10,407
EF_AF,EF7,CURRICULAR,Língua Inglesa,LI,MS.EF07LI09.s.09,"Selecionar, em um texto, a informação desejada como objetivo de leitura.",Práticas de leitura e pesquisa,Objetivos de leitura,CURRICULO_REFERENCIA_MS_EF_V1_10,CURRICULO_COMPLETO,CURRICULO_REFERENCIA_MS_EF_V1_10,407
EF_AF,EF7,CURRICULAR,Língua Inglesa,LI,MS.EF07LI10.s.10,"Escolher, em ambientes virtuais, textos em Língua Inglesa, de fontes confiáveis, para estudos/pesquisas escolares.",Práticas de leitura e pesquisa,Leitura de textos digitais para estudo,CURRICULO_REFERENCIA_MS_EF_V1_10,CURRICULO_COMPLETO,CURRICULO_REFERENCIA_MS_EF_V1_10,407
EF_AF,EF7,CURRICULAR,Língua Inglesa,LI,MS.EF07LI11.s.11,"Participar de troca de opiniões e informações sobre textos, lidos na sala de aula ou em outros ambientes. ESCRITA",Atitudes e disposições favoráveis do leitor,Partilha de leitura,CURRICULO_REFERENCIA_MS_EF_V1_10,CURRICULO_COMPLETO,CURRICULO_REFERENCIA_MS_EF_V1_10,407
EF_AF,EF7,CURRICULAR,Língua Inglesa,LI,MS.EF07LI12.s.12,"Planejar a escrita de textos em função do contexto (público, finalidade, layout e suporte).",Estratégias de escrita: préescrita e escrita Unidades Temáticas,"Pré-escrita: planejamento de produção escrita, com mediação do professor Objetos de Conhecimento",CURRICULO_REFERENCIA_MS_EF_V1_10,CURRICULO_COMPLETO,CURRICULO_REFERENCIA_MS_EF_V1_10,407
EF_AF,EF7,CURRICULAR,Língua Inglesa,LI,MS.EF07LI13.s.13,"Organizar texto em unidades de sentido, dividindo-o em parágrafos ou tópicos e subtópicos, explorando as possibilidades de organização gráfica, de suporte e de formato do texto.",Estratégias de escrita: préescrita e escrita,"Escrita: organização em parágrafos ou tópicos, com mediação do professor",CURRICULO_REFERENCIA_MS_EF_V1_10,CURRICULO_COMPLETO,CURRICULO_REFERENCIA_MS_EF_V1_10,408
EF_AF,EF7,CURRICULAR,Língua Inglesa,LI,MS.EF07LI14.s.14,"Produzir textos diversos sobre fatos, acontecimentos e personalidades do passado (linha do tempo/ timelines, biografias, verbetes de enciclopédias, blogues, entre outros). CONHECIMENTOS LINGUÍSTICOS",Práticas de escrita,"Produção de textos escritos, em formatos diversos, com mediação do professor",CURRICULO_REFERENCIA_MS_EF_V1_10,CURRICULO_COMPLETO,CURRICULO_REFERENCIA_MS_EF_V1_10,408
EF_AF,EF7,CURRICULAR,Língua Inglesa,LI,MS.EF07LI15.s.15,"Construir repertório lexical relativo a verbos regulares e irregulares (formas no passado), preposições de tempo (in, on, at) e conectores (and, but, because, then, so, before, after, entre outros).",Estudo do léxico,Construção de repertório lexical,CURRICULO_REFERENCIA_MS_EF_V1_10,CURRICULO_COMPLETO,CURRICULO_REFERENCIA_MS_EF_V1_10,408
EF_AF,EF7,CURRICULAR,Língua Inglesa,LI,MS.EF07LI16.s.16,Reconhecer a pronúncia de verbos regulares no passado (-ed).,Estudo do léxico,Pronúncia,CURRICULO_REFERENCIA_MS_EF_V1_10,CURRICULO_COMPLETO,CURRICULO_REFERENCIA_MS_EF_V1_10,408
EF_AF,EF7,CURRICULAR,Língua Inglesa,LI,MS.EF07LI17.s.18,Explorar o caráter polissêmico de palavras de acordo com o contexto de uso.,Estudo do léxico Unidades Temáticas,Polissemia Objetos de Conhecimento,CURRICULO_REFERENCIA_MS_EF_V1_10,CURRICULO_COMPLETO,CURRICULO_REFERENCIA_MS_EF_V1_10,408
EF_AF,EF7,CURRICULAR,Língua Inglesa,LI,MS.EF07LI18.s.19,"Utilizar o passado simples e o passado contínuo para produzir textos orais e escritos, mostrando relações de sequência e causalidade.",Gramática,"Passado simples e contínuo (formas afirmativa, negativa e interrogativa)",CURRICULO_REFERENCIA_MS_EF_V1_10,CURRICULO_COMPLETO,CURRICULO_REFERENCIA_MS_EF_V1_10,409
EF_AF,EF7,CURRICULAR,Língua Inglesa,LI,MS.EF07LI19.s.20,Discriminar sujeito de objeto utilizando pronomes a eles relacionados.,Gramática,Pronomes do caso reto e do caso oblíquo,CURRICULO_REFERENCIA_MS_EF_V1_10,CURRICULO_COMPLETO,CURRICULO_REFERENCIA_MS_EF_V1_10,409
EF_AF,EF7,CURRICULAR,Língua Inglesa,LI,MS.EF07LI20.s.21,"Empregar, de forma inteligível, o verbo modal can para descrever (no presente e no passado). DIMENSÃO INTERCULTURAL",Gramática,Verbo modal can (presente e passado),CURRICULO_REFERENCIA_MS_EF_V1_10,CURRICULO_COMPLETO,CURRICULO_REFERENCIA_MS_EF_V1_10,409
EF_AF,EF7,CURRICULAR,Língua Inglesa,LI,MS.EF07LI21.s.22,Analisar o alcance da Língua Inglesa e os seus contextos de uso no mundo globalizado.,A Língua Inglesa no mundo,A Língua Inglesa como língua global na sociedade contemporânea,CURRICULO_REFERENCIA_MS_EF_V1_10,CURRICULO_COMPLETO,CURRICULO_REFERENCIA_MS_EF_V1_10,409
EF_AF,EF7,CURRICULAR,Língua Inglesa,LI,MS.EF07LI22.s.23,"Explorar modos de falar em Língua Inglesa, refutando preconceitos e reconhecendo a variação linguística como fenômeno natural das línguas.",Comunicação intercultural,Variação linguística,CURRICULO_REFERENCIA_MS_EF_V1_10,CURRICULO_COMPLETO,CURRICULO_REFERENCIA_MS_EF_V1_10,409
EF_AF,EF7,CURRICULAR,Língua Inglesa,LI,MS.EF07LI23.s.24,Reconhecer a variação linguística como manifestação de formas de pensar e expressar o mundo.,Comunicação intercultural,Variação linguística,CURRICULO_REFERENCIA_MS_EF_V1_10,CURRICULO_COMPLETO,CURRICULO_REFERENCIA_MS_EF_V1_10,409
EF_AF,EF8,CURRICULAR,Língua Inglesa,LI,MS.EF08LI00.n.21,"Explorar informações a respeito do estado de Mato Grosso do Sul acerca de temas voltados à história do estado, com o intuito de fazer planos, previsões para a melhoria do mesmo, oportunizando sentido de pertencimento e valorização do estado.",Comunicação intercultural,Valorização cultural regional,CURRICULO_REFERENCIA_MS_EF_V1_10,CURRICULO_COMPLETO,CURRICULO_REFERENCIA_MS_EF_V1_10,413
EF_AF,EF8,CURRICULAR,Língua Inglesa,LI,MS.EF08LI01.s.01,"Fazer uso da Língua Inglesa para resolver malentendidos, emitir opiniões e esclarecer informações por meio de paráfrases ou justificativas.",Interação discursiva,Negociação de sentidos (malentendidos no uso da Língua Inglesa e conflito de opiniões),CURRICULO_REFERENCIA_MS_EF_V1_10,CURRICULO_COMPLETO,CURRICULO_REFERENCIA_MS_EF_V1_10,410
EF_AF,EF8,CURRICULAR,Língua Inglesa,LI,MS.EF08LI02.s.02,"Explorar o uso de recursos linguísticos (frases incompletas, hesitações, entre outros) e paralinguísticos (gestos, expressões faciais, entre outros) em situações de interação oral.",Interação discursiva,Usos de recursos linguísticos e paralinguísticos no intercâmbio oral,CURRICULO_REFERENCIA_MS_EF_V1_10,CURRICULO_COMPLETO,CURRICULO_REFERENCIA_MS_EF_V1_10,410
EF_AF,EF8,CURRICULAR,Língua Inglesa,LI,MS.EF08LI03.s.03,"Construir o sentido global de textos orais, relacionando suas partes, o assunto principal e informações relevantes.",Compreensão oral,"Compreensão de textos orais, multimodais, de cunho informativo/jornalístico",CURRICULO_REFERENCIA_MS_EF_V1_10,CURRICULO_COMPLETO,CURRICULO_REFERENCIA_MS_EF_V1_10,410
EF_AF,EF8,CURRICULAR,Língua Inglesa,LI,MS.EF08LI04.s.04,"Utilizar recursos e repertório linguísticos apropriados para informar/comunicar/falar do futuro: planos, previsões, possibilidades e probabilidades. LEITURA",Produção oral,Produção de textos orais com autonomia,CURRICULO_REFERENCIA_MS_EF_V1_10,CURRICULO_COMPLETO,CURRICULO_REFERENCIA_MS_EF_V1_10,410
EF_AF,EF8,CURRICULAR,Língua Inglesa,LI,MS.EF08LI05.s.05,Inferir informações e relações que não aparecem de modo explícito no texto para construção de sentidos.,Estratégias de leitura,Construção de sentidos por meio de inferências e reconhecimento de implícitos,CURRICULO_REFERENCIA_MS_EF_V1_10,CURRICULO_COMPLETO,CURRICULO_REFERENCIA_MS_EF_V1_10,410
EF_AF,EF8,CURRICULAR,Língua Inglesa,LI,MS.EF08LI06.s.06,"Apreciar textos narrativos em Língua Inglesa (contos, romances, entre outros, em versão original ou simplificada), como forma de valorizar o patrimônio cultural produzido em Língua Inglesa.",Práticas de leitura e fruição Unidades Temáticas,Leitura de textos de cunho artístico/literário Objetos de Conhecimento,CURRICULO_REFERENCIA_MS_EF_V1_10,CURRICULO_COMPLETO,CURRICULO_REFERENCIA_MS_EF_V1_10,410
EF_AF,EF8,CURRICULAR,Língua Inglesa,LI,MS.EF08LI07.s.07,Explorar ambientes virtuais e/ou aplicativos para acessar e usufruir do patrimônio artístico literário em Língua Inglesa.,Práticas de leitura e fruição,Leitura de textos de cunho artístico/literário,CURRICULO_REFERENCIA_MS_EF_V1_10,CURRICULO_COMPLETO,CURRICULO_REFERENCIA_MS_EF_V1_10,411
EF_AF,EF8,CURRICULAR,Língua Inglesa,LI,MS.EF08LI08.s.08,"Analisar, criticamente, o conteúdo de textos, comparando diferentes perspectivas apresentadas sobre um mesmo assunto. ESCRITA",Avaliação dos textos lidos,Reflexão pós-leitura,CURRICULO_REFERENCIA_MS_EF_V1_10,CURRICULO_COMPLETO,CURRICULO_REFERENCIA_MS_EF_V1_10,411
EF_AF,EF8,CURRICULAR,Língua Inglesa,LI,MS.EF08LI09.s.09,"Avaliar a própria produção escrita e a de colegas, com base no contexto de comunicação (finalidade e adequação ao público, conteúdo a ser comunicado, organização textual, legibilidade, estrutura de frases).",Estratégias de escrita: escrita e pósescrita,Revisão de textos com a mediação do professor,CURRICULO_REFERENCIA_MS_EF_V1_10,CURRICULO_COMPLETO,CURRICULO_REFERENCIA_MS_EF_V1_10,411
EF_AF,EF8,CURRICULAR,Língua Inglesa,LI,MS.EF08LI10.s.10,"Reconstruir o texto, com cortes, acréscimos, reformulações e correções, para aprimoramento, edição e publicação final.",Estratégias de escrita: escrita e pósescrita,Revisão de textos com a mediação do professor,CURRICULO_REFERENCIA_MS_EF_V1_10,CURRICULO_COMPLETO,CURRICULO_REFERENCIA_MS_EF_V1_10,411
EF_AF,EF8,CURRICULAR,Língua Inglesa,LI,MS.EF08LI11.s.11,"Produzir textos (comentários em fóruns, relatos pessoais, mensagens instantâneas, tweets, reportagens, histórias de ficção, blogues, entre outros), com o uso de estratégias de escrita (planejamento, produção de rascunho, revisão e edição final), apontando sonhos e projetos para o futuro (pessoal, da família, da comunidade ou do planeta). CONHECIMENTOS LINGUÍSTICOS",Práticas de escrita,Produção de textos escritos com mediação do professor/ colegas,CURRICULO_REFERENCIA_MS_EF_V1_10,CURRICULO_COMPLETO,CURRICULO_REFERENCIA_MS_EF_V1_10,411
EF_AF,EF8,CURRICULAR,Língua Inglesa,LI,MS.EF08LI12.s.12,"Construir repertório lexical relativo a planos, previsões e expectativas para o futuro.",Estudo do léxico Unidades Temáticas,Construção de repertório lexical Objetos de Conhecimento,CURRICULO_REFERENCIA_MS_EF_V1_10,CURRICULO_COMPLETO,CURRICULO_REFERENCIA_MS_EF_V1_10,411
EF_AF,EF8,CURRICULAR,Língua Inglesa,LI,MS.EF08LI13.s.13,Reconhecer sufixos e prefixos comuns utilizados na formação de palavras em Língua Inglesa.,Estudo do léxico,Formação de palavras: prefixos e sufixos,CURRICULO_REFERENCIA_MS_EF_V1_10,CURRICULO_COMPLETO,CURRICULO_REFERENCIA_MS_EF_V1_10,412
EF_AF,EF8,CURRICULAR,Língua Inglesa,LI,MS.EF08LI14.s.14,Utilizar formas verbais do futuro para descrever planos e expectativas e fazer previsões.,Gramática,Verbos para indicar o futuro,CURRICULO_REFERENCIA_MS_EF_V1_10,CURRICULO_COMPLETO,CURRICULO_REFERENCIA_MS_EF_V1_10,412
EF_AF,EF8,CURRICULAR,Língua Inglesa,LI,MS.EF08LI15.s.15,"Utilizar, de modo inteligível, as formas comparativas e superlativas de adjetivos para comparar qualidades e quantidades.",Gramática,Comparativos e superlativos,CURRICULO_REFERENCIA_MS_EF_V1_10,CURRICULO_COMPLETO,CURRICULO_REFERENCIA_MS_EF_V1_10,412
EF_AF,EF8,CURRICULAR,Língua Inglesa,LI,MS.EF08LI16.s.16,"Utilizar, de modo inteligível, corretamente, some, any, many, much.",Gramática,Quantificadores,CURRICULO_REFERENCIA_MS_EF_V1_10,CURRICULO_COMPLETO,CURRICULO_REFERENCIA_MS_EF_V1_10,412
EF_AF,EF8,CURRICULAR,Língua Inglesa,LI,MS.EF08LI17.s.17,"Empregar, de modo inteligível, os pronomes relativos (who, which, that, whose) para construir períodos compostos por subordinação. DIMENSÃO INTERCULTURAL",Gramática,Pronomes relativos,CURRICULO_REFERENCIA_MS_EF_V1_10,CURRICULO_COMPLETO,CURRICULO_REFERENCIA_MS_EF_V1_10,412
EF_AF,EF8,CURRICULAR,Língua Inglesa,LI,MS.EF08LI18.s.18,"Construir repertório cultural por meio do contato com manifestações artísticoculturais vinculadas à Língua Inglesa (artes plásticas e visuais, literatura, música, cinema, dança, festividades, entre outros), valorizando a diversidade entre culturas.",Manifestações culturais Unidades Temáticas,Construção de repertório artísticocultural Objetos de Conhecimento,CURRICULO_REFERENCIA_MS_EF_V1_10,CURRICULO_COMPLETO,CURRICULO_REFERENCIA_MS_EF_V1_10,412
EF_AF,EF8,CURRICULAR,Língua Inglesa,LI,MS.EF08LI19.s.19,"Investigar de que forma expressões, gestos e comportamentos são interpretados em função de aspectos culturais.",Comunicação intercultural,Impacto de aspectos culturais na comunicação,CURRICULO_REFERENCIA_MS_EF_V1_10,CURRICULO_COMPLETO,CURRICULO_REFERENCIA_MS_EF_V1_10,413
EF_AF,EF8,CURRICULAR,Língua Inglesa,LI,MS.EF08LI20.s.20,Examinar fatores que podem impedir o entendimento entre pessoas de culturas diferentes que falam a Língua Inglesa.,Comunicação intercultural,Impacto de aspectos culturais na comunicação,CURRICULO_REFERENCIA_MS_EF_V1_10,CURRICULO_COMPLETO,CURRICULO_REFERENCIA_MS_EF_V1_10,413
EF_AF,EF9,CURRICULAR,Língua Inglesa,LI,MS.EF09LI00.n.13,"Conhecer vocabulário de modo a ampliar o repertório sociocultural a respeito da influência social, cultural, econômica e política nas esferas internacional, nacional e/ou regional.",Vocabulário,Influência Mundial,CURRICULO_REFERENCIA_MS_EF_V1_10,CURRICULO_COMPLETO,CURRICULO_REFERENCIA_MS_EF_V1_10,415
EF_AF,EF9,CURRICULAR,Língua Inglesa,LI,MS.EF09LI00.n.16,"Empregar, de modo inteligível, a forma verbal do Present Perfect Tense",Gramática,Present Perfect tense,CURRICULO_REFERENCIA_MS_EF_V1_10,CURRICULO_COMPLETO,CURRICULO_REFERENCIA_MS_EF_V1_10,416
EF_AF,EF9,CURRICULAR,Língua Inglesa,LI,MS.EF09LI00.n.22,"Conhecer e refletir a respeito da influência da Língua Inglesa e sua contribuição para o Estado de Mato Grosso do Sul “As línguas são a própria extensão apropria. Logo quem tramita própria identidade. Dito de nova está a Língua Espanhola está em segundo lugar como política, diplomacia, economia oficial de quatro países, que fazem fronteira com desse idioma. Dessa forma, ou interagir efetivamente Espanhola no Currículo de forma efetiva na de estabelecer pontes interculturais a construção da autonomia para continuar seu aprendizado. de referência para o conhecimento interagir com estrangeiros e culturais e conviver bem e também sentimentos entre as duas línguas primeiro instante, representar A longo prazo, no entanto, modo, ao selecionar o e sim proporcionar uma soluções para as interferências. se dá em todas os campos, mas quando se observa que, por vezes, pela falta a essa problemática, o se tenha pouca divergência, Quanto às modalidades já a fala oferece da “norma culta” maior é também forma, o desafio do professor a favor da aprendizagem dificultar o conhecimento da Língua Espanhola para econômica. Assim, segundo “reduz expressivamente o domínio de uma outros ideais, pois o sobre a sua língua Com esta postura, o o aprendizado efetivo de comunicação “só a usamos não de forma mecânica, 2005, p. 63). Grosso do Sul concorda com uma língua estrangeira, alardear os livros introdutórios. Logo quem transita forma, quem aprende uma em adquirir um instrumento de uma língua distinta Goettenauer (2005, p. 64). se expressar e admitir sem preconceito ou julgamentos, espanhóis, mas, principalmente, históricos e realidades atuais dois aspectos no aprendizado aprendizado de línguas tem o segundo diz respeito cultura diversa que pode proporciona contexto, de um ensino às necessidades de um estudante da língua, que com a sua própria cultura, construção de conhecimento, estratégias que possibilitem e compreender” e adentrar refere à formação de um para, até mesmo por de Língua Espanhola e do outro em um mundo a aprendizagem da Língua inclusive no que concerne a expansão da harmonia Espanhola, por meio do como ferramenta e de possibilidades para exercício do protagonismo diferenças entre a Língua sociais, culturais e e a complexidade da Língua Reconhecer a especificidade da ilusão da homogeneidade inserida no processo de ensino da Língua países latino-americanos de um mesmo país, valorizar os usos heterogêneos, com novas linguagens posicionar-se e produzir ética, crítica e responsável, da língua. culturais, materiais da fruição e da ampliação de fronteira mediante as culturas, o reconhecimento do diferente como tal. Objetos de Conhecimento,","Comunicação intercultural 8.3.6 - Língua Dentre as muitas importância internacional, e é a terceira língua inglês e francês. Mercosul, e de quase do Ensino Médio ao maior mercado Objetiva-se, com possibilitar ao estudante diversos países hispanos cultura, bem como desenvolvimento reconhecer o próprio uma noção de identidade admitindo as diferenças discriminação; e expressar Segundo Alcaraz vantagem inicial, estudo sistematizado em adquirir seu considerar este aprendiz desestimular sua Em contrapartida, proximidade está fidelidade com o mediante exercícios híbrida. Já no campo dificultar uma aprendizagem conservadora, apresenta quanto mais os falantes e o inverso também essa proximidade elemento que venha esse “limbo interlingual”. Diante do exposto, quantidades de falantes apenas o mercado que significa em admitir que o aprendizado estudante uma oportunidade melhorar suas condições em relação ao estudo, ser internalizado, apoderamos dessa mas sim de modo O Currículo de Referência refere aos objetivos de comunicação, das identidades de sua própria identidade. uma nova pessoa. Sendo assim, não estudar, relacionar-se, lentes para mirar idioma uma afetividade diferentes e aceitar do outro, representado com os quais “compartilhamos 2005, p. 64). Evidenciam-se, segundo aperfeiçoamento quem deseja se possibilidade de cultura do aprendiz. sujeito crítico, aquele trabalho. Pretende-se, além interculturais e estabelecer mais de investigação processo. Assim, cabe ao suficiente para verdadeiramente usufruir do contato mesmo. 8.3.6.1 Competências 1. Identificar criticamente, sujeito com os 2. Comunicar-se impressas ampliação de outras 3. Identificar línguas, entre língua, 4. Reconhecer de competência Espanhola, competência 5. Elaborar com ênfase grupos linguística nas sociedades 6. Utilizar selecionar, Língua em relação 7. Conhecer hispânico, diferentes 8. Conhecer negociação respeito 8.3.6.2 Eixo, Unidades","Influência da Língua Inglesa: contexto estadual e regional Espanhola sua razões para aprender já que ela internacional da Além disso, é a língua todos os países - Enem traz questões da América do Sul a oferta da Língua expressar-se como forma contribuir para de competências país como ponto e pertencimento; individuais ideias, opiniões (2005), a proximidade que pode, em um do espanhol. domínio pleno. Desse um iniciante, aprendizagem e buscar a semelhança não no campo lexical, latim. Disso resulta mais direcionados fonológico, embora mais apurada. maior semelhança, se afastam acontece. Desta entre as línguas facilitar e não pensar o ensino e importância de trabalho em ascensão nosso universo globalizado pressupõe de refletir de letramento. ocorrendo, assim, e usá-lo como veículo segunda língua e criativo” (Goettenauer, de Mato para o estudo de como costumam quem delas se apropria. Dito de outra ” se deve limitar apenas pois “Apropriar-se o mundo”, segundo que possibilita essas diferenças não só pelos fatos Sedycias (2005), profissional, pois o destacar no mercado; contato com uma Necessita-se, nesse que melhor atenda de aproximar o relações e também de professor elaborar ser compreendido eficiente no que se com outras culturas Específicas o lugar de si sobre como no mundo globalizado, países vizinhos promovendo na Língua ou digitais, reconhecendo-a das perspectivas culturas e para o similaridades e articulando-as a aspectos cultura e identidade. a especificidade espontânea. desfazendo-se espontânea repertórios linguístico-discursivos primordial aos sociais distintos dentro como direito e contemporâneas. novas tecnologias, compartilhar, Espanhola, de forma à aprendizagem diferentes patrimônios com vistas ao exercício manifestações artístico-culturais. e valorizar a cultura e o diálogo entre mútuo e a valorização Temáticas,",CURRICULO_REFERENCIA_MS_EF_V1_10,CURRICULO_COMPLETO,CURRICULO_REFERENCIA_MS_EF_V1_10,416
EF_AF,EF9,CURRICULAR,Língua Inglesa,LI,MS.EF09LI01.s.01,"Fazer uso da Língua Inglesa para expor pontos de vista, argumentos e contraargumentos, considerando o contexto e os recursos linguísticos voltados para a eficácia da comunicação.",Interação discursiva,Funções e usos da Língua Inglesa: persuasão,CURRICULO_REFERENCIA_MS_EF_V1_10,CURRICULO_COMPLETO,CURRICULO_REFERENCIA_MS_EF_V1_10,413
EF_AF,EF9,CURRICULAR,Língua Inglesa,LI,MS.EF09LI02.s.02,Compilar as ideias-chave de textos por meio de tomada de notas.,Compreensão oral Unidades Temáticas,"Compreensão de textos orais, multimodais, de cunho argumentativo Objetos de Conhecimento",CURRICULO_REFERENCIA_MS_EF_V1_10,CURRICULO_COMPLETO,CURRICULO_REFERENCIA_MS_EF_V1_10,413
EF_AF,EF9,CURRICULAR,Língua Inglesa,LI,MS.EF09LI03.s.03,Analisar posicionamentos defendidos e refutados em textos orais sobre temas de interesse social e coletivo.,Compreensão oral,"Compreensão de textos orais, multimodais, de cunho argumentativo",CURRICULO_REFERENCIA_MS_EF_V1_10,CURRICULO_COMPLETO,CURRICULO_REFERENCIA_MS_EF_V1_10,414
EF_AF,EF9,CURRICULAR,Língua Inglesa,LI,MS.EF09LI04.s.04,"Expor resultados de pesquisa ou estudo com o apoio de recursos, tais como notas, gráficos, tabelas, entre outros, adequando as estratégias de construção do texto oral aos objetivos de comunicação e ao contexto. LEITURA",Produção oral,Produção de textos orais com autonomia,CURRICULO_REFERENCIA_MS_EF_V1_10,CURRICULO_COMPLETO,CURRICULO_REFERENCIA_MS_EF_V1_10,414
EF_AF,EF9,CURRICULAR,Língua Inglesa,LI,MS.EF09LI05.s.05,"Identificar recursos de persuasão (escolha e jogo de palavras, uso de cores e imagens, tamanho de letras), utilizados nos textos publicitários e de propaganda, como elementos de convencimento.",Estratégias de leitura,Recursos de persuasão,CURRICULO_REFERENCIA_MS_EF_V1_10,CURRICULO_COMPLETO,CURRICULO_REFERENCIA_MS_EF_V1_10,414
EF_AF,EF9,CURRICULAR,Língua Inglesa,LI,MS.EF09LI06.s.06,Distinguir fatos de opiniões em textos argumentativos da esfera jornalística.,Estratégias de leitura,Recursos de argumentação,CURRICULO_REFERENCIA_MS_EF_V1_10,CURRICULO_COMPLETO,CURRICULO_REFERENCIA_MS_EF_V1_10,414
EF_AF,EF9,CURRICULAR,Língua Inglesa,LI,MS.EF09LI07.s.07,Identificar argumentos princ. ipais e as evidências/exemplos que os sustentam.,Estratégias de leitura,Recursos de argumentação,CURRICULO_REFERENCIA_MS_EF_V1_10,CURRICULO_COMPLETO,CURRICULO_REFERENCIA_MS_EF_V1_10,414
EF_AF,EF9,CURRICULAR,Língua Inglesa,LI,MS.EF09LI08.s.08,"Explorar ambientes virtuais de informação e socialização, analisando a qualidade e a validade das informações veiculadas.",Práticas de leitura e novas tecnologias,Informações em ambientes virtuais,CURRICULO_REFERENCIA_MS_EF_V1_10,CURRICULO_COMPLETO,CURRICULO_REFERENCIA_MS_EF_V1_10,414
EF_AF,EF9,CURRICULAR,Língua Inglesa,LI,MS.EF09LI09.s.09,"Compartilhar, com os colegas, a leitura dos textos escritos pelo grupo, valorizando os diferentes pontos de vista defendidos, com ética e respeito. ESCRITA",Avaliação dos textos lidos Unidades Temáticas,Reflexão pós-leitura Objetos de Conhecimento,CURRICULO_REFERENCIA_MS_EF_V1_10,CURRICULO_COMPLETO,CURRICULO_REFERENCIA_MS_EF_V1_10,414
EF_AF,EF9,CURRICULAR,Língua Inglesa,LI,MS.EF09LI10.s.10,"Propor potenciais argumentos para expor e defender ponto de vista em texto escrito, refletindo sobre o tema proposto e pesquisando dados, evidências e exemplos para sustentar os argumentos, organizando-os em sequência lógica.",Estratégias de escrita,Escrita: construção da argumentação,CURRICULO_REFERENCIA_MS_EF_V1_10,CURRICULO_COMPLETO,CURRICULO_REFERENCIA_MS_EF_V1_10,415
EF_AF,EF9,CURRICULAR,Língua Inglesa,LI,MS.EF09LI11.s.11,"Utilizar recursos verbais e não verbais para construção da persuasão em textos da esfera publicitária, de forma adequada ao contexto de circulação (produção e compreensão).",Estratégias de escrita,Escrita: construção da persuasão,CURRICULO_REFERENCIA_MS_EF_V1_10,CURRICULO_COMPLETO,CURRICULO_REFERENCIA_MS_EF_V1_10,415
EF_AF,EF9,CURRICULAR,Língua Inglesa,LI,MS.EF09LI12.s.12,"Produzir textos (infográficos, fóruns de discussão on-line, fotorreportagens, campanhas publicitárias, memes, entre outros) sobre temas de interesse coletivo local ou global, que revelem posicionamento crítico. CONHECIMENTOS LINGUÍSTICOS",Práticas de escrita,"Produção de textos escritos, com mediação do professor/colegas",CURRICULO_REFERENCIA_MS_EF_V1_10,CURRICULO_COMPLETO,CURRICULO_REFERENCIA_MS_EF_V1_10,415
EF_AF,EF9,CURRICULAR,Língua Inglesa,LI,MS.EF09LI13.s.14,"Reconhecer, nos novos gêneros digitais (blogues, mensagens instantâneas, tweets, entre outros), novas formas de escrita (abreviação de palavras, palavras com combinação de letras e números, pictogramas, símbolos gráficos, entre outros) na constituição das mensagens.",Estudo do léxico,Usos de linguagem em meio digital: “internetês”,CURRICULO_REFERENCIA_MS_EF_V1_10,CURRICULO_COMPLETO,CURRICULO_REFERENCIA_MS_EF_V1_10,415
EF_AF,EF9,CURRICULAR,Língua Inglesa,LI,MS.EF09LI14.s.15,"Utilizar conectores indicadores de adição, condição, oposição, contraste, conclusão e síntese como auxiliares na construção da argumentação e intencionalidade discursiva.",Estudo do léxico Unidades Temáticas,Conectores (linking words) Objetos de Conhecimento,CURRICULO_REFERENCIA_MS_EF_V1_10,CURRICULO_COMPLETO,CURRICULO_REFERENCIA_MS_EF_V1_10,415
EF_AF,EF9,CURRICULAR,Língua Inglesa,LI,MS.EF09LI15.s.17,"Empregar, de modo inteligível, as formas verbais em orações condicionais dos tipos 1 e 2 (If-clauses).",Gramática,Orações condicionais (tipos 1 e 2),CURRICULO_REFERENCIA_MS_EF_V1_10,CURRICULO_COMPLETO,CURRICULO_REFERENCIA_MS_EF_V1_10,416
EF_AF,EF9,CURRICULAR,Língua Inglesa,LI,MS.EF09LI16.s.18,"Empregar, de modo inteligível, os verbos should, must, have to, may e might para indicar recomendação, necessidade ou obrigação e probabilidade.",Gramática,"Verbos modais: should, must, have to, may e might",CURRICULO_REFERENCIA_MS_EF_V1_10,CURRICULO_COMPLETO,CURRICULO_REFERENCIA_MS_EF_V1_10,416
EF_AF,EF9,CURRICULAR,Língua Inglesa,LI,MS.EF09LI17.s.19,"Debater sobre a expansão da Língua Inglesa pelo mundo, em função do processo de colonização nas Américas, África, Ásia e Oceania. DIMENSÃO INTERCULTURAL",Gramática,Expansão da Língua Inglesa: contexto histórico,CURRICULO_REFERENCIA_MS_EF_V1_10,CURRICULO_COMPLETO,CURRICULO_REFERENCIA_MS_EF_V1_10,416
EF_AF,EF9,CURRICULAR,Língua Inglesa,LI,MS.EF09LI18.s.20,"Analisar a importância da Língua Inglesa para o desenvolvimento das ciências (produção, divulgação e discussão de novos conhecimentos), da economia e da política no cenário mundial.",A Língua Inglesa no mundo,"A Língua Inglesa e seu papel no intercâmbio científico, econômico e político",CURRICULO_REFERENCIA_MS_EF_V1_10,CURRICULO_COMPLETO,CURRICULO_REFERENCIA_MS_EF_V1_10,416
EF_AF,EF9,CURRICULAR,Língua Inglesa,LI,MS.EF09LI19.s.21,Discutir a comunicação intercultural por meio da Língua Inglesa como mecanismo de valorização pessoal e de construção de identidades no mundo globalizado.,A Língua Inglesa no mundo,Construção de identidades no mundo globalizado,CURRICULO_REFERENCIA_MS_EF_V1_10,CURRICULO_COMPLETO,CURRICULO_REFERENCIA_MS_EF_V1_10,416
EF_AF,EF6,CURRICULAR,Língua Portuguesa,LP,MS.EF06LP01.s.01,"Reconhecer a impossibilidade de uma neutralidade absoluta no relato de fatos e identificar diferentes graus de parcialidade/ imparcialidade dados pelo recorte feito e pelos efeitos de sentido advindos de escolhas feitas pelo autor, de forma a poder desenvolver uma atitude crítica frente aos textos jornalísticos e tornar-se consciente das escolhas feitas enquanto produtor de textos.",Leitura,"Reconstrução do contexto de produção, circulação e recepção de textos Caracterização do campo jornalístico e relação entre os gêneros em circulação, mídias e práticas da cultura digital",CURRICULO_REFERENCIA_MS_EF_V1_10,CURRICULO_COMPLETO,CURRICULO_REFERENCIA_MS_EF_V1_10,255
EF_AF,EF6,CURRICULAR,Língua Portuguesa,LP,MS.EF06LP02.s.02,"Estabelecer relação entre os diferentes gêneros jornalísticos, compreendendo a centralidade da notícia. TODOS OS CAMPOS DE ATUAÇÃO",Leitura,"Reconstrução do contexto de produção, circulação e recepção de textos Caracterização do campo jornalístico e relação entre os gêneros em circulação, mídias e práticas da cultura digital",CURRICULO_REFERENCIA_MS_EF_V1_10,CURRICULO_COMPLETO,CURRICULO_REFERENCIA_MS_EF_V1_10,255
EF_AF,EF6,CURRICULAR,Língua Portuguesa,LP,MS.EF06LP03.s.03,Analisar diferenças de sentido entre palavras de uma série sinonímica.,Análise linguística/semiót ica Práticas de Linguagem,Léxico/morfologia Objetos de Conhecimento,CURRICULO_REFERENCIA_MS_EF_V1_10,CURRICULO_COMPLETO,CURRICULO_REFERENCIA_MS_EF_V1_10,255
EF_AF,EF6,CURRICULAR,Língua Portuguesa,LP,MS.EF06LP04.s.04,"Analisar a função e as flexões de substantivos e adjetivos e de verbos nos modos Indicativo, Subjuntivo e Imperativo: afirmativo e negativo.",Análise linguística/semiót ica Práticas de Linguagem,Morfossintaxe,CURRICULO_REFERENCIA_MS_EF_V1_10,CURRICULO_COMPLETO,CURRICULO_REFERENCIA_MS_EF_V1_10,256
EF_AF,EF6,CURRICULAR,Língua Portuguesa,LP,MS.EF06LP05.s.05,"Identificar os efeitos de sentido dos modos verbais, considerando o gênero textual e a intenção comunicativa.",Práticas de Linguagem,Morfossintaxe Objetos de Conhecimento,CURRICULO_REFERENCIA_MS_EF_V1_10,CURRICULO_COMPLETO,CURRICULO_REFERENCIA_MS_EF_V1_10,256
EF_AF,EF6,CURRICULAR,Língua Portuguesa,LP,MS.EF06LP06.s.06,"Empregar, adequadamente, as regras de concordância nominal (relações entre os substantivos e seus determinantes) e as regras de concordância verbal (relações entre o verbo e o sujeito simples e composto).",Práticas de Linguagem,Morfossintaxe Objetos de Conhecimento,CURRICULO_REFERENCIA_MS_EF_V1_10,CURRICULO_COMPLETO,CURRICULO_REFERENCIA_MS_EF_V1_10,257
EF_AF,EF6,CURRICULAR,Língua Portuguesa,LP,MS.EF06LP07.s.07,"Identificar, em textos, períodos compostos por orações separadas por vírgula sem a utilização de conectivos, nomeando-os como períodos compostos por coordenação.",Práticas de Linguagem,Morfossintaxe,CURRICULO_REFERENCIA_MS_EF_V1_10,CURRICULO_COMPLETO,CURRICULO_REFERENCIA_MS_EF_V1_10,258
EF_AF,EF6,CURRICULAR,Língua Portuguesa,LP,MS.EF06LP08.s.08,"Identificar, em texto ou sequência textual, orações como unidades constituídas em torno de um núcleo verbal e períodos como conjunto de orações conectadas.",Práticas de Linguagem,Morfossintaxe,CURRICULO_REFERENCIA_MS_EF_V1_10,CURRICULO_COMPLETO,CURRICULO_REFERENCIA_MS_EF_V1_10,258
EF_AF,EF6,CURRICULAR,Língua Portuguesa,LP,MS.EF06LP09.s.09,"Classificar, em texto ou sequência textual, os períodos simples compostos.",Práticas de Linguagem,Morfossintaxe,CURRICULO_REFERENCIA_MS_EF_V1_10,CURRICULO_COMPLETO,CURRICULO_REFERENCIA_MS_EF_V1_10,258
EF_AF,EF6,CURRICULAR,Língua Portuguesa,LP,MS.EF06LP10.s.10,Identificar sintagmas nominais e verbais como constituintes imediatos da oração.,Práticas de Linguagem,Sintaxe Objetos de Conhecimento,CURRICULO_REFERENCIA_MS_EF_V1_10,CURRICULO_COMPLETO,CURRICULO_REFERENCIA_MS_EF_V1_10,258
EF_AF,EF6,CURRICULAR,Língua Portuguesa,LP,MS.EF06LP11.s.11,"Utilizar, ao produzir texto, conhecimentos linguísticos e gramaticais: tempos verbais, concordância nominal e verbal, regras ortográficas, pontuação etc.",Práticas de Linguagem,Elementos notacionais da escrita/morfossintaxe,CURRICULO_REFERENCIA_MS_EF_V1_10,CURRICULO_COMPLETO,CURRICULO_REFERENCIA_MS_EF_V1_10,259
EF_AF,EF6,CURRICULAR,Língua Portuguesa,LP,MS.EF06LP12.s.12,"Utilizar, ao produzir texto, recursos de coesão referencial (nome e pronomes), recursos semânticos de sinonímia, antonímia e homonímia e mecanismos de representação de diferentes vozes (discurso direto e indireto).",Práticas de Linguagem,Semântica Coesão Objetos de Conhecimento,CURRICULO_REFERENCIA_MS_EF_V1_10,CURRICULO_COMPLETO,CURRICULO_REFERENCIA_MS_EF_V1_10,259
EF_AF,EF6|EF7,CURRICULAR,Língua Portuguesa,LP,MS.EF67LP01.s.01,Analisar a estrutura e funcionamento dos hiperlinks em textos noticiosos publicados na Web e vislumbrar possibilidades de uma escrita hipertextual.,Leitura,"Reconstrução do contexto de produção, circulação e recepção de textos Caracterização do campo jornalístico e relação entre os gêneros em circulação, mídias e práticas da cultura digital",CURRICULO_REFERENCIA_MS_EF_V1_10,CURRICULO_COMPLETO,CURRICULO_REFERENCIA_MS_EF_V1_10,238
EF_AF,EF6|EF7,CURRICULAR,Língua Portuguesa,LP,MS.EF67LP02.s.02,"Explorar o espaço reservado ao leitor nos jornais, revistas, impressos e on-line, sites noticiosos etc., destacando notícias, fotorreportagens, entrevistas, charges, assuntos, temas, debates em foco, posicionando-se de maneira ética e respeitosa frente a esses textos e opiniões a eles relacionadas, e publicar notícias, notas jornalísticas, fotorreportagem de interesse geral nesses espaços do leitor.",Práticas de Linguagem,Apreciação e réplica Objetos de Conhecimento,CURRICULO_REFERENCIA_MS_EF_V1_10,CURRICULO_COMPLETO,CURRICULO_REFERENCIA_MS_EF_V1_10,238
EF_AF,EF6|EF7,CURRICULAR,Língua Portuguesa,LP,MS.EF67LP03.s.03,"Comparar informações sobre um mesmo fato divulgadas em diferentes veículos e mídias, analisando e avaliando a confiabilidade.",Práticas de Linguagem,Relação entre textos,CURRICULO_REFERENCIA_MS_EF_V1_10,CURRICULO_COMPLETO,CURRICULO_REFERENCIA_MS_EF_V1_10,239
EF_AF,EF6|EF7,CURRICULAR,Língua Portuguesa,LP,MS.EF67LP04.s.04,"Distinguir, em segmentos descontínuos de textos, fato da opinião enunciada em relação a esse mesmo fato.",Práticas de Linguagem,Estratégia de leitura Distinção de fato e opinião,CURRICULO_REFERENCIA_MS_EF_V1_10,CURRICULO_COMPLETO,CURRICULO_REFERENCIA_MS_EF_V1_10,239
EF_AF,EF6|EF7,CURRICULAR,Língua Portuguesa,LP,MS.EF67LP05.s.05,"Identificar e avaliar teses/opiniões/posicionament os explícitos e argumentos em textos argumentativos (carta de leitor, comentário, artigo de opinião, resenha crítica etc.), manifestando concordância ou discordância.",Práticas de Linguagem,Estratégia de leitura: identificação de teses e argumentos Apreciação e réplica Objetos de Conhecimento,CURRICULO_REFERENCIA_MS_EF_V1_10,CURRICULO_COMPLETO,CURRICULO_REFERENCIA_MS_EF_V1_10,239
EF_AF,EF6|EF7,CURRICULAR,Língua Portuguesa,LP,MS.EF67LP06.s.06,"Identificar os efeitos de sentido provocados pela seleção lexical, topicalização de elementos e seleção e hierarquização de informações, uso de 3ª pessoa etc. CAMPO JORNALÍSTICO/MIDIÁTICO",Práticas de Linguagem,Efeitos de sentido,CURRICULO_REFERENCIA_MS_EF_V1_10,CURRICULO_COMPLETO,CURRICULO_REFERENCIA_MS_EF_V1_10,240
EF_AF,EF6|EF7,CURRICULAR,Língua Portuguesa,LP,MS.EF67LP07.s.07,"Identificar o uso de recursos persuasivos em textos argumentativos diversos (como a elaboração do título, escolhas lexicais, construções metafóricas, a explicitação ou a ocultação de fontes de informação) e perceber seus efeitos de sentido.",Leitura,Efeitos de sentido,CURRICULO_REFERENCIA_MS_EF_V1_10,CURRICULO_COMPLETO,CURRICULO_REFERENCIA_MS_EF_V1_10,240
EF_AF,EF6|EF7,CURRICULAR,Língua Portuguesa,LP,MS.EF67LP08.s.08,"Identificar os efeitos de sentido devidos à escolha de imagens estáticas, sequenciação ou sobreposição de imagens, definição de figura/fundo, ângulo, profundidade e foco, cores/tonalidades, relação com o escrito (relações de reiteração, complementação ou oposição) etc. em notícias, reportagens, fotorreportagens, fotodenúncias, memes, gifs, anúncios publicitários e propagandas publicados em jornais, revistas, sites na internet etc.",Práticas de Linguagem,Efeitos de sentido Exploração da multissemiose Objetos de Conhecimento,CURRICULO_REFERENCIA_MS_EF_V1_10,CURRICULO_COMPLETO,CURRICULO_REFERENCIA_MS_EF_V1_10,240
EF_AF,EF6|EF7,CURRICULAR,Língua Portuguesa,LP,MS.EF67LP09.s.09,"Planejar notícia impressa e para circulação em outras mídias (rádio ou TV/vídeo), tendo em vista as condições de produção, do texto – objetivo, leitores/espectadores, veículos e mídia de circulação etc. –, a partir da escolha do fato a ser noticiado (de relevância para a turma, escola ou comunidade), do levantamento de dados e informações sobre o fato – que pode envolver entrevistas com envolvidos ou com especialistas, consultas a fontes, análise de documentos, cobertura de eventos etc.–, do registro dessas informações e dados, da escolha de fotos ou imagens a produzir ou a utilizar etc. e a previsão de uma estrutura hipertextual (no caso de publicação em sites ou blogs noticiosos).",Produção de Texto,Estratégias de produção: planejamento de textos informativos,CURRICULO_REFERENCIA_MS_EF_V1_10,CURRICULO_COMPLETO,CURRICULO_REFERENCIA_MS_EF_V1_10,241
EF_AF,EF6|EF7,CURRICULAR,Língua Portuguesa,LP,MS.EF67LP10.s.10,"Produzir notícia impressa tendo em vista características do gênero – título ou manchete com verbo no tempo presente, linha fina (opcional), lide, progressão dada pela ordem decrescente de importância dos fatos, uso de 3ª pessoa, de palavras que indicam precisão –, e o estabelecimento adequado de coesão e produzir notícia para TV, rádio e internet, tendo em vista, além das características do gênero, os recursos de mídias disponíveis e o manejo de recursos de captação e edição de áudio e imagem.",Produção de Texto Práticas de Linguagem,"Textualização, tendo em vista suas condições de produção, as características do gênero em questão, o estabelecimento de Objetos de Conhecimento coesão, adequação à normapadrão e o uso adequado de ferramentas de edição",CURRICULO_REFERENCIA_MS_EF_V1_10,CURRICULO_COMPLETO,CURRICULO_REFERENCIA_MS_EF_V1_10,241
EF_AF,EF6|EF7,CURRICULAR,Língua Portuguesa,LP,MS.EF67LP11.s.11,"Planejar resenhas, vlogs, vídeos e podcasts variados, e textos e vídeos de apresentação e apreciação próprios das culturas juvenis (algumas possibilidades: fanzines, fanclipes, e-zines, gameplay, detonado etc.), dentre outros, tendo em vista as condições de produção do texto – objetivo, leitores/espectadores, veículos e mídia de circulação etc. –, a partir da escolha de uma produção ou evento cultural para analisar – livro, filme, série, game, canção, videoclipe, fanclipe, show, saraus, slams etc. – da busca de informação sobre a produção ou evento escolhido, da síntese de informações sobre a obra/evento e do elenco/seleção de aspectos, elementos ou recursos que possam ser destacados positiva ou negativamente ou da roteirização do passo a passo do game para posterior gravação dos vídeos.",Produção de Texto Práticas de Linguagem,Estratégias de produção: planejamento de textos argumentativos e apreciativos,CURRICULO_REFERENCIA_MS_EF_V1_10,CURRICULO_COMPLETO,CURRICULO_REFERENCIA_MS_EF_V1_10,242
EF_AF,EF6|EF7,CURRICULAR,Língua Portuguesa,LP,MS.EF67LP12.s.12,"Produzir resenhas críticas, vlogs, vídeos, podcasts variados e produções e gêneros próprios das culturas juvenis (algumas possibilidades: fanzines, fanclipes, e-zines, gameplay, detonado etc.), que apresentem/descrevam e/ou avaliem produções culturais (livro, filme, série, game, canção, disco, videoclipe etc.) ou evento (show, sarau, slam etc.), tendo em vista o contexto de produção dado, as características do gênero, os recursos das mídias envolvidas e a textualização adequada dos textos e/ou produções.",Práticas de Linguagem,Textualização de textos argumentativos e apreciativos Objetos de Conhecimento,CURRICULO_REFERENCIA_MS_EF_V1_10,CURRICULO_COMPLETO,CURRICULO_REFERENCIA_MS_EF_V1_10,242
EF_AF,EF6|EF7,CURRICULAR,Língua Portuguesa,LP,MS.EF67LP13.s.13,"Produzir, revisar e editar textos publicitários, levando em conta o contexto de produção dado, explorando recursos multissemióticos, relacionando elementos verbais e visuais, utilizando adequadamente estratégias discursivas de persuasão e/ou convencimento e criando título ou slogan que façam o leitor motivar-se a interagir com o texto produzido e se sinta atraído pelo serviço, ideia ou produto em questão.",Práticas de Linguagem,Produção e edição de textos publicitários,CURRICULO_REFERENCIA_MS_EF_V1_10,CURRICULO_COMPLETO,CURRICULO_REFERENCIA_MS_EF_V1_10,243
EF_AF,EF6|EF7,CURRICULAR,Língua Portuguesa,LP,MS.EF67LP14.s.14,"Definir o contexto de produção da entrevista (objetivos, o que se pretende conseguir, porque aquele entrevistado etc.), levantar informações sobre o entrevistado e sobre o acontecimento ou tema em questão, preparar o roteiro de perguntar e realizar entrevista oral com envolvidos ou especialistas relacionados com o fato noticiado ou com o tema em pauta, usando roteiro previamente elaborado e formulando outras perguntas a partir das respostas dadas e, quando for o caso, selecionar partes, transcrever e proceder a uma edição escrita do texto, adequando-o a seu contexto de publicação, à construção composicional do gênero e garantindo a relevância das informações mantidas e a continuidade temática. DE ATUAÇÃO NA VIDA PÚBLICA",Oralidade Práticas de Linguagem,Planejamento e produção de entrevistas orais Objetos de Conhecimento CAMPO,CURRICULO_REFERENCIA_MS_EF_V1_10,CURRICULO_COMPLETO,CURRICULO_REFERENCIA_MS_EF_V1_10,243
EF_AF,EF6|EF7,CURRICULAR,Língua Portuguesa,LP,MS.EF67LP15.s.15,"Identificar a proibição imposta ou o direito garantido, bem como as circunstâncias de sua aplicação, em artigos relativos a normas, regimentos escolares, regimentos e estatutos da sociedade civil, regulamentações para o mercado publicitário, Código de Defesa do Consumidor, Código Nacional de Trânsito, ECA, Constituição, dentre outros.",Leitura,Estratégias e procedimentos de leitura em textos legais e normativos,CURRICULO_REFERENCIA_MS_EF_V1_10,CURRICULO_COMPLETO,CURRICULO_REFERENCIA_MS_EF_V1_10,244
EF_AF,EF6|EF7,CURRICULAR,Língua Portuguesa,LP,MS.EF67LP16.s.16,"Explorar e analisar espaços de reclamação de direitos e de envio de solicitações (tais como ouvidorias, SAC, canais ligados a órgãos públicos, plataformas do consumidor, plataformas de reclamação), bem como de textos pertencentes a gêneros que circulam nesses espaços, reclamação ou carta de reclamação, solicitação ou carta de solicitação, como forma de ampliar as possibilidades de produção desses textos em casos que remetam a reivindicações que envolvam a escola, a comunidade ou algum de seus membros como forma de se engajar na busca de solução de problemas pessoais, dos outros e coletivos.",Práticas de Linguagem,"Contexto de produção, circulação e recepção de textos e práticas relacionadas à defesa de direitos e à participação social Objetos de Conhecimento",CURRICULO_REFERENCIA_MS_EF_V1_10,CURRICULO_COMPLETO,CURRICULO_REFERENCIA_MS_EF_V1_10,244
EF_AF,EF6|EF7,CURRICULAR,Língua Portuguesa,LP,MS.EF67LP17.s.17,"Analisar, a partir do contexto de produção, a forma de organização das cartas de solicitação e de reclamação (datação, forma de início, apresentação contextualizada do pedido ou da reclamação, em geral, acompanhada de explicações, argumentos e/ou relatos do problema, fórmula de finalização mais ou menos cordata, dependendo do tipo de carta e subscrição) e algumas das marcas linguísticas relacionadas à argumentação, explicação ou relato de fatos, como forma de possibilitar a escrita fundamentada de cartas como essas ou de postagens em canais próprios de reclamações e solicitações em situações que envolvam questões relativas à escola, à comunidade ou a algum dos seus membros.",Práticas de Linguagem,"Relação entre contexto de produção e características composicionais e estilísticas dos gêneros (carta de solicitação, carta de reclamação, petição on-line, carta aberta, abaixo-assinado, proposta etc.) Apreciação e réplica",CURRICULO_REFERENCIA_MS_EF_V1_10,CURRICULO_COMPLETO,CURRICULO_REFERENCIA_MS_EF_V1_10,245
EF_AF,EF6|EF7,CURRICULAR,Língua Portuguesa,LP,MS.EF67LP18.s.18,"Identificar o objeto da reclamação e/ou da solicitação e sua sustentação, explicação ou justificativa, de forma a poder analisar a pertinência da solicitação ou justificação.",Práticas de Linguagem,"Estratégias, procedimentos de leitura em textos reivindicatórios ou propositivos Objetos de Conhecimento",CURRICULO_REFERENCIA_MS_EF_V1_10,CURRICULO_COMPLETO,CURRICULO_REFERENCIA_MS_EF_V1_10,245
EF_AF,EF6|EF7,CURRICULAR,Língua Portuguesa,LP,MS.EF67LP19.s.19,"Realizar levantamento de questões, problemas que requeiram a denúncia de desrespeito a direitos, reivindicações, reclamações, solicitações que contemplem a comunidade escolar ou algum de seus membros e examinar normas e legislações. DAS PRÁTICAS DE ESTUDO E",Produção de textos,Estratégia de produção: planejamento de textos reivindicatórios ou propositivos CAMPO,CURRICULO_REFERENCIA_MS_EF_V1_10,CURRICULO_COMPLETO,CURRICULO_REFERENCIA_MS_EF_V1_10,246
EF_AF,EF6|EF7,CURRICULAR,Língua Portuguesa,LP,MS.EF67LP20.s.20,"Realizar pesquisa, a partir de recortes e questões definidos previamente, usando fontes indicadas e abertas.",Leitura,Curadoria de informação,CURRICULO_REFERENCIA_MS_EF_V1_10,CURRICULO_COMPLETO,CURRICULO_REFERENCIA_MS_EF_V1_10,246
EF_AF,EF6|EF7,CURRICULAR,Língua Portuguesa,LP,MS.EF67LP21.s.21,"Divulgar resultados de pesquisas por meio de apresentações orais, painéis, artigos de divulgação científica, verbetes de enciclopédia, podcasts científicos etc.",Produção de textos Práticas de Linguagem,"Estratégias de escrita: textualização, revisão e edição Objetos de Conhecimento",CURRICULO_REFERENCIA_MS_EF_V1_10,CURRICULO_COMPLETO,CURRICULO_REFERENCIA_MS_EF_V1_10,246
EF_AF,EF6|EF7,CURRICULAR,Língua Portuguesa,LP,MS.EF67LP22.s.22,"Produzir resumos, a partir das notas e/ou esquemas feitos, com o uso adequado de paráfrases e citações.",Produção de textos Práticas de Linguagem,"Estratégias de escrita: textualização, revisão e edição",CURRICULO_REFERENCIA_MS_EF_V1_10,CURRICULO_COMPLETO,CURRICULO_REFERENCIA_MS_EF_V1_10,247
EF_AF,EF6|EF7,CURRICULAR,Língua Portuguesa,LP,MS.EF67LP23.s.23,"Respeitar os turnos de fala, na participação em conversações e em discussões ou atividades coletivas, na sala de aula e na escola e formular perguntas coerentes e adequadas em momentos oportunos em situações de aulas, apresentação oral, seminário etc.",Oralidade Práticas de Linguagem,Conversação espontânea Objetos de Conhecimento,CURRICULO_REFERENCIA_MS_EF_V1_10,CURRICULO_COMPLETO,CURRICULO_REFERENCIA_MS_EF_V1_10,247
EF_AF,EF6|EF7,CURRICULAR,Língua Portuguesa,LP,MS.EF67LP24.s.24,"Tomar nota de aulas, apresentações orais, entrevistas (ao vivo, áudio, TV, vídeo), identificando e hierarquizando as informações principais, tendo em vista apoiar o estudo e a produção de sínteses e reflexões pessoais ou outros objetivos em questão.",Oralidade Práticas de Linguagem,Procedimentos de apoio à compreensão Tomada de nota,CURRICULO_REFERENCIA_MS_EF_V1_10,CURRICULO_COMPLETO,CURRICULO_REFERENCIA_MS_EF_V1_10,248
EF_AF,EF6|EF7,CURRICULAR,Língua Portuguesa,LP,MS.EF67LP25.s.25,"Reconhecer e utilizar os critérios de organização tópica (do geral para o específico, do específico para o geral etc.), as marcas linguísticas dessa organização (marcadores de ordenação e enumeração, de explicação, definição e exemplificação, por exemplo) e os mecanismos de paráfrase, de maneira a organizar mais adequadamente a coesão e a progressão temática de seus textos",Análise linguística/ semiótica Práticas de Linguagem,Textualização Progressão temática Objetos de Conhecimento,CURRICULO_REFERENCIA_MS_EF_V1_10,CURRICULO_COMPLETO,CURRICULO_REFERENCIA_MS_EF_V1_10,248
EF_AF,EF6|EF7,CURRICULAR,Língua Portuguesa,LP,MS.EF67LP26.s.26,Reconhecer a estrutura de hipertexto em textos de divulgação científica e proceder à remissão a conceitos e relações por meio de notas de rodapés ou boxes. CAMPO ARTÍSTICO-LITERÁRIO,Análise linguística/ semiótica Práticas de Linguagem,Textualização,CURRICULO_REFERENCIA_MS_EF_V1_10,CURRICULO_COMPLETO,CURRICULO_REFERENCIA_MS_EF_V1_10,249
EF_AF,EF6|EF7,CURRICULAR,Língua Portuguesa,LP,MS.EF67LP27.s.27,"Analisar, entre os textos literários e entre estes e outras manifestações artísticas (como cinema, teatro, música, artes visuais e midiáticas), referências explícitas ou implícitas a outros textos, quanto aos temas, personagens e recursos literários e semióticos",Leitura Práticas de Linguagem,Relação entre textos Objetos de Conhecimento,CURRICULO_REFERENCIA_MS_EF_V1_10,CURRICULO_COMPLETO,CURRICULO_REFERENCIA_MS_EF_V1_10,249
EF_AF,EF6|EF7,CURRICULAR,Língua Portuguesa,LP,MS.EF67LP28.s.28,"Ler, de forma autônoma, e compreender – selecionando procedimentos e estratégias de leitura adequados a diferentes objetivos e levando em conta características dos gêneros e suportes –, romances infanto-juvenis, contos populares, contos de terror, lendas brasileiras, indígenas e africanas, narrativas de aventuras, narrativas de enigma, mitos, crônicas, autobiografias, histórias em quadrinhos, mangás, poemas de forma livre e fixa (como sonetos e cordéis), vídeo-poemas, poemas visuais, dentre outros, expressando avaliação sobre o texto lido e estabelecendo preferências por gêneros, temas, autores.",Leitura Práticas de Linguagem,Estratégias de leitura Apreciação e réplica,CURRICULO_REFERENCIA_MS_EF_V1_10,CURRICULO_COMPLETO,CURRICULO_REFERENCIA_MS_EF_V1_10,250
EF_AF,EF6|EF7,CURRICULAR,Língua Portuguesa,LP,MS.EF67LP29.s.29,"Identificar, em texto dramático, personagem, ato, cena, fala e indicações cênicas e a organização do texto: enredo, conflitos, ideias principais, pontos de vista, universos de referência.",Práticas de Linguagem,Reconstrução da textualidade Efeitos de sentidos provocados pelos usos de recursos linguísticos e multissemióticos Objetos de Conhecimento,CURRICULO_REFERENCIA_MS_EF_V1_10,CURRICULO_COMPLETO,CURRICULO_REFERENCIA_MS_EF_V1_10,250
EF_AF,EF6|EF7,CURRICULAR,Língua Portuguesa,LP,MS.EF67LP30.s.30,"Criar narrativas ficcionais, tais como contos populares, contos de suspense, mistério, terror, humor, narrativas de enigma, crônicas, histórias em quadrinhos, dentre outros, que utilizem cenários e personagens realistas ou de fantasia, observando os elementos da estrutura narrativa próprios ao gênero pretendido, tais como enredo, personagens, tempo, espaço e narrador, utilizando tempos verbais adequados à narração de fatos passados, empregando conhecimentos sobre diferentes modos de se iniciar uma história e de inserir os discursos direto e indireto.",Produção de textos,Construção da textualidade Relação entre textos,CURRICULO_REFERENCIA_MS_EF_V1_10,CURRICULO_COMPLETO,CURRICULO_REFERENCIA_MS_EF_V1_10,251
EF_AF,EF6|EF7,CURRICULAR,Língua Portuguesa,LP,MS.EF67LP31.s.31,"Criar poemas compostos por versos livres e de forma fixa (como quadras e sonetos), utilizando recursos visuais, semânticos e sonoros, tais como cadências, ritmos e rimas, e poemas visuais e vídeo-poemas, explorando as relações entre imagem e texto verbal, a distribuição da mancha gráfica (poema visual) e outros recursos visuais e sonoros. TODOS OS CAMPOS DE ATUAÇÃO",Práticas de Linguagem,Construção da textualidade Relação entre textos Objetos de Conhecimento,CURRICULO_REFERENCIA_MS_EF_V1_10,CURRICULO_COMPLETO,CURRICULO_REFERENCIA_MS_EF_V1_10,251
EF_AF,EF6|EF7,CURRICULAR,Língua Portuguesa,LP,MS.EF67LP32.s.32,"Escrever palavras com correção ortográfica, obedecendo as convenções da língua escrita.",Análise linguística/semiót ica,Fono-ortografia,CURRICULO_REFERENCIA_MS_EF_V1_10,CURRICULO_COMPLETO,CURRICULO_REFERENCIA_MS_EF_V1_10,252
EF_AF,EF6|EF7,CURRICULAR,Língua Portuguesa,LP,MS.EF67LP33.s.33,Pontuar textos adequadamente.,Análise linguística/semiót ica,Elementos notacionais da escrita,CURRICULO_REFERENCIA_MS_EF_V1_10,CURRICULO_COMPLETO,CURRICULO_REFERENCIA_MS_EF_V1_10,252
EF_AF,EF6|EF7,CURRICULAR,Língua Portuguesa,LP,MS.EF67LP34.s.34,Formar antônimos com acréscimo de prefixos que expressam noção de negação.,Práticas de Linguagem,Léxico/morfologia Objetos de Conhecimento,CURRICULO_REFERENCIA_MS_EF_V1_10,CURRICULO_COMPLETO,CURRICULO_REFERENCIA_MS_EF_V1_10,252
EF_AF,EF6|EF7,CURRICULAR,Língua Portuguesa,LP,MS.EF67LP35.s.35,Distinguir palavras derivadas por acréscimo de afixos e palavras compostas.,Práticas de Linguagem,Léxico/morfologia,CURRICULO_REFERENCIA_MS_EF_V1_10,CURRICULO_COMPLETO,CURRICULO_REFERENCIA_MS_EF_V1_10,253
EF_AF,EF6|EF7,CURRICULAR,Língua Portuguesa,LP,MS.EF67LP36.s.36,"Utilizar, ao produzir texto, recursos de coesão referencial (léxica e pronominal) e sequencial e outros recursos expressivos adequados ao gênero textual.",Práticas de Linguagem,Coesão Objetos de Conhecimento,CURRICULO_REFERENCIA_MS_EF_V1_10,CURRICULO_COMPLETO,CURRICULO_REFERENCIA_MS_EF_V1_10,253
EF_AF,EF6|EF7,CURRICULAR,Língua Portuguesa,LP,MS.EF67LP37.s.37,"Analisar, em diferentes textos, os efeitos de sentido decorrentes do uso de recursos linguísticodiscursivos de prescrição, causalidade, sequências descritivas e expositivas e ordenação de eventos.",Práticas de Linguagem,Sequências textuais,CURRICULO_REFERENCIA_MS_EF_V1_10,CURRICULO_COMPLETO,CURRICULO_REFERENCIA_MS_EF_V1_10,254
EF_AF,EF6|EF7,CURRICULAR,Língua Portuguesa,LP,MS.EF67LP38.s.38,"Analisar os efeitos de sentido do uso de figuras de linguagem, como comparação, metáfora, metonímia, personificação, hipérbole, dentre outras.",Práticas de Linguagem,Figuras de linguagem,CURRICULO_REFERENCIA_MS_EF_V1_10,CURRICULO_COMPLETO,CURRICULO_REFERENCIA_MS_EF_V1_10,254
EF_AF,EF6|EF7|EF8|EF9,CURRICULAR,Língua Portuguesa,LP,MS.EF69LP01.s.01,"Diferenciar liberdade de expressão de discursos de ódio, posicionando-se contrariamente a esse tipo de discurso e vislumbrando possibilidades de denúncia quando for o caso.",Leitura,Apreciação e réplica Relação entre gêneros e mídias,CURRICULO_REFERENCIA_MS_EF_V1_10,CURRICULO_COMPLETO,CURRICULO_REFERENCIA_MS_EF_V1_10,212
EF_AF,EF6|EF7|EF8|EF9,CURRICULAR,Língua Portuguesa,LP,MS.EF69LP02.s.02,"Analisar e comparar peças publicitárias variadas (cartazes, folhetos, outdoor, anúncios e propagandas em diferentes mídias, spots, jingle, vídeos etc.), de forma a perceber a articulação entre elas em campanhas, as especificidades das várias semioses e mídias, a adequação dessas peças ao público-alvo, aos objetivos do anunciante e/ou da campanha e à construção composicional e estilo dos gêneros em questão, como forma de ampliar suas possibilidades de compreensão (e produção) de textos pertencentes a esses gêneros.",Práticas de Linguagem,Apreciação e réplica Relação entre gêneros e mídias Objetos de Conhecimento,CURRICULO_REFERENCIA_MS_EF_V1_10,CURRICULO_COMPLETO,CURRICULO_REFERENCIA_MS_EF_V1_10,212
EF_AF,EF6|EF7|EF8|EF9,CURRICULAR,Língua Portuguesa,LP,MS.EF69LP03.s.03,"Identificar, em notícias, o fato central, suas principais circunstâncias e eventuais decorrências; em reportagens e fotorreportagens o fato ou a temática retratada e a perspectiva de abordagem, em entrevistas os principais temas/subtemas abordados, explicações dadas ou teses defendidas em relação a esses subtemas; em tirinhas, memes, charge, a crítica, ironia ou humor presente.",Práticas de Linguagem,Estratégia de leitura: apreender os sentidos globais do texto,CURRICULO_REFERENCIA_MS_EF_V1_10,CURRICULO_COMPLETO,CURRICULO_REFERENCIA_MS_EF_V1_10,213
EF_AF,EF6|EF7|EF8|EF9,CURRICULAR,Língua Portuguesa,LP,MS.EF69LP04.s04,"Identificar e analisar os efeitos de sentido que fortalecem a persuasão nos textos publicitários, relacionando as estratégias de persuasão e apelo ao consumo com os recursos linguísticodiscursivos utilizados, como imagens, tempo verbal, jogos de palavras, figuras de linguagem etc., com vistas a fomentar práticas de consumo conscientes.",Práticas de Linguagem,Efeitos de sentido Objetos de Conhecimento,CURRICULO_REFERENCIA_MS_EF_V1_10,CURRICULO_COMPLETO,CURRICULO_REFERENCIA_MS_EF_V1_10,213
EF_AF,EF6|EF7|EF8|EF9,CURRICULAR,Língua Portuguesa,LP,MS.EF69LP05.s.05,"Inferir e justificar, em textos multissemióticos – tirinhas, charges, memes, gifs etc. –, o efeito de humor, ironia e/ou crítica pelo uso ambíguo de palavras, expressões ou imagens ambíguas, de clichês, de recursos iconográficos, de pontuação etc.",Práticas de Linguagem,Efeitos de sentido,CURRICULO_REFERENCIA_MS_EF_V1_10,CURRICULO_COMPLETO,CURRICULO_REFERENCIA_MS_EF_V1_10,214
EF_AF,EF6|EF7|EF8|EF9,CURRICULAR,Língua Portuguesa,LP,MS.EF69LP06.s.06,"Produzir e publicar notícias, fotodenúncias, fotorreportagens, reportagens, reportagens multimidiáticas, infográficos, podcasts noticiosos, entrevistas, cartas de leitor, comentários, artigos de opinião de interesse local ou global, textos de apresentação e apreciação de produção cultural – resenhas e outros próprios das formas de expressão das culturas juvenis, tais como vlogs e podcasts culturais, gameplay, detonado etc.– e cartazes, anúncios, propagandas, spots, jingles de campanhas sociais, dentre outros em várias mídias, vivenciando de forma significativa o papel de repórter, de comentador, de analista, de crítico, de editor ou articulista, de booktuber, de vlogger (vlogueiro) etc., como forma de compreender as condições de produção que envolvem a circulação desses textos e poder participar e vislumbrar possibilidades de participação nas práticas de linguagem do campo jornalístico e do campo midiático de forma ética e responsável, levandose em consideração o contexto da Web 2.0, que amplia a possibilidade de circulação desses textos e “funde” os papéis de leitor e autor, de consumidor e produtor.",Produção de textos Práticas de Linguagem,Relação do texto com o contexto de produção e experimentação de papéis sociais Objetos de Conhecimento,CURRICULO_REFERENCIA_MS_EF_V1_10,CURRICULO_COMPLETO,CURRICULO_REFERENCIA_MS_EF_V1_10,214
EF_AF,EF6|EF7|EF8|EF9,CURRICULAR,Língua Portuguesa,LP,MS.EF69LP07.s.07,"Produzir textos em diferentes gêneros, considerando sua adequação ao contexto produção e circulação – os enunciadores envolvidos, os objetivos, o gênero, o suporte, a circulação -, ao modo (escrito ou oral; imagem estática ou em movimento etc.), à variedade linguística e/ou semiótica apropriada a esse contexto, à construção da textualidade relacionada às propriedades textuais e do gênero), utilizando estratégias de planejamento, elaboração, revisão, edição, reescrita/redesign e avaliação de textos, para, com a ajuda do professor e a colaboração dos colegas, corrigir e aprimorar as produções realizadas, fazendo cortes, acréscimos, reformulações, correções de concordância, ortografia, pontuação em textos e editando imagens, arquivos sonoros, fazendo cortes, acréscimos, ajustes, acrescentando/ alterando efeitos, ordenamentos etc.",Práticas de Linguagem,Textualização Objetos de Conhecimento,CURRICULO_REFERENCIA_MS_EF_V1_10,CURRICULO_COMPLETO,CURRICULO_REFERENCIA_MS_EF_V1_10,215
EF_AF,EF6|EF7|EF8|EF9,CURRICULAR,Língua Portuguesa,LP,MS.EF69LP08.s.08,"Revisar/editar o texto produzido – notícia, reportagem, resenha, artigo de opinião, dentre outros –, tendo em vista sua adequação ao contexto de produção, a mídia em questão, características do gênero, aspectos relativos à textualidade, a relação entre as diferentes semioses, a formatação e uso adequado das ferramentas de edição (de texto, foto, áudio e vídeo, dependendo do caso) e adequação à norma culta.",Práticas de Linguagem,Revisão/edição de texto informativo e opinativo,CURRICULO_REFERENCIA_MS_EF_V1_10,CURRICULO_COMPLETO,CURRICULO_REFERENCIA_MS_EF_V1_10,216
EF_AF,EF6|EF7|EF8|EF9,CURRICULAR,Língua Portuguesa,LP,MS.EF69LP09.s.09,"Planejar uma campanha publicitária sobre questões/problemas, temas, causas significativas para a escola e/ou comunidade, a partir de um levantamento de material sobre o tema ou evento, da definição do público-alvo, do texto ou peça a ser produzido – cartaz, banner, folheto, panfleto, anúncio impresso e para internet, spot, propaganda de rádio, TV etc. –, da ferramenta de edição de texto, áudio ou vídeo que será utilizada, do recorte e enfoque a ser dado, das estratégias de persuasão que serão utilizadas etc.",Práticas de Linguagem,Planejamento de textos de peças publicitárias de campanhas sociais,CURRICULO_REFERENCIA_MS_EF_V1_10,CURRICULO_COMPLETO,CURRICULO_REFERENCIA_MS_EF_V1_10,216
EF_AF,EF6|EF7|EF8|EF9,CURRICULAR,Língua Portuguesa,LP,MS.EF69LP10.s.10,"Produzir notícias para rádios, TV ou vídeos, podcasts noticiosos e de opinião, entrevistas, comentários, vlogs, jornais radiofônicos e televisivos, dentre outros possíveis, relativos a fato e temas de interesse pessoal, local ou global e textos orais de apreciação e opinião – podcasts e vlogs noticiosos, culturais e de opinião, orientando-se por roteiro ou texto, considerando o contexto de produção e demonstrando domínio dos gêneros.","Oralidade *Considerar todas as habilidades dos eixos leitura e produção que se referem a textos ou produções orais, em áudio ou vídeo Práticas de Linguagem",Produção de textos jornalísticos orais Objetos de Conhecimento,CURRICULO_REFERENCIA_MS_EF_V1_10,CURRICULO_COMPLETO,CURRICULO_REFERENCIA_MS_EF_V1_10,216
EF_AF,EF6|EF7|EF8|EF9,CURRICULAR,Língua Portuguesa,LP,MS.EF69LP11.s.11,"Identificar e analisar posicionamentos defendidos e refutados na escuta de interações polêmicas em entrevistas, discussões e debates (televisivo, em sala de aula, em redes sociais etc.), entre outros, e se posicionar frente a eles.","Oralidade *Considerar todas as habilidades dos eixos leitura e produção que se referem a textos ou produções orais, em áudio ou vídeo Práticas de Linguagem",Produção de textos jornalísticos orais,CURRICULO_REFERENCIA_MS_EF_V1_10,CURRICULO_COMPLETO,CURRICULO_REFERENCIA_MS_EF_V1_10,217
EF_AF,EF6|EF7|EF8|EF9,CURRICULAR,Língua Portuguesa,LP,MS.EF69LP12.s.12,"Desenvolver estratégias de planejamento, elaboração, revisão, edição, reescrita/ redesign (esses três últimos quando não for situação ao vivo) e avaliação de textos orais, áudio e/ou vídeo, considerando sua adequação aos contextos em que foram produzidos, à forma composicional e estilo de gêneros, a clareza, progressão temática e variedade linguística empregada, os elementos relacionados à fala, tais como modulação de voz, entonação, ritmo, altura e intensidade, respiração etc., os elementos cinésicos, tais como postura corporal, movimentos e gestualidade significativa, expressão facial, contato de olho com plateia etc.",Práticas de Linguagem,Planejamento e produção de textos jornalísticos orais Objetos de Conhecimento,CURRICULO_REFERENCIA_MS_EF_V1_10,CURRICULO_COMPLETO,CURRICULO_REFERENCIA_MS_EF_V1_10,217
EF_AF,EF6|EF7|EF8|EF9,CURRICULAR,Língua Portuguesa,LP,MS.EF69LP13.s.13,"Engajar-se e contribuir com a busca de conclusões comuns relativas a problemas, temas ou questões polêmicas de interesse da turma e/ou de relevância social.",Oralidade,Participação em discussões orais de temas controversos de interesse da turma e/ou de relevância social,CURRICULO_REFERENCIA_MS_EF_V1_10,CURRICULO_COMPLETO,CURRICULO_REFERENCIA_MS_EF_V1_10,218
EF_AF,EF6|EF7|EF8|EF9,CURRICULAR,Língua Portuguesa,LP,MS.EF69LP14.s.14,"Formular perguntas e decompor, com a ajuda dos colegas e dos professores, tema/questão polêmica, explicações e ou argumentos relativos ao objeto de discussão para análise mais minuciosa e buscar em fontes diversas informações ou dados que permitam analisar partes da questão e compartilhá-los com a turma.",Oralidade,Participação em discussões orais de temas controversos de interesse da turma e/ou de relevância social,CURRICULO_REFERENCIA_MS_EF_V1_10,CURRICULO_COMPLETO,CURRICULO_REFERENCIA_MS_EF_V1_10,218
EF_AF,EF6|EF7|EF8|EF9,CURRICULAR,Língua Portuguesa,LP,MS.EF69LP15.s.15,"Apresentar argumentos e contra-argumentos coerentes, respeitando os turnos de fala, na participação em discussões sobre temas controversos e/ou polêmicos.",Oralidade,Participação em discussões orais de temas controversos de interesse da turma e/ou de relevância social,CURRICULO_REFERENCIA_MS_EF_V1_10,CURRICULO_COMPLETO,CURRICULO_REFERENCIA_MS_EF_V1_10,218
EF_AF,EF6|EF7|EF8|EF9,CURRICULAR,Língua Portuguesa,LP,MS.EF69LP16.s.16,"Analisar e utilizar as formas de composição dos gêneros jornalísticos da ordem do relatar, tais como notícias (pirâmide invertida no impresso X blocos noticiosos hipertextuais e hipermidiáticos no digital, que também pode contar com imagens de vários tipos, vídeos, gravações de áudio etc.), da ordem do argumentar, tais como artigos de opinião e editorial (contextualização, defesa de tese/opinião e uso de argumentos) e das entrevistas: apresentação e contextualização do entrevistado e do tema, estrutura pergunta e resposta etc.",Análise linguística/ semiótica Práticas de Linguagem,Construção composicional Objetos de Conhecimento,CURRICULO_REFERENCIA_MS_EF_V1_10,CURRICULO_COMPLETO,CURRICULO_REFERENCIA_MS_EF_V1_10,218
EF_AF,EF6|EF7|EF8|EF9,CURRICULAR,Língua Portuguesa,LP,MS.EF69LP17.s.17,"Perceber e analisar os recursos estilísticos e semióticos dos gêneros jornalísticos e publicitários, os aspectos relativos ao tratamento da informação em notícias, como a ordenação dos eventos, as escolhas lexicais, o efeito de imparcialidade do relato, a morfologia do verbo, em textos noticiosos e argumentativos, reconhecendo marcas de pessoa, número, tempo, modo, a distribuição dos verbos nos gêneros textuais (por exemplo, as formas de pretérito em relatos; as formas de presente e futuro em gêneros argumentativos; as formas de imperativo em gêneros publicitários), o uso de recursos persuasivos em textos argumentativos diversos (como a elaboração do título, escolhas lexicais, construções metafóricas, a explicitação ou a ocultação de fontes de informação) e as estratégias de persuasão e apelo ao consumo com os recursos linguísticodiscursivos utilizados (tempo verbal, jogos de palavras, metáforas, imagens).",Práticas de Linguagem,Estilo Objetos de Conhecimento,CURRICULO_REFERENCIA_MS_EF_V1_10,CURRICULO_COMPLETO,CURRICULO_REFERENCIA_MS_EF_V1_10,219
EF_AF,EF6|EF7|EF8|EF9,CURRICULAR,Língua Portuguesa,LP,MS.EF69LP18.s.18,"Utilizar, na escrita/reescrita de textos argumentativos, recursos linguísticos que marquem as relações de sentido entre parágrafos e enunciados do texto e operadores de conexão adequados aos tipos de argumento e à forma de composição de textos argumentativos, de maneira a garantir a coesão, a coerência e a progressão temática nesses textos (“primeiramente, mas, no entanto, em primeiro/segundo/terceiro lugar, finalmente, em conclusão” etc.).",Práticas de Linguagem,Estilo,CURRICULO_REFERENCIA_MS_EF_V1_10,CURRICULO_COMPLETO,CURRICULO_REFERENCIA_MS_EF_V1_10,220
EF_AF,EF6|EF7|EF8|EF9,CURRICULAR,Língua Portuguesa,LP,MS.EF69LP19.s.19,"Analisar, em gêneros orais que envolvam argumentação, os efeitos de sentido de elementos típicos da modalidade falada, como a pausa, a entonação, o ritmo, a gestualidade e expressão facial, as hesitações etc. DE ATUAÇÃO NA VIDA PÚBLICA",Práticas de Linguagem,Efeito de sentido CAMPO,CURRICULO_REFERENCIA_MS_EF_V1_10,CURRICULO_COMPLETO,CURRICULO_REFERENCIA_MS_EF_V1_10,220
EF_AF,EF6|EF7|EF8|EF9,CURRICULAR,Língua Portuguesa,LP,MS.EF69LP20.s.20,"Identificar, tendo em vista o contexto de produção, a forma de organização dos textos normativos e legais, a lógica de hierarquização de seus itens e subitens e suas partes: parte inicial (título – nome e data – e ementa), blocos de artigos (parte, livro, capítulo, seção, subseção), artigos (caput e parágrafos e incisos) e parte final (disposições pertinentes à sua implementação) e analisar efeitos de sentido causados pelo uso de vocabulário técnico, pelo uso do imperativo, de palavras e expressões que indicam circunstâncias, como advérbios e locuções adverbiais, de palavras que indicam generalidade, como alguns pronomes indefinidos, de forma a poder compreender o caráter imperativo, coercitivo e generalista das leis e de outras formas de regulamentação.",Leitura Práticas de Linguagem,"Reconstrução das condições de produção e circulação e adequação do texto à construção composicional e ao estilo de gênero (Lei, código, estatuto, código, regimento etc.) Objetos de Conhecimento",CURRICULO_REFERENCIA_MS_EF_V1_10,CURRICULO_COMPLETO,CURRICULO_REFERENCIA_MS_EF_V1_10,220
EF_AF,EF6|EF7|EF8|EF9,CURRICULAR,Língua Portuguesa,LP,MS.EF69LP21.s.21,"Posicionar-se em relação a conteúdos veiculados em práticas não institucionalizadas de participação social, sobretudo àquelas vinculadas a manifestações artísticas, produções culturais, intervenções urbanas e práticas próprias das culturas juvenis que pretendam denunciar, expor uma problemática ou “convocar” para uma reflexão/ação, relacionando esse texto/produção com seu contexto de produção e relacionando as partes e semioses presentes para a construção de sentidos.",Leitura Práticas de Linguagem,Apreciação e réplica,CURRICULO_REFERENCIA_MS_EF_V1_10,CURRICULO_COMPLETO,CURRICULO_REFERENCIA_MS_EF_V1_10,221
EF_AF,EF6|EF7|EF8|EF9,CURRICULAR,Língua Portuguesa,LP,MS.EF69LP22.s.22,"Produzir, revisar e editar textos reivindicatórios ou propositivos sobre problemas que afetam a vida escolar ou da comunidade, justificando pontos de vista, reivindicações e detalhando propostas (justificativa, objetivos, ações previstas etc.), levando em conta seu contexto de produção e as características dos gêneros em questão.",Produção de textos Práticas de Linguagem,"Textualização, revisão e edição Objetos de Conhecimento",CURRICULO_REFERENCIA_MS_EF_V1_10,CURRICULO_COMPLETO,CURRICULO_REFERENCIA_MS_EF_V1_10,221
EF_AF,EF6|EF7|EF8|EF9,CURRICULAR,Língua Portuguesa,LP,MS.EF69LP23.s.23,"Contribuir com a escrita de textos normativos, quando houver esse tipo de demanda na escola – regimentos e estatutos de organizações da sociedade civil do âmbito da atuação das crianças e jovens (grêmio livre, clubes de leitura, associações culturais etc.) – e de regras e regulamentos nos vários âmbitos da escola – campeonatos, festivais, regras de convivência etc., levando em conta o contexto de produção e as características dos gêneros em questão.",Produção de textos Práticas de Linguagem,"Textualização, revisão e edição",CURRICULO_REFERENCIA_MS_EF_V1_10,CURRICULO_COMPLETO,CURRICULO_REFERENCIA_MS_EF_V1_10,222
EF_AF,EF6|EF7|EF8|EF9,CURRICULAR,Língua Portuguesa,LP,MS.EF69LP24.s.24,"Discutir casos, reais ou simulações, submetidos a juízo, que envolvam (supostos) desrespeitos a artigos, do ECA, do Código de Defesa do Consumidor, do Código Nacional de Trânsito, de regulamentações do mercado publicitário etc., como forma de criar familiaridade com textos legais – seu vocabulário, formas de organização, marcas de estilo etc. -, de maneira a facilitar a compreensão de leis, fortalecer a defesa de direitos, fomentar a escrita de textos normativos (se e quando isso for necessário) e possibilitar a compreensão do caráter interpretativo das leis e as várias perspectivas que podem estar em jogo.",Oralidade Práticas de Linguagem,Discussão oral Objetos de Conhecimento,CURRICULO_REFERENCIA_MS_EF_V1_10,CURRICULO_COMPLETO,CURRICULO_REFERENCIA_MS_EF_V1_10,222
EF_AF,EF6|EF7|EF8|EF9,CURRICULAR,Língua Portuguesa,LP,MS.EF69LP25.s.25,"Posicionar-se de forma consistente e sustentada em uma discussão, assembleia, reuniões de colegiados da escola, de agremiações e outras situações de apresentação de propostas e defesas de opiniões, respeitando as opiniões contrárias e propostas alternativas e fundamentando seus posicionamentos, no tempo de fala previsto, valendo-se de sínteses e propostas claras e justificadas.",Oralidade Práticas de Linguagem,Discussão oral,CURRICULO_REFERENCIA_MS_EF_V1_10,CURRICULO_COMPLETO,CURRICULO_REFERENCIA_MS_EF_V1_10,223
EF_AF,EF6|EF7|EF8|EF9,CURRICULAR,Língua Portuguesa,LP,MS.EF69LP26.s.26,"Tomar nota em discussões, debates, palestras, apresentação de propostas, reuniões, como forma de documentar o evento e apoiar a própria fala (que pode se dar no momento do evento ou posteriormente, quando, por exemplo, for necessária a retomada dos assuntos tratados em outros contextos públicos, como diante dos representados).",Oralidade Práticas de Linguagem,Registro,CURRICULO_REFERENCIA_MS_EF_V1_10,CURRICULO_COMPLETO,CURRICULO_REFERENCIA_MS_EF_V1_10,223
EF_AF,EF6|EF7|EF8|EF9,CURRICULAR,Língua Portuguesa,LP,MS.EF69LP27.s.27,"Analisar a forma composicional de textos pertencentes a gêneros normativos/ jurídicos e a gêneros da esfera política, tais como propostas, programas políticos (posicionamento quanto a diferentes ações a serem propostas, objetivos, ações previstas etc.), propaganda política (propostas e sua sustentação, posicionamento quanto a temas em discussão) e textos reivindicatórios: cartas de reclamação, petição (proposta, suas justificativas e ações a serem adotadas) e suas marcas linguísticas, de forma a incrementar a compreensão de textos pertencentes a esses gêneros e a possibilitar a produção de textos mais adequados e/ou fundamentados quando isso for requerido.",Análise linguística/ semiótica Práticas de Linguagem,"Análise de textos legais/normativos, propositivos e reivindicatórios Objetos de Conhecimento",CURRICULO_REFERENCIA_MS_EF_V1_10,CURRICULO_COMPLETO,CURRICULO_REFERENCIA_MS_EF_V1_10,223
EF_AF,EF6|EF7|EF8|EF9,CURRICULAR,Língua Portuguesa,LP,MS.EF69LP28.s.28,"Observar os mecanismos de modalização adequados aos textos jurídicos, as modalidades deônticas, que se referem ao eixo da conduta (obrigatoriedade/permissibilid ade) como, por exemplo: Proibição: “Não se deve fumar em recintos fechados.”; Obrigatoriedade: “A vida tem que valer a pena.”; Possibilidade: “É permitido a entrada de menores acompanhados de adultos responsáveis”, e os mecanismos de modalização adequados aos textos políticos e propositivos, as modalidades apreciativas, em que o locutor exprime um juízo de valor (positivo ou negativo) acerca do que enuncia. Por exemplo: “Que belo discurso!”, “Discordo das escolhas de Antônio.” “Felizmente, o buraco ainda não causou acidentes mais graves.” DAS PRÁTICAS DE ESTUDO E",Análise linguística/ semiótica Práticas de Linguagem,Modalização CAMPO,CURRICULO_REFERENCIA_MS_EF_V1_10,CURRICULO_COMPLETO,CURRICULO_REFERENCIA_MS_EF_V1_10,224
EF_AF,EF6|EF7|EF8|EF9,CURRICULAR,Língua Portuguesa,LP,MS.EF69LP29.s.29,"Refletir sobre a relação entre os contextos de produção dos gêneros de divulgação científica – texto didático, artigo de divulgação científica, reportagem de divulgação científica, verbete de enciclopédia (impressa e digital), esquema, infográfico (estático e animado), relatório, relato multimidiático de campo, podcasts e vídeos variados de divulgação científica etc. – e os aspectos relativos à construção composicional e às marcas linguística características desses gêneros, de forma a ampliar suas possibilidades de compreensão (e produção) de textos pertencentes a esses gêneros.",Leitura Práticas de Linguagem,Reconstrução das condições de produção e recepção dos textos e adequação do texto à construção composicional e ao estilo de gênero Objetos de Conhecimento,CURRICULO_REFERENCIA_MS_EF_V1_10,CURRICULO_COMPLETO,CURRICULO_REFERENCIA_MS_EF_V1_10,224
EF_AF,EF6|EF7|EF8|EF9,CURRICULAR,Língua Portuguesa,LP,MS.EF69LP30.s.30,"Comparar, com a ajuda do professor, conteúdos, dados e informações de diferentes fontes, levando em conta seus contextos de produção e referências, identificando coincidências, complementaridades e contradições, de forma a poder identificar erros/imprecisões conceituais, compreender e posicionar-se criticamente sobre os conteúdos e informações em questão.",Leitura Práticas de Linguagem,Relação entre textos,CURRICULO_REFERENCIA_MS_EF_V1_10,CURRICULO_COMPLETO,CURRICULO_REFERENCIA_MS_EF_V1_10,225
EF_AF,EF6|EF7|EF8|EF9,CURRICULAR,Língua Portuguesa,LP,MS.EF69LP31.s.31,"Utilizar pistas linguísticas – tais como “em primeiro/segundo/terceiro lugar”, “por outro lado”, “dito de outro modo”, isto é”, “por exemplo” – para compreender a hierarquização das proposições, sintetizando o conteúdo dos textos.",Leitura Práticas de Linguagem,Apreciação e réplica,CURRICULO_REFERENCIA_MS_EF_V1_10,CURRICULO_COMPLETO,CURRICULO_REFERENCIA_MS_EF_V1_10,225
EF_AF,EF6|EF7|EF8|EF9,CURRICULAR,Língua Portuguesa,LP,MS.EF69LP32.s.32,"Selecionar informações e dados relevantes de fontes diversas (impressas, digitais, orais etc.), avaliando a qualidade e a utilidade dessas fontes, e organizar, esquematicamente, com ajuda do professor, as informações necessárias (sem excedê-las) com ou sem apoio de ferramentas digitais, em quadros, tabelas ou gráficos.",Práticas de Linguagem,Estratégias e procedimentos de leitura Relação do verbal com outras semioses Procedimentos e gêneros de apoio à compreensão Objetos de Conhecimento,CURRICULO_REFERENCIA_MS_EF_V1_10,CURRICULO_COMPLETO,CURRICULO_REFERENCIA_MS_EF_V1_10,225
EF_AF,EF6|EF7|EF8|EF9,CURRICULAR,Língua Portuguesa,LP,MS.EF69LP33.s.33,"Articular o verbal com os esquemas, infográficos, imagens variadas etc. na (re)construção dos sentidos dos textos de divulgação científica e retextualizar do discursivo para o esquemático – infográfico, esquema, tabela, gráfico, ilustração etc. – e, ao contrário, transformar o conteúdo das tabelas, esquemas, infográficos, ilustrações etc. em texto discursivo, como forma de ampliar as possibilidades de compreensão desses textos e analisar as características das multissemioses e dos gêneros em questão.",Práticas de Linguagem,Estratégias e procedimentos de leitura Relação do verbal com outras semioses Procedimentos e gêneros de apoio à compreensão,CURRICULO_REFERENCIA_MS_EF_V1_10,CURRICULO_COMPLETO,CURRICULO_REFERENCIA_MS_EF_V1_10,226
EF_AF,EF6|EF7|EF8|EF9,CURRICULAR,Língua Portuguesa,LP,MS.EF69LP34.s.34,"Grifar as partes essenciais do texto, tendo em vista os objetivos de leitura, produzir marginálias (ou tomar notas em outro suporte), sínteses organizadas em itens, quadro sinóptico, quadro comparativo, esquema, resumo ou resenha do texto lido (com ou sem comentário/análise), mapa conceitual, dependendo do que for mais adequado, como forma de possibilitar uma maior compreensão do texto, a sistematização de conteúdos e informações e um posicionamento frente aos textos, se esse for o caso.",Práticas de Linguagem,Estratégias e procedimentos de leitura Relação do verbal com outras semioses Procedimentos e gêneros de apoio à compreensão,CURRICULO_REFERENCIA_MS_EF_V1_10,CURRICULO_COMPLETO,CURRICULO_REFERENCIA_MS_EF_V1_10,226
EF_AF,EF6|EF7|EF8|EF9,CURRICULAR,Língua Portuguesa,LP,MS.EF69LP35.s.35,"Planejar textos de divulgação científica, a partir da elaboração de esquema que considere as pesquisas feitas anteriormente, de notas e sínteses de leituras ou de registros de experimentos ou de estudo de campo, produzir, revisar e editar textos voltados para a divulgação do conhecimento e de dados e resultados de pesquisas, tais como artigo de divulgação científica, artigo de opinião, reportagem científica, verbete de enciclopédia, verbete de enciclopédia digital colaborativa , infográfico, relatório, relato de experimento científico, relato (multimidiático) de campo, tendo em vista seus contextos de produção, que podem envolver a disponibilização de informações e conhecimentos em circulação em um formato mais acessível para um público específico ou a divulgação de conhecimentos advindos de pesquisas bibliográficas, experimentos científicos e estudos de campo realizados.",Produção de textos Práticas de Linguagem,Consideração das condições de produção de textos de divulgação científica Estratégias de escrita Objetos de Conhecimento,CURRICULO_REFERENCIA_MS_EF_V1_10,CURRICULO_COMPLETO,CURRICULO_REFERENCIA_MS_EF_V1_10,226
EF_AF,EF6|EF7|EF8|EF9,CURRICULAR,Língua Portuguesa,LP,MS.EF69LP36.s.36,"Produzir, revisar e editar textos voltados para a divulgação do conhecimento e de dados e resultados de pesquisas, tais como artigos de divulgação científica, verbete de enciclopédia, infográfico, infográfico animado, podcast ou vlog científico, relato de experimento, relatório, relatório multimidiático de campo, dentre outros, considerando o contexto de produção e as regularidades dos gêneros em termos de suas construções composicionais e estilos.",Produção de textos Práticas de Linguagem,"Estratégias de escrita: textualização, revisão e edição",CURRICULO_REFERENCIA_MS_EF_V1_10,CURRICULO_COMPLETO,CURRICULO_REFERENCIA_MS_EF_V1_10,227
EF_AF,EF6|EF7|EF8|EF9,CURRICULAR,Língua Portuguesa,LP,MS.EF69LP37.s.37,"Produzir roteiros para elaboração de vídeos de diferentes tipos (vlog científico, vídeo-minuto, programa de rádio, podcasts) para divulgação de conhecimentos científicos e resultados de pesquisa, tendo em vista seu contexto de produção, os elementos e a construção composicional dos roteiros.",Práticas de Linguagem,Estratégias de produção Objetos de Conhecimento,CURRICULO_REFERENCIA_MS_EF_V1_10,CURRICULO_COMPLETO,CURRICULO_REFERENCIA_MS_EF_V1_10,227
EF_AF,EF6|EF7|EF8|EF9,CURRICULAR,Língua Portuguesa,LP,MS.EF69LP38.s.38,"Organizar os dados e informações pesquisados em painéis ou slides de apresentação, levando em conta o contexto de produção, o tempo disponível, as características do gênero apresentação oral, a multissemiose, as mídias e tecnologias que serão utilizadas, ensaiar a apresentação, considerando também elementos paralinguísticos e cinésicos e proceder à exposição oral de resultados de estudos e pesquisas, no tempo determinado, a partir do planejamento e da definição de diferentes formas de uso da fala – memorizada, com apoio da leitura ou fala espontânea.",Oralidade,Estratégias de produção: planejamento e produção de apresentações orais,CURRICULO_REFERENCIA_MS_EF_V1_10,CURRICULO_COMPLETO,CURRICULO_REFERENCIA_MS_EF_V1_10,228
EF_AF,EF6|EF7|EF8|EF9,CURRICULAR,Língua Portuguesa,LP,MS.EF69LP39.s.39,"Definir o recorte temático da entrevista e o entrevistado, levantar informações sobre o entrevistado e sobre o tema da entrevista, elaborar roteiro de perguntas, realizar entrevista, a partir do roteiro, abrindo possibilidades para fazer perguntas a partir da resposta, se o contexto permitir, tomar nota, gravar ou salvar a entrevista e usar adequadamente as informações obtidas, de acordo com os objetivos estabelecidos.",Práticas de Linguagem,Estratégias de produção Objetos de Conhecimento,CURRICULO_REFERENCIA_MS_EF_V1_10,CURRICULO_COMPLETO,CURRICULO_REFERENCIA_MS_EF_V1_10,228
EF_AF,EF6|EF7|EF8|EF9,CURRICULAR,Língua Portuguesa,LP,MS.EF69LP40.s.40,"Analisar, em gravações de seminários, conferências rápidas, trechos de palestras, dentre outros, a construção composicional dos gêneros de apresentação – abertura/saudação, introdução ao tema, apresentação do plano de exposição, desenvolvimento dos conteúdos, por meio do encadeamento de temas e subtemas (coesão temática), síntese final e/ou conclusão, encerramento –, os elementos paralinguísticos (tais como: tom e volume da voz, pausas e hesitações – que, em geral, devem ser minimizadas –, modulação de voz e entonação, ritmo, respiração etc.) e cinésicos (tais como: postura corporal, movimentos e gestualidade significativa, expressão facial, contato de olho com plateia, modulação de voz e entonação, sincronia da fala com ferramenta de apoio etc.), para melhor performar apresentações orais no campo da divulgação do conhecimento.",Análise linguística/ semiótica,Construção composicional Elementos paralinguísticos e cinésicos Apresentações orais,CURRICULO_REFERENCIA_MS_EF_V1_10,CURRICULO_COMPLETO,CURRICULO_REFERENCIA_MS_EF_V1_10,229
EF_AF,EF6|EF7|EF8|EF9,CURRICULAR,Língua Portuguesa,LP,MS.EF69LP41.s.41,"Usar adequadamente ferramentas de apoio a apresentações orais, escolhendo e usando tipos e tamanhos de fontes que permitam boa visualização, topicalizando e/ou organizando o conteúdo em itens, inserindo de forma adequada imagens, gráficos, tabelas, formas e elementos gráficos, dimensionando a quantidade de texto (e imagem) por slide, usando progressivamente e de forma harmônica recursos mais sofisticados como efeitos de transição, slides mestres, layouts personalizados etc.",Análise linguística/ semiótica,Usar adequadamente ferramentas de apoio a apresentações orais,CURRICULO_REFERENCIA_MS_EF_V1_10,CURRICULO_COMPLETO,CURRICULO_REFERENCIA_MS_EF_V1_10,229
EF_AF,EF6|EF7|EF8|EF9,CURRICULAR,Língua Portuguesa,LP,MS.EF69LP42.s.42,"Analisar a construção composicional dos textos pertencentes a gêneros relacionados à divulgação de conhecimentos: título, (olho), introdução, divisão do texto em subtítulos, imagens ilustrativas de conceitos, relações, ou resultados complexos (fotos, ilustrações, esquemas, gráficos, infográficos, diagramas, figuras, tabelas, mapas) etc., exposição, contendo definições, descrições, comparações, enumerações, exemplificações e remissões a conceitos e relações por meio de notas de rodapé, boxes ou links; ou título, contextualização do campo, ordenação temporal ou temática por tema ou subtema, intercalação de trechos verbais com fotos, ilustrações, áudios, vídeos etc. e reconhecer traços da linguagem dos textos de divulgação científica, fazendo uso consciente das estratégias de impessoalização da linguagem (ou de pessoalização, se o tipo de publicação e objetivos assim o demandarem, como em alguns podcasts e vídeos de divulgação científica), 3ª pessoa, presente atemporal, recurso à citação, uso de vocabulário técnico/especializado etc., como forma de ampliar suas capacidades de compreensão e produção de textos nesses gêneros.",Práticas de Linguagem,Construção composicional e estilo Gêneros de divulgação científica Objetos de Conhecimento,CURRICULO_REFERENCIA_MS_EF_V1_10,CURRICULO_COMPLETO,CURRICULO_REFERENCIA_MS_EF_V1_10,229
EF_AF,EF6|EF7|EF8|EF9,CURRICULAR,Língua Portuguesa,LP,MS.EF69LP43.s.43,"Identificar e utilizar os modos de introdução de outras vozes no texto – citação literal e sua formatação e paráfrase –, as pistas linguísticas responsáveis por introduzir no texto a posição do autor e dos outros autores citados (“Segundo X; De acordo com Y; De minha/nossa parte, penso/amos que”...) e os elementos de normatização (tais como as regras de inclusão e formatação de citações e paráfrases, de organização de referências bibliográficas) em textos científicos, desenvolvendo reflexão sobre o modo como a intertextualidade e a retextualização ocorrem nesses textos. CAMPO ARTÍSTICO-LITERÁRIO",Práticas de Linguagem,Marcas linguísticas Intertextualidade Objetos de Conhecimento,CURRICULO_REFERENCIA_MS_EF_V1_10,CURRICULO_COMPLETO,CURRICULO_REFERENCIA_MS_EF_V1_10,230
EF_AF,EF6|EF7|EF8|EF9,CURRICULAR,Língua Portuguesa,LP,MS.EF69LP44.s.44,"Inferir a presença de valores sociais, culturais e humanos e de diferentes visões de mundo, em textos literários, reconhecendo nesses textos formas de estabelecer múltiplos olhares sobre as identidades, sociedades e culturas e considerando a autoria e o contexto social e histórico de sua produção.",Leitura,"Reconstrução das condições de produção, circulação e recepção Apreciação e réplica",CURRICULO_REFERENCIA_MS_EF_V1_10,CURRICULO_COMPLETO,CURRICULO_REFERENCIA_MS_EF_V1_10,231
EF_AF,EF6|EF7|EF8|EF9,CURRICULAR,Língua Portuguesa,LP,MS.EF69LP45.s.45,"Posicionar-se criticamente em relação a textos pertencentes a gêneros como quarta-capa, programa (de teatro, dança, exposição etc.), sinopse, resenha crítica, comentário em blog/vlog cultural etc., para selecionar obras literárias e outras manifestações artísticas (cinema, teatro, exposições, espetáculos, CD´s, DVD´s etc.), diferenciando as sequências descritivas e avaliativas e reconhecendo-os como gêneros que apoiam a escolha do livro ou produção cultural e consultando-os no momento de fazer escolhas, quando for o caso.",Práticas de Linguagem,"Reconstrução das condições de produção, circulação e recepção Apreciação e réplica Objetos de Conhecimento",CURRICULO_REFERENCIA_MS_EF_V1_10,CURRICULO_COMPLETO,CURRICULO_REFERENCIA_MS_EF_V1_10,231
EF_AF,EF6|EF7|EF8|EF9,CURRICULAR,Língua Portuguesa,LP,MS.EF69LP46.s.46,"Participar de práticas de compartilhamento de leitura/recepção de obras literárias/ manifestações artísticas, como rodas de leitura, clubes de leitura, eventos de contação de histórias, de leituras dramáticas, de apresentações teatrais, musicais e de filmes, cineclubes, festivais de vídeo, saraus, slams, canais de booktubers, redes sociais temáticas (de leitores, de cinéfilos, de música etc.), dentre outros, tecendo, quando possível, comentários de ordem estética e afetiva e justificando suas apreciações, escrevendo comentários e resenhas para jornais, blogs e redes sociais e utilizando formas de expressão das culturas juvenis, tais como, vlogs e podcasts culturais (literatura, cinema, teatro, música), playlists comentadas, fanfics, fanzines, e-zines, fanvídeos, fanclipes, posts em fanpages, trailer honesto, vídeo-minuto, dentre outras possibilidades de práticas de apreciação e de manifestação da cultura de fãs.",Práticas de Linguagem,"Reconstrução das condições de produção, circulação e recepção Apreciação e réplica",CURRICULO_REFERENCIA_MS_EF_V1_10,CURRICULO_COMPLETO,CURRICULO_REFERENCIA_MS_EF_V1_10,232
EF_AF,EF6|EF7|EF8|EF9,CURRICULAR,Língua Portuguesa,LP,MS.EF69LP47.s.47,"Analisar, em textos narrativos ficcionais, as diferentes formas de composição próprias de cada gênero, os recursos coesivos que constroem a passagem do tempo e articulam suas partes, a escolha lexical típica de cada gênero para a caracterização dos cenários e dos personagens e os efeitos de sentido decorrentes dos tempos verbais, dos tipos de discurso, dos verbos de enunciação e das variedades linguísticas (no discurso direto, se houver) empregados, identificando o enredo e o foco narrativo e percebendo como se estrutura a narrativa nos diferentes gêneros e os efeitos de sentido decorrentes do foco narrativo típico de cada gênero, da caracterização dos espaços físico e psicológico e dos tempos cronológico e psicológico, das diferentes vozes no texto (do narrador, de personagens em discurso direto e indireto), do uso de pontuação expressiva, palavras e expressões conotativas e processos figurativos e do uso de recursos linguísticogramaticais próprios a cada gênero narrativo.",Práticas de Linguagem,Reconstrução da textualidade e compreensão dos efeitos de sentidos provocados pelos usos de recursos linguísticos e multissemióticos Objetos de Conhecimento,CURRICULO_REFERENCIA_MS_EF_V1_10,CURRICULO_COMPLETO,CURRICULO_REFERENCIA_MS_EF_V1_10,232
EF_AF,EF6|EF7|EF8|EF9,CURRICULAR,Língua Portuguesa,LP,MS.EF69LP48.s.48,"Interpretar, em poemas, efeitos produzidos pelo uso de recursos expressivos sonoros (estrofação, rimas, aliterações etc), semânticos (figuras de linguagem, por exemplo), gráficoespacial (distribuição da mancha gráfica no papel), imagens e sua relação com o texto verbal.",Práticas de Linguagem,Reconstrução da textualidade e compreensão dos efeitos de sentidos provocados pelos usos de recursos linguísticos e multissemióticos,CURRICULO_REFERENCIA_MS_EF_V1_10,CURRICULO_COMPLETO,CURRICULO_REFERENCIA_MS_EF_V1_10,233
EF_AF,EF6|EF7|EF8|EF9,CURRICULAR,Língua Portuguesa,LP,MS.EF69LP49.s.49,"Mostrar-se interessado e envolvido pela leitura de livros de literatura e por outras produções culturais do campo e receptivo a textos que rompam com seu universo de expectativas, que representem um desafio em relação às suas possibilidades atuais e suas experiências anteriores de leitura, apoiando-se nas marcas linguísticas, em seu conhecimento sobre os gêneros e a temática e nas orientações dadas pelo professor.",Práticas de Linguagem,Adesão às práticas de leitura Objetos de Conhecimento,CURRICULO_REFERENCIA_MS_EF_V1_10,CURRICULO_COMPLETO,CURRICULO_REFERENCIA_MS_EF_V1_10,233
EF_AF,EF6|EF7|EF8|EF9,CURRICULAR,Língua Portuguesa,LP,MS.EF69LP50.s.50,"Elaborar texto teatral, a partir da adaptação de romances, contos, mitos, narrativas de enigma e de aventura, novelas, biografias romanceadas, crônicas, dentre outros, indicando as rubricas para caracterização do cenário, do espaço, do tempo; explicitando a caracterização física e psicológica dos personagens e dos seus modos de ação; reconfigurando a inserção do discurso direto e dos tipos de narrador; explicitando as marcas de variação linguística (dialetos, registros e jargões) e retextualizando o tratamento da temática.",Produção de textos,Relação entre textos,CURRICULO_REFERENCIA_MS_EF_V1_10,CURRICULO_COMPLETO,CURRICULO_REFERENCIA_MS_EF_V1_10,234
EF_AF,EF6|EF7|EF8|EF9,CURRICULAR,Língua Portuguesa,LP,MS.EF69LP51.s.51,"Engajar-se ativamente nos processos de planejamento, textualização, revisão/ edição e reescrita, tendo em vista as restrições temáticas, composicionais e estilísticas dos textos pretendidos e as configurações da situação de produção – o leitor pretendido, o suporte, o contexto de circulação do texto, as finalidades etc. – e considerando a imaginação, a estesia e a verossimilhança próprias ao texto literário.",Produção de textos,"Consideração das condições de produção Estratégias de produção: planejamento, textualização e revisão/edição",CURRICULO_REFERENCIA_MS_EF_V1_10,CURRICULO_COMPLETO,CURRICULO_REFERENCIA_MS_EF_V1_10,234
EF_AF,EF6|EF7|EF8|EF9,CURRICULAR,Língua Portuguesa,LP,MS.EF69LP52.s.52,"Representar cenas ou textos dramáticos, considerando, na caracterização dos personagens, os aspectos linguísticos e paralinguísticos das falas (timbre e tom de voz, pausas e hesitações, entonação e expressividade, variedades e registros linguísticos), os gestos e os deslocamentos no espaço cênico, o figurino e a maquiagem e elaborando as rubricas indicadas pelo autor por meio do cenário, da trilha sonora e da exploração dos modos de interpretação.",Oralidade Práticas de Linguagem,Produção de textos orais Objetos de Conhecimento,CURRICULO_REFERENCIA_MS_EF_V1_10,CURRICULO_COMPLETO,CURRICULO_REFERENCIA_MS_EF_V1_10,234
EF_AF,EF6|EF7|EF8|EF9,CURRICULAR,Língua Portuguesa,LP,MS.EF69LP53.s.53,"Ler em voz alta textos literários diversos – como contos de amor, de humor, de suspense, de terror; crônicas líricas, humorísticas, críticas; bem como leituras orais capituladas (compartilhadas ou não com o professor) de livros de maior extensão, como romances, narrativas de enigma, narrativas de aventura, literatura infantojuvenil, – contar/recontar histórias tanto da tradição oral (causos, contos de esperteza, contos de animais, contos de amor, contos de encantamento, piadas, dentre outros) quanto da tradição literária escrita, expressando a compreensão e interpretação do texto por meio de uma leitura ou fala expressiva e fluente, que respeite o ritmo, as pausas, as hesitações, a entonação indicados tanto pela pontuação quanto por outros recursos gráficoeditoriais, como negritos, itálicos, caixa-alta, ilustrações etc., gravando essa leitura ou esse conto/reconto, seja para análise posterior, seja para produção de audiobooks de textos literários diversos ou de podcasts de leituras dramáticas com ou sem efeitos especiais e ler e/ou declamar poemas diversos, tanto de forma livre quanto de forma fixa (como quadras, sonetos, liras, haicais etc.), empregando os recursos linguísticos, paralinguísticos e cinésicos necessários aos efeitos de sentido pretendidos, como o ritmo e a entonação, o emprego de pausas e prolongamentos, o tom e o timbre vocais, bem como eventuais recursos de gestualidade e pantomima que convenham ao gênero poético e à situação de compartilhamento em questão.",Práticas de Linguagem,Produção de textos orais Oralização Objetos de Conhecimento,CURRICULO_REFERENCIA_MS_EF_V1_10,CURRICULO_COMPLETO,CURRICULO_REFERENCIA_MS_EF_V1_10,235
EF_AF,EF6|EF7|EF8|EF9,CURRICULAR,Língua Portuguesa,LP,MS.EF69LP54.s.54,"Analisar os efeitos de sentido decorrentes da interação entre os elementos linguísticos e os recursos paralinguísticos e cinésicos, como as variações no ritmo, as modulações no tom de voz, as pausas, as manipulações do estrato sonoro da linguagem, obtidos por meio da estrofação, das rimas e de figuras de linguagem como as aliterações, as assonâncias, as onomatopeias, dentre outras, a postura corporal e a gestualidade, na declamação de poemas, apresentações musicais e teatrais, tanto em gêneros em prosa quanto nos gêneros poéticos, os efeitos de sentido decorrentes do emprego de figuras de linguagem, tais como comparação, metáfora, personificação, metonímia, hipérbole, eufemismo, ironia, paradoxo e antítese e os efeitos de sentido decorrentes do emprego de palavras e expressões denotativas e conotativas (adjetivos, locuções adjetivas, orações subordinadas adjetivas etc.), que funcionam como modificadores, percebendo sua função na caracterização dos espaços, tempos, personagens e ações próprios de cada gênero narrativo. TODOS OS CAMPOS DE ATUAÇÃO",Análise linguística/ semiótica Práticas de Linguagem,Recursos linguísticos e semióticos que operam nos textos pertencentes aos gêneros literários Objetos de Conhecimento,CURRICULO_REFERENCIA_MS_EF_V1_10,CURRICULO_COMPLETO,CURRICULO_REFERENCIA_MS_EF_V1_10,236
EF_AF,EF6|EF7|EF8|EF9,CURRICULAR,Língua Portuguesa,LP,MS.EF69LP55.s.55,"Reconhecer as variedades da língua falada, o conceito de norma-padrão e o de preconceito linguístico.",Análise linguística/ semiótica,Variação linguística,CURRICULO_REFERENCIA_MS_EF_V1_10,CURRICULO_COMPLETO,CURRICULO_REFERENCIA_MS_EF_V1_10,237
EF_AF,EF6|EF7|EF8|EF9,CURRICULAR,Língua Portuguesa,LP,MS.EF69LP56.s.56,Fazer uso consciente e reflexivo de regras e normas da norma-padrão em situações de fala e escrita nas quais ela deve ser usada.,Análise linguística/ semiótica,Variação linguística,CURRICULO_REFERENCIA_MS_EF_V1_10,CURRICULO_COMPLETO,CURRICULO_REFERENCIA_MS_EF_V1_10,237
EF_AF,EF7,CURRICULAR,Língua Portuguesa,LP,MS.EF07LP01.s.01,"Distinguir diferentes propostas editoriais – sensacionalismo, jornalismo investigativo etc. –, de forma a identificar os recursos utilizados para impactar/chocar o leitor que podem comprometer uma análise crítica da notícia e do fato noticiado.",Leitura Práticas de Linguagem,"Reconstrução do contexto de produção, circulação e recepção de textos Caracterização do campo jornalístico e relação entre os gêneros em circulação, mídias e práticas da cultura digital Objetos de Conhecimento",CURRICULO_REFERENCIA_MS_EF_V1_10,CURRICULO_COMPLETO,CURRICULO_REFERENCIA_MS_EF_V1_10,260
EF_AF,EF7,CURRICULAR,Língua Portuguesa,LP,MS.EF07LP02.s.02,"Comparar notícias e reportagens sobre um mesmo fato divulgadas em diferentes mídias, analisando as especificidades das mídias, os processos de (re)elaboração dos textos e a convergência das mídias em notícias ou reportagens multissemióticas. TODOS OS CAMPOS DE ATUAÇÃO",Leitura Práticas de Linguagem,"Reconstrução do contexto de produção, circulação e recepção de textos Caracterização do campo jornalístico e relação entre os gêneros em circulação, mídias e práticas da cultura digital",CURRICULO_REFERENCIA_MS_EF_V1_10,CURRICULO_COMPLETO,CURRICULO_REFERENCIA_MS_EF_V1_10,261
EF_AF,EF7,CURRICULAR,Língua Portuguesa,LP,MS.EF07LP03.s.03,"Formar, com base em palavras primitivas, palavras derivadas com os prefixos e sufixos mais produtivos no português.",Análise linguística/ semiótica Práticas de Linguagem,Léxico/morfologia Objetos de Conhecimento,CURRICULO_REFERENCIA_MS_EF_V1_10,CURRICULO_COMPLETO,CURRICULO_REFERENCIA_MS_EF_V1_10,261
EF_AF,EF7,CURRICULAR,Língua Portuguesa,LP,MS.EF07LP04.s.04,"Reconhecer, em textos, o verbo como o núcleo das orações.",Análise linguística/ semiótica Práticas de Linguagem,Morfossintaxe,CURRICULO_REFERENCIA_MS_EF_V1_10,CURRICULO_COMPLETO,CURRICULO_REFERENCIA_MS_EF_V1_10,262
EF_AF,EF7,CURRICULAR,Língua Portuguesa,LP,MS.EF07LP05.s.05,"Identificar, em orações de textos lidos ou de produção própria, verbos de predicação completa e incompleta: intransitivos e transitivos.",Práticas de Linguagem,Morfossintaxe Objetos de Conhecimento,CURRICULO_REFERENCIA_MS_EF_V1_10,CURRICULO_COMPLETO,CURRICULO_REFERENCIA_MS_EF_V1_10,262
EF_AF,EF7,CURRICULAR,Língua Portuguesa,LP,MS.EF07LP06.s.06,Empregar as regras básicas de concordância nominal e verbal em situações comunicativas e na produção de textos.,Práticas de Linguagem,Morfossintaxe,CURRICULO_REFERENCIA_MS_EF_V1_10,CURRICULO_COMPLETO,CURRICULO_REFERENCIA_MS_EF_V1_10,263
EF_AF,EF7,CURRICULAR,Língua Portuguesa,LP,MS.EF07LP07.s.07,"Identificar, em textos lidos ou de produção própria, a estrutura básica da oração: sujeito, predicado, complemento (objetos direto e indireto).",Práticas de Linguagem,Morfossintaxe Objetos de Conhecimento,CURRICULO_REFERENCIA_MS_EF_V1_10,CURRICULO_COMPLETO,CURRICULO_REFERENCIA_MS_EF_V1_10,263
EF_AF,EF7,CURRICULAR,Língua Portuguesa,LP,MS.EF07LP08.s.08,"Identificar, em textos lidos ou de produção própria, adjetivos que ampliam o sentido do substantivo sujeito ou complemento verbal.",Práticas de Linguagem,Morfossintaxe Objetos de Conhecimento,CURRICULO_REFERENCIA_MS_EF_V1_10,CURRICULO_COMPLETO,CURRICULO_REFERENCIA_MS_EF_V1_10,264
EF_AF,EF7,CURRICULAR,Língua Portuguesa,LP,MS.EF07LP09.s.09,"Identificar, em textos lidos ou de produção própria, advérbios e locuções adverbiais que ampliam o sentido do verbo núcleo da oração.",Práticas de Linguagem,Morfossintaxe,CURRICULO_REFERENCIA_MS_EF_V1_10,CURRICULO_COMPLETO,CURRICULO_REFERENCIA_MS_EF_V1_10,265
EF_AF,EF7,CURRICULAR,Língua Portuguesa,LP,MS.EF07LP10.s.10,"Utilizar, ao produzir texto, conhecimentos linguísticos e gramaticais: modos e tempos verbais, concordância nominal e verbal, pontuação etc.",Práticas de Linguagem,Morfossintaxe Objetos de Conhecimento,CURRICULO_REFERENCIA_MS_EF_V1_10,CURRICULO_COMPLETO,CURRICULO_REFERENCIA_MS_EF_V1_10,265
EF_AF,EF7,CURRICULAR,Língua Portuguesa,LP,MS.EF07LP11.s.11,"Identificar, em textos lidos ou de produção própria, períodos compostos nos quais duas orações são conectadas por vírgula, ou por conjunções que expressem soma de sentido (conjunção “e”) ou oposição de sentidos (conjunções “mas”, “porém”).",Práticas de Linguagem,Morfossintaxe Objetos de Conhecimento,CURRICULO_REFERENCIA_MS_EF_V1_10,CURRICULO_COMPLETO,CURRICULO_REFERENCIA_MS_EF_V1_10,266
EF_AF,EF7,CURRICULAR,Língua Portuguesa,LP,MS.EF07LP12.s.12,"Reconhecer recursos de coesão referencial: substituições lexicais (de substantivos por sinônimos) ou pronominais (uso de pronomes anafóricos – pessoais, possessivos, demonstrativos).",Práticas de Linguagem,Semântica Coesão,CURRICULO_REFERENCIA_MS_EF_V1_10,CURRICULO_COMPLETO,CURRICULO_REFERENCIA_MS_EF_V1_10,267
EF_AF,EF7,CURRICULAR,Língua Portuguesa,LP,MS.EF07LP13.s.13,"Estabelecer relações entre partes do texto, identificando substituições lexicais (de substantivos por sinônimos) ou pronominais (uso de pronomes anafóricos – pessoais, possessivos, demonstrativos), que contribuem para a continuidade do texto.",Práticas de Linguagem,Coesão Objetos de Conhecimento,CURRICULO_REFERENCIA_MS_EF_V1_10,CURRICULO_COMPLETO,CURRICULO_REFERENCIA_MS_EF_V1_10,267
EF_AF,EF7,CURRICULAR,Língua Portuguesa,LP,MS.EF07LP14.s.14,"Identificar, em textos, os efeitos de sentido do uso de estratégias de modalização e argumentatividade.",Práticas de Linguagem,Modalização,CURRICULO_REFERENCIA_MS_EF_V1_10,CURRICULO_COMPLETO,CURRICULO_REFERENCIA_MS_EF_V1_10,268
EF_AF,EF8,CURRICULAR,Língua Portuguesa,LP,MS.EF08LP01.s.01,"Identificar e comparar as várias editorias de jornais impressos e digitais e de sites noticiosos, de forma a refletir sobre os tipos de fato que são noticiados e comentados, as escolhas sobre o que noticiar e o que não noticiar e o destaque/enfoque dado e a fidedignidade da informação.",Leitura Práticas de Linguagem,"Reconstrução do contexto de produção, circulação e recepção de textos Caracterização do campo jornalístico e relação entre os gêneros em circulação, mídias e práticas da cultura digital. Objetos de Conhecimento",CURRICULO_REFERENCIA_MS_EF_V1_10,CURRICULO_COMPLETO,CURRICULO_REFERENCIA_MS_EF_V1_10,286
EF_AF,EF8,CURRICULAR,Língua Portuguesa,LP,MS.EF08LP02.s.02,"Justificar diferenças ou semelhanças no tratamento dado a uma mesma informação veiculada em textos diferentes, consultando sites e serviços de checadores de fatos.",Leitura Práticas de Linguagem,Relação entre textos,CURRICULO_REFERENCIA_MS_EF_V1_10,CURRICULO_COMPLETO,CURRICULO_REFERENCIA_MS_EF_V1_10,287
EF_AF,EF8,CURRICULAR,Língua Portuguesa,LP,MS.EF08LP03.s.03,"Produzir artigos de opinião, tendo em vista o contexto de produção dado, a defesa de um ponto de vista, utilizando argumentos e contraargumentos e articuladores de coesão que marquem relações de oposição, contraste, exemplificação, ênfase. TODOS OS CAMPOS DE ATUAÇÃO",Produção de textos Práticas de Linguagem,Textualização de textos argumentativos e apreciativos Objetos de Conhecimento,CURRICULO_REFERENCIA_MS_EF_V1_10,CURRICULO_COMPLETO,CURRICULO_REFERENCIA_MS_EF_V1_10,287
EF_AF,EF8,CURRICULAR,Língua Portuguesa,LP,MS.EF08LP04.s.04,"Utilizar, ao produzir texto, conhecimentos linguísticos e gramaticais: ortografia, regências e concordâncias nominal e verbal, modos e tempos verbais, pontuação etc.",Análise linguística/ semiótica,Fono-ortografia,CURRICULO_REFERENCIA_MS_EF_V1_10,CURRICULO_COMPLETO,CURRICULO_REFERENCIA_MS_EF_V1_10,288
EF_AF,EF8,CURRICULAR,Língua Portuguesa,LP,MS.EF08LP05.s.05,"Analisar processos de formação de palavras por composição (aglutinação e justaposição), apropriando-se de regras básicas de uso do hífen em palavras compostas.",Práticas de Linguagem,Léxico/morfologia Objetos de Conhecimento,CURRICULO_REFERENCIA_MS_EF_V1_10,CURRICULO_COMPLETO,CURRICULO_REFERENCIA_MS_EF_V1_10,288
EF_AF,EF8,CURRICULAR,Língua Portuguesa,LP,MS.EF08LP06.s.06,"Identificar, em textos lidos ou de produção própria, os termos constitutivos da oração (sujeito e seus modificadores, verbo e seus complementos e modificadores).",Práticas de Linguagem,Morfossintaxe,CURRICULO_REFERENCIA_MS_EF_V1_10,CURRICULO_COMPLETO,CURRICULO_REFERENCIA_MS_EF_V1_10,289
EF_AF,EF8,CURRICULAR,Língua Portuguesa,LP,MS.EF08LP07.s.07,"Diferenciar, em textos lidos ou de produção própria, complementos diretos e indiretos de verbos transitivos, apropriando-se da regência de verbos de uso frequente.",Práticas de Linguagem,Morfossintaxe Objetos de Conhecimento,CURRICULO_REFERENCIA_MS_EF_V1_10,CURRICULO_COMPLETO,CURRICULO_REFERENCIA_MS_EF_V1_10,289
EF_AF,EF8,CURRICULAR,Língua Portuguesa,LP,MS.EF08LP08.s.08,"Identificar, em textos lidos ou de produção própria, verbos na voz ativa e na voz passiva, interpretando os efeitos de sentido de sujeito ativo e passivo (agente da passiva).",Práticas de Linguagem,Morfossintaxe,CURRICULO_REFERENCIA_MS_EF_V1_10,CURRICULO_COMPLETO,CURRICULO_REFERENCIA_MS_EF_V1_10,290
EF_AF,EF8,CURRICULAR,Língua Portuguesa,LP,MS.EF08LP09.s.09,"Interpretar efeitos de sentido de modificadores (adjuntos adnominais – artigos definido ou indefinido, adjetivos, expressões adjetivas) em substantivos com função de sujeito ou de complemento verbal, usando-os para enriquecer seus próprios textos.",Práticas de Linguagem,Morfossintaxe Objetos de Conhecimento,CURRICULO_REFERENCIA_MS_EF_V1_10,CURRICULO_COMPLETO,CURRICULO_REFERENCIA_MS_EF_V1_10,290
EF_AF,EF8,CURRICULAR,Língua Portuguesa,LP,MS.EF08LP10.s.10,"Interpretar, em textos lidos ou de produção própria, efeitos de sentido de modificadores do verbo (adjuntos adverbiais – advérbios e expressões adverbiais), usando-os para enriquecer seus próprios textos.",Práticas de Linguagem,Morfossintaxe Objetos de Conhecimento,CURRICULO_REFERENCIA_MS_EF_V1_10,CURRICULO_COMPLETO,CURRICULO_REFERENCIA_MS_EF_V1_10,291
EF_AF,EF8,CURRICULAR,Língua Portuguesa,LP,MS.EF08LP11.s.11,"Identificar, em textos lidos ou de produção própria, agrupamento de orações em períodos, diferenciando coordenação de subordinação.",Práticas de Linguagem,Morfossintaxe,CURRICULO_REFERENCIA_MS_EF_V1_10,CURRICULO_COMPLETO,CURRICULO_REFERENCIA_MS_EF_V1_10,292
EF_AF,EF8,CURRICULAR,Língua Portuguesa,LP,MS.EF08LP12.s.12,"Identificar, em textos lidos, orações subordinadas com conjunções de uso frequente, incorporando-as às suas próprias produções.",Práticas de Linguagem,Morfossintaxe Objetos de Conhecimento,CURRICULO_REFERENCIA_MS_EF_V1_10,CURRICULO_COMPLETO,CURRICULO_REFERENCIA_MS_EF_V1_10,292
EF_AF,EF8,CURRICULAR,Língua Portuguesa,LP,MS.EF08LP13.s.13,Inferir efeitos de sentido decorrentes do uso de recursos de coesão sequencial: conjunções e articuladores textuais.,Práticas de Linguagem,Morfossintaxe,CURRICULO_REFERENCIA_MS_EF_V1_10,CURRICULO_COMPLETO,CURRICULO_REFERENCIA_MS_EF_V1_10,293
EF_AF,EF8,CURRICULAR,Língua Portuguesa,LP,MS.EF08LP14.s.14,"Utilizar, ao produzir texto, recursos de coesão sequencial (articuladores) e referencial (léxica e pronominal), construções passivas e impessoais, discurso direto e indireto e outros recursos expressivos adequados ao gênero textual.",Práticas de Linguagem,Semântica Objetos de Conhecimento,CURRICULO_REFERENCIA_MS_EF_V1_10,CURRICULO_COMPLETO,CURRICULO_REFERENCIA_MS_EF_V1_10,293
EF_AF,EF8,CURRICULAR,Língua Portuguesa,LP,MS.EF08LP15.s.15,"Estabelecer relações entre partes do texto, identificando o antecedente de um pronome relativo ou o referente comum de uma cadeia de substituições lexicais.",Práticas de Linguagem,Coesão Objetos de Conhecimento,CURRICULO_REFERENCIA_MS_EF_V1_10,CURRICULO_COMPLETO,CURRICULO_REFERENCIA_MS_EF_V1_10,294
EF_AF,EF8,CURRICULAR,Língua Portuguesa,LP,MS.EF08LP16.s.16,"Explicar os efeitos de sentido do uso, em textos, de estratégias de modalização e argumentatividade (sinais de pontuação, adjetivos, substantivos, expressões de grau, verbos e perífrases verbais, advérbios etc.).",Práticas de Linguagem,Modalização,CURRICULO_REFERENCIA_MS_EF_V1_10,CURRICULO_COMPLETO,CURRICULO_REFERENCIA_MS_EF_V1_10,295
EF_AF,EF8|EF9,CURRICULAR,Língua Portuguesa,LP,MS.EF89LP01.s.01,"Analisar os interesses que movem o campo jornalístico, os efeitos das novas tecnologias no campo e as condições que fazem da informação uma mercadoria, de forma a poder desenvolver uma atitude crítica frente aos textos jornalísticos.",Leitura,"Reconstrução do contexto de produção, circulação e recepção de textos Caracterização do campo jornalístico e relação entre os gêneros em circulação, mídias e práticas da cultura digital",CURRICULO_REFERENCIA_MS_EF_V1_10,CURRICULO_COMPLETO,CURRICULO_REFERENCIA_MS_EF_V1_10,269
EF_AF,EF8|EF9,CURRICULAR,Língua Portuguesa,LP,MS.EF89LP02.s.02,"Analisar diferentes práticas (curtir, compartilhar, comentar, curar etc.) e textos pertencentes a diferentes gêneros da cultura digital (meme, gif, comentário, charge digital etc.) envolvidos no trato com a informação e opinião, de forma a possibilitar uma presença mais crítica e ética nas redes.",Leitura,"Reconstrução do contexto de produção, circulação e recepção de textos Caracterização do campo jornalístico e relação entre os gêneros em circulação, mídias e práticas da cultura digital",CURRICULO_REFERENCIA_MS_EF_V1_10,CURRICULO_COMPLETO,CURRICULO_REFERENCIA_MS_EF_V1_10,269
EF_AF,EF8|EF9,CURRICULAR,Língua Portuguesa,LP,MS.EF89LP03.s.03,"Analisar textos de opinião (artigos de opinião, editoriais, cartas de leitores, comentários, posts de blog e de redes sociais, charges, memes, gifs etc.) e posicionar-se de forma crítica e fundamentada, ética e respeitosa frente a fatos e opiniões relacionados a esses textos.",Práticas de Linguagem,Estratégia de leitura: apreender os sentidos globais do texto Apreciação e réplica Objetos de Conhecimento,CURRICULO_REFERENCIA_MS_EF_V1_10,CURRICULO_COMPLETO,CURRICULO_REFERENCIA_MS_EF_V1_10,269
EF_AF,EF8|EF9,CURRICULAR,Língua Portuguesa,LP,MS.EF89LP04.s.04,"Identificar e avaliar teses/opiniões/posicionament os explícitos e implícitos, argumentos e contraargumentos em textos argumentativos do campo (carta de leitor, comentário, artigo de opinião, resenha crítica etc.), posicionando-se frente à questão controversa de forma sustentada.",Práticas de Linguagem,Estratégia de leitura: apreender os sentidos globais do texto Apreciação e réplica,CURRICULO_REFERENCIA_MS_EF_V1_10,CURRICULO_COMPLETO,CURRICULO_REFERENCIA_MS_EF_V1_10,270
EF_AF,EF8|EF9,CURRICULAR,Língua Portuguesa,LP,MS.EF89LP05.s.05,"Analisar o efeito de sentido produzido pelo uso, em textos, de recurso a formas de apropriação textual (paráfrases, citações, discurso direto, indireto ou indireto livre).",Práticas de Linguagem,Efeitos de sentido Objetos de Conhecimento,CURRICULO_REFERENCIA_MS_EF_V1_10,CURRICULO_COMPLETO,CURRICULO_REFERENCIA_MS_EF_V1_10,270
EF_AF,EF8|EF9,CURRICULAR,Língua Portuguesa,LP,MS.EF89LP06.s.06,"Analisar o uso de recursos persuasivos em textos argumentativos diversos (como a elaboração do título, escolhas lexicais, construções metafóricas, a explicitação ou a ocultação de fontes de informação) e seus efeitos de sentido.",Práticas de Linguagem,Efeitos de sentido,CURRICULO_REFERENCIA_MS_EF_V1_10,CURRICULO_COMPLETO,CURRICULO_REFERENCIA_MS_EF_V1_10,271
EF_AF,EF8|EF9,CURRICULAR,Língua Portuguesa,LP,MS.EF89LP07.s.07,"Analisar, em notícias, reportagens e peças publicitárias em várias mídias, os efeitos de sentido devidos ao tratamento e à composição dos elementos nas imagens em movimento, à performance, à montagem feita (ritmo, duração e sincronização entre as linguagens – complementaridades, interferências etc.) e ao ritmo, melodia, instrumentos e sampleamentos das músicas e efeitos sonoros.",Práticas de Linguagem,Efeitos de sentido Exploração da multissemiose,CURRICULO_REFERENCIA_MS_EF_V1_10,CURRICULO_COMPLETO,CURRICULO_REFERENCIA_MS_EF_V1_10,271
EF_AF,EF8|EF9,CURRICULAR,Língua Portuguesa,LP,MS.EF89LP08.s.08,"Planejar reportagem impressa e em outras mídias (rádio ou TV/vídeo, sites), tendo em vista as condições de produção do texto – objetivo, leitores/espectadores, veículos e mídia de circulação etc. – a partir da escolha do fato a ser aprofundado ou do tema a ser focado (de relevância para a turma, escola ou comunidade), do levantamento de dados e informações sobre o fato ou tema – que pode envolver entrevistas com envolvidos ou com especialistas, consultas a fontes diversas, análise de documentos, cobertura de eventos etc. -, do registro dessas informações e dados, da escolha de fotos ou imagens a produzir ou a utilizar etc., da produção de infográficos, quando for o caso, e da organização hipertextual (no caso a publicação em sites ou blogs noticiosos ou mesmo de jornais impressos, por meio de boxes variados).",Produção de textos Práticas de Linguagem,Estratégia de produção: planejamento de textos informativos Objetos de Conhecimento,CURRICULO_REFERENCIA_MS_EF_V1_10,CURRICULO_COMPLETO,CURRICULO_REFERENCIA_MS_EF_V1_10,271
EF_AF,EF8|EF9,CURRICULAR,Língua Portuguesa,LP,MS.EF89LP09.s.09,"Produzir reportagem impressa, com título, linha fina (optativa), organização composicional (expositiva, interpretativa e/ou opinativa), progressão temática e uso de recursos linguísticos compatíveis com as escolhas feitas e reportagens multimidiáticas, tendo em vista as condições de produção, as características do gênero, os recursos e mídias disponíveis, sua organização hipertextual e o manejo adequado de recursos de captação e edição de áudio e imagem e adequação à norma-padrão.",Práticas de Linguagem,Estratégia de produção: textualização de textos informativos Objetos de Conhecimento,CURRICULO_REFERENCIA_MS_EF_V1_10,CURRICULO_COMPLETO,CURRICULO_REFERENCIA_MS_EF_V1_10,272
EF_AF,EF8|EF9,CURRICULAR,Língua Portuguesa,LP,MS.EF89LP10.s.10,"Planejar artigos de opinião, tendo em vista as condições de produção do texto – objetivo, leitores/espectadores, veículos e mídia de circulação etc. –, a partir da escolha do tema ou questão a ser discutido(a), da relevância para a turma, escola ou comunidade, do levantamento de dados e informações sobre a questão, de argumentos relacionados a diferentes posicionamentos em jogo, da definição – o que pode envolver consultas a fontes diversas, entrevistas com especialistas, análise de textos, organização esquemática das informações e argumentos – dos (tipos de) argumentos e estratégias que pretende utilizar para convencer os leitores.",Práticas de Linguagem,Estratégia de produção: planejamento de textos argumentativos e apreciativos,CURRICULO_REFERENCIA_MS_EF_V1_10,CURRICULO_COMPLETO,CURRICULO_REFERENCIA_MS_EF_V1_10,273
EF_AF,EF8|EF9,CURRICULAR,Língua Portuguesa,LP,MS.EF89LP11.s.11,"Produzir, revisar e editar peças e campanhas publicitárias, envolvendo o uso articulado e complementar de diferentes peças publicitárias: cartaz, banner, indoor, folheto, panfleto, anúncio de jornal/revista, para internet, spot, propaganda de rádio, TV, a partir da escolha da questão/problema/causa significativa para a escola e/ou a comunidade escolar, da definição do público-alvo, das peças que serão produzidas, das estratégias de persuasão e convencimento que serão utilizadas.",Práticas de Linguagem,"Estratégias de produção: planejamento, textualização, revisão e edição de textos publicitários Objetos de Conhecimento",CURRICULO_REFERENCIA_MS_EF_V1_10,CURRICULO_COMPLETO,CURRICULO_REFERENCIA_MS_EF_V1_10,273
EF_AF,EF8|EF9,CURRICULAR,Língua Portuguesa,LP,MS.EF89LP12.s.12,"Planejar coletivamente a realização de um debate sobre tema previamente definido, de interesse coletivo, com regras acordadas e planejar, em grupo, participação em debate a partir do levantamento de informações e argumentos que possam sustentar o posicionamento a ser defendido (o que pode envolver entrevistas com especialistas, consultas a fontes diversas, o registro das informações e dados obtidos etc.), tendo em vista as condições de produção do debate – perfil dos ouvintes e demais participantes, objetivos do debate, motivações para sua realização, argumentos e estratégias de convencimento mais eficazes etc. e participar de debates regrados, na condição de membro de uma equipe de debatedor, apresentador/mediador, espectador (com ou sem direito a perguntas), e/ou de juiz/avaliador, como forma de compreender o funcionamento do debate, e poder participar de forma convincente, ética, respeitosa e crítica e desenvolver uma atitude de respeito e diálogo para com as ideias divergentes.",Oralidade,Estratégias de produção: planejamento e participação em debates regrados,CURRICULO_REFERENCIA_MS_EF_V1_10,CURRICULO_COMPLETO,CURRICULO_REFERENCIA_MS_EF_V1_10,274
EF_AF,EF8|EF9,CURRICULAR,Língua Portuguesa,LP,MS.EF89LP13.s.13,"Planejar entrevistas orais com pessoas ligadas ao fato noticiado, especialistas etc., como forma de obter dados e informações sobre os fatos cobertos sobre o tema ou questão discutida ou temáticas em estudo, levando em conta o gênero e seu contexto de produção, partindo do levantamento de informações sobre o entrevistado e sobre a temática e da elaboração de um roteiro de perguntas, garantindo a relevância das informações mantidas e a continuidade temática, realizar entrevista e fazer edição em áudio ou vídeo, incluindo uma contextualização inicial e uma fala de encerramento para publicação da entrevista isoladamente ou como parte integrante de reportagem multimidiática, adequando-a a seu contexto de publicação e garantindo a relevância das informações mantidas e a continuidade temática.",Práticas de Linguagem,"Estratégias de produção: planejamento, realização e edição de entrevistas orais Objetos de Conhecimento",CURRICULO_REFERENCIA_MS_EF_V1_10,CURRICULO_COMPLETO,CURRICULO_REFERENCIA_MS_EF_V1_10,274
EF_AF,EF8|EF9,CURRICULAR,Língua Portuguesa,LP,MS.EF89LP14.s.14,"Analisar, em textos argumentativos e propositivos, os movimentos argumentativos de sustentação, refutação e negociação e os tipos de argumentos, avaliando a força/tipo dos argumentos utilizados.",Análise linguística/ semiótica,"Argumentação: movimentos argumentativos, tipos de argumento e força argumentativa",CURRICULO_REFERENCIA_MS_EF_V1_10,CURRICULO_COMPLETO,CURRICULO_REFERENCIA_MS_EF_V1_10,275
EF_AF,EF8|EF9,CURRICULAR,Língua Portuguesa,LP,MS.EF89LP15.s.15,"Utilizar, nos debates, operadores argumentativos que marcam a defesa de ideia e de diálogo com a tese do outro: concordo, discordo, concordo parcialmente, do meu ponto de vista, na perspectiva aqui assumida etc.",Práticas de Linguagem,Estilo Objetos de Conhecimento,CURRICULO_REFERENCIA_MS_EF_V1_10,CURRICULO_COMPLETO,CURRICULO_REFERENCIA_MS_EF_V1_10,275
EF_AF,EF8|EF9,CURRICULAR,Língua Portuguesa,LP,MS.EF89LP16.s.16,"Analisar a modalização realizada em textos noticiosos e argumentativos, por meio das modalidades apreciativas, viabilizadas por classes e estruturas gramaticais como adjetivos, locuções adjetivas, advérbios, locuções adverbiais, orações adjetivas e adverbiais, orações relativas restritivas e explicativas etc., de maneira a perceber a apreciação ideológica sobre os fatos noticiados ou as posições implícitas ou assumidas. DE ATUAÇÃO NA VIDA PÚBLICA",Práticas de Linguagem,Modalização CAMPO,CURRICULO_REFERENCIA_MS_EF_V1_10,CURRICULO_COMPLETO,CURRICULO_REFERENCIA_MS_EF_V1_10,276
EF_AF,EF8|EF9,CURRICULAR,Língua Portuguesa,LP,MS.EF89LP17.s.17,"Relacionar textos e documentos legais e normativos de importância universal, nacional ou local que envolvam direitos, em especial, de crianças, adolescentes e jovens – tais como a Declaração dos Direitos Humanos, a Constituição Brasileira, o ECA -, e a regulamentação da organização escolar – por exemplo, regimento escolar -, a seus contextos de produção, reconhecendo e analisando possíveis motivações, finalidades e sua vinculação com experiências humanas e fatos históricos e sociais, como forma de ampliar a compreensão dos direitos e deveres, de fomentar os princípios democráticos e uma atuação pautada pela ética da responsabilidade (o outro tem direito a uma vida digna tanto quanto eu tenho).",Leitura Práticas de Linguagem,"Reconstrução do contexto de produção, circulação e recepção de textos legais e normativos Objetos de Conhecimento",CURRICULO_REFERENCIA_MS_EF_V1_10,CURRICULO_COMPLETO,CURRICULO_REFERENCIA_MS_EF_V1_10,276
EF_AF,EF8|EF9,CURRICULAR,Língua Portuguesa,LP,MS.EF89LP18.s.18,"Explorar e analisar instâncias e canais de participação disponíveis na escola (conselho de escola, outros colegiados, grêmio livre), na comunidade (associações, coletivos, movimentos, etc.), no munícipio ou no país, incluindo formas de participação digital, como canais e plataformas de participação (como portal ecidadania), serviços, portais e ferramentas de acompanhamentos do trabalho de políticos e de tramitação de leis, canais de educação política, bem como de propostas e proposições que circulam nesses canais, de forma a participar do debate de ideias e propostas na esfera social e a engajar-se com a busca de soluções para problemas ou questões que envolvam a vida da escola e da comunidade.",Leitura Práticas de Linguagem,"Contexto de produção, circulação e recepção de textos e práticas relacionadas à defesa de direitos e à participação social",CURRICULO_REFERENCIA_MS_EF_V1_10,CURRICULO_COMPLETO,CURRICULO_REFERENCIA_MS_EF_V1_10,277
EF_AF,EF8|EF9,CURRICULAR,Língua Portuguesa,LP,MS.EF89LP19.s.19,"Analisar, a partir do contexto de produção, a forma de organização das cartas abertas, abaixo-assinados e petições on-line (identificação dos signatários, explicitação da reivindicação feita, acompanhada ou não de uma breve apresentação da problemática e/ou de justificativas que visam sustentar a reivindicação) e a proposição, discussão e aprovação de propostas políticas ou de soluções para problemas de interesse público, apresentadas ou lidas nos canais digitais de participação, identificando suas marcas linguísticas, como forma de possibilitar a escrita ou subscrição consciente de abaixoassinados e textos dessa natureza e poder se posicionar de forma crítica e fundamentada frente às propostas",Práticas de Linguagem,Relação entre contexto de produção e características composicionais e estilísticas dos gêneros Apreciação e réplica Objetos de Conhecimento,CURRICULO_REFERENCIA_MS_EF_V1_10,CURRICULO_COMPLETO,CURRICULO_REFERENCIA_MS_EF_V1_10,277
EF_AF,EF8|EF9,CURRICULAR,Língua Portuguesa,LP,MS.EF89LP20.s.20,"Comparar propostas políticas e de solução de problemas, identificando o que se pretende fazer/implementar, por que (motivações, justificativas), para que (objetivos, benefícios e consequências esperados), como (ações e passos), quando etc. e a forma de avaliar a eficácia da proposta/solução, contrastando dados e informações de diferentes fontes, identificando coincidências, complementaridades e contradições, de forma a poder compreender e posicionar-se criticamente sobre os dados e informações usados em fundamentação de propostas e analisar a coerência entre os elementos, de forma a tomar decisões fundamentadas.",Práticas de Linguagem,Estratégias e procedimentos de leitura em textos reivindicatórios ou propositivos,CURRICULO_REFERENCIA_MS_EF_V1_10,CURRICULO_COMPLETO,CURRICULO_REFERENCIA_MS_EF_V1_10,278
EF_AF,EF8|EF9,CURRICULAR,Língua Portuguesa,LP,MS.EF89LP21.s.21,"Realizar enquetes e pesquisas de opinião, de forma a levantar prioridades, problemas a resolver ou propostas que possam contribuir para melhoria da escola ou da comunidade, caracterizar demanda/necessidade, documentando-a de diferentes maneiras por meio de diferentes procedimentos, gêneros e mídias e, quando for o caso, selecionar informações e dados relevantes de fontes pertinentes diversas (sites, impressos, vídeos etc.), avaliando a qualidade e a utilidade dessas fontes, que possam servir de contextualização e fundamentação de propostas, de forma a justificar a proposição de propostas, projetos culturais e ações de intervenção.",Produção de textos Práticas de Linguagem,Estratégia de produção: planejamento de textos reivindicatórios ou propositivos Objetos de Conhecimento,CURRICULO_REFERENCIA_MS_EF_V1_10,CURRICULO_COMPLETO,CURRICULO_REFERENCIA_MS_EF_V1_10,278
EF_AF,EF8|EF9,CURRICULAR,Língua Portuguesa,LP,MS.EF89LP22.s.22,"Compreender e comparar as diferentes posições e interesses em jogo em uma discussão ou apresentação de propostas, avaliando a validade e força dos argumentos e as consequências do que está sendo proposto e, quando for o caso, formular e negociar propostas de diferentes naturezas relativas a interesses coletivos envolvendo a escola ou comunidade escolar.",Oralidade,Escuta Apreender o sentido geral dos textos Apreciação e réplica Produção/Proposta,CURRICULO_REFERENCIA_MS_EF_V1_10,CURRICULO_COMPLETO,CURRICULO_REFERENCIA_MS_EF_V1_10,279
EF_AF,EF8|EF9,CURRICULAR,Língua Portuguesa,LP,MS.EF89LP23.s.23,"Analisar, em textos argumentativos, reivindicatórios e propositivos, os movimentos argumentativos utilizados (sustentação, refutação e negociação), avaliando a força dos argumentos utilizados.",Análise linguística/ semiótica Práticas de Linguagem,Movimentos argumentativos e força dos argumentos Objetos de Conhecimento,CURRICULO_REFERENCIA_MS_EF_V1_10,CURRICULO_COMPLETO,CURRICULO_REFERENCIA_MS_EF_V1_10,279
EF_AF,EF8|EF9,CURRICULAR,Língua Portuguesa,LP,MS.EF89LP24.s.24,"Realizar pesquisa, estabelecendo o recorte das questões, usando fontes abertas e confiáveis.",Leitura,Curadoria de informação,CURRICULO_REFERENCIA_MS_EF_V1_10,CURRICULO_COMPLETO,CURRICULO_REFERENCIA_MS_EF_V1_10,280
EF_AF,EF8|EF9,CURRICULAR,Língua Portuguesa,LP,MS.EF89LP25.s.25,"Divulgar o resultado de pesquisas por meio de apresentações orais, verbetes de enciclopédias colaborativas, reportagens de divulgação científica, vlogs científicos, vídeos de diferentes tipos etc.",Produção de textos,"Estratégias de escrita: textualização, revisão e edição",CURRICULO_REFERENCIA_MS_EF_V1_10,CURRICULO_COMPLETO,CURRICULO_REFERENCIA_MS_EF_V1_10,280
EF_AF,EF8|EF9,CURRICULAR,Língua Portuguesa,LP,MS.EF89LP26.s.26,"Produzir resenhas, a partir das notas e/ou esquemas feitos, com o manejo adequado das vozes envolvidas (do resenhador, do autor da obra e, se for o caso, também dos autores citados na obra resenhada), por meio do uso de paráfrases, marcas do discurso reportado e citações.",Práticas de Linguagem,"Estratégias de escrita: textualização, revisão e edição Objetos de Conhecimento",CURRICULO_REFERENCIA_MS_EF_V1_10,CURRICULO_COMPLETO,CURRICULO_REFERENCIA_MS_EF_V1_10,280
EF_AF,EF8|EF9,CURRICULAR,Língua Portuguesa,LP,MS.EF89LP27.s.27,"Tecer considerações e formular problematizações pertinentes, em momentos oportunos, em situações de aulas, apresentação oral, seminário etc.",Oralidade,Conversação espontânea,CURRICULO_REFERENCIA_MS_EF_V1_10,CURRICULO_COMPLETO,CURRICULO_REFERENCIA_MS_EF_V1_10,281
EF_AF,EF8|EF9,CURRICULAR,Língua Portuguesa,LP,MS.EF89LP28.s.28,"Tomar nota de videoaulas, aulas digitais, apresentações multimídias, vídeos de divulgação científica, documentários e afins, identificando, em função dos objetivos, informações principais para apoio ao estudo e realizando, quando necessário, uma síntese final que destaque e reorganize os pontos ou conceitos centrais e suas relações e que, em alguns casos, seja acompanhada de reflexões pessoais, que podem conter dúvidas, questionamentos, considerações etc.",Práticas de Linguagem,Procedimentos de apoio à compreensão Tomada de nota Objetos de Conhecimento,CURRICULO_REFERENCIA_MS_EF_V1_10,CURRICULO_COMPLETO,CURRICULO_REFERENCIA_MS_EF_V1_10,281
EF_AF,EF8|EF9,CURRICULAR,Língua Portuguesa,LP,MS.EF89LP29.s.29,"Utilizar e perceber mecanismos de progressão temática, tais como retomadas anafóricas (“que, cujo, onde”, pronomes do caso reto e oblíquos, pronomes demonstrativos, nomes correferentes etc.), catáforas (remetendo para adiante ao invés de retomar o já dito), uso de organizadores textuais, de coesivos etc., e analisar os mecanismos de reformulação e paráfrase utilizados nos textos de divulgação do conhecimento.",Análise linguística/ semiótica,Textualização Progressão temática,CURRICULO_REFERENCIA_MS_EF_V1_10,CURRICULO_COMPLETO,CURRICULO_REFERENCIA_MS_EF_V1_10,282
EF_AF,EF8|EF9,CURRICULAR,Língua Portuguesa,LP,MS.EF89LP30.s.30,Analisar a estrutura de hipertexto e hiperlinks em textos de divulgação científica que circulam na Web e proceder à remissão a conceitos e relações por meio de links.,Práticas de Linguagem,Textualização Objetos de Conhecimento,CURRICULO_REFERENCIA_MS_EF_V1_10,CURRICULO_COMPLETO,CURRICULO_REFERENCIA_MS_EF_V1_10,282
EF_AF,EF8|EF9,CURRICULAR,Língua Portuguesa,LP,MS.EF89LP31.s.31,"Analisar e utilizar modalização epistêmica, isto é, modos de indicar uma avaliação sobre o valor de verdade e as condições de verdade de uma proposição, tais como os asseverativos – quando se concorda com (“realmente, evidentemente, naturalmente, efetivamente, claro, certo, lógico, sem dúvida” etc.) ou discorda de (“de jeito nenhum, de forma alguma”) uma ideia; e os quase-asseverativos, que indicam que se considera o conteúdo como quase certo (“talvez, assim, possivelmente, provavelmente, eventualmente”). CAMPO ARTÍSTICO-LITERÁRIO",Práticas de Linguagem,Modalização,CURRICULO_REFERENCIA_MS_EF_V1_10,CURRICULO_COMPLETO,CURRICULO_REFERENCIA_MS_EF_V1_10,283
EF_AF,EF8|EF9,CURRICULAR,Língua Portuguesa,LP,MS.EF89LP32.s.32,"Analisar os efeitos de sentido decorrentes do uso de mecanismos de intertextualidade (referências, alusões, retomadas) entre os textos literários, entre esses textos literários e outras manifestações artísticas (cinema, teatro, artes visuais e midiáticas, música), quanto aos temas, personagens, estilos, autores etc., e entre o texto original e paródias, paráfrases, pastiches, trailer honesto, vídeos-minuto, vidding, dentre outros.",Leitura Práticas de Linguagem,Relação entre textos Objetos de Conhecimento,CURRICULO_REFERENCIA_MS_EF_V1_10,CURRICULO_COMPLETO,CURRICULO_REFERENCIA_MS_EF_V1_10,283
EF_AF,EF8|EF9,CURRICULAR,Língua Portuguesa,LP,MS.EF89LP33.s.33,"Ler, de forma autônoma, e compreender – selecionando procedimentos e estratégias de leitura adequados a diferentes objetivos e levando em conta características dos gêneros e suportes – romances, contos contemporâneos, minicontos, fábulas contemporâneas, romances juvenis, biografias romanceadas, novelas, crônicas visuais, narrativas de ficção científica, narrativas de suspense, poemas de forma livre e fixa (como haicai), poema concreto, ciberpoema, dentre outros, expressando avaliação sobre o texto lido e estabelecendo preferências por gêneros, temas, autores.",Leitura Práticas de Linguagem,Estratégias de leitura Apreciação e réplica,CURRICULO_REFERENCIA_MS_EF_V1_10,CURRICULO_COMPLETO,CURRICULO_REFERENCIA_MS_EF_V1_10,284
EF_AF,EF8|EF9,CURRICULAR,Língua Portuguesa,LP,MS.EF89LP34.s.34,"Analisar a organização de texto dramático apresentado em teatro, televisão, cinema, identificando e percebendo os sentidos decorrentes dos recursos linguísticos e semióticos que sustentam sua realização como peça teatral, novela, filme etc.",Práticas de Linguagem,Reconstrução da textualidade e compreensão dos efeitos de sentidos provocados pelos usos de recursos linguísticos e multissemióticos Objetos de Conhecimento,CURRICULO_REFERENCIA_MS_EF_V1_10,CURRICULO_COMPLETO,CURRICULO_REFERENCIA_MS_EF_V1_10,284
EF_AF,EF8|EF9,CURRICULAR,Língua Portuguesa,LP,MS.EF89LP35.s.35,"Criar contos ou crônicas (em especial, líricas), crônicas visuais, minicontos, narrativas de aventura e de ficção científica, dentre outros, com temáticas próprias ao gênero, usando os conhecimentos sobre os constituintes estruturais e recursos expressivos típicos dos gêneros narrativos pretendidos, e, no caso de produção em grupo, ferramentas de escrita colaborativa.",Produção de textos,Construção da textualidade,CURRICULO_REFERENCIA_MS_EF_V1_10,CURRICULO_COMPLETO,CURRICULO_REFERENCIA_MS_EF_V1_10,285
EF_AF,EF8|EF9,CURRICULAR,Língua Portuguesa,LP,MS.EF89LP36.s.36,"Parodiar poemas conhecidos da literatura e criar textos em versos (como poemas concretos, ciberpoemas, haicais, liras, microrroteiros, lambe-lambes e outros tipos de poemas), explorando o uso de recursos sonoros e semânticos (como figuras de linguagem e jogos de palavras) e visuais (como relações entre imagem e texto verbal e distribuição da mancha gráfica), de forma a propiciar diferentes efeitos de sentido. TODOS OS CAMPOS DE ATUAÇÃO",Produção de textos,Relação entre textos,CURRICULO_REFERENCIA_MS_EF_V1_10,CURRICULO_COMPLETO,CURRICULO_REFERENCIA_MS_EF_V1_10,285
EF_AF,EF8|EF9,CURRICULAR,Língua Portuguesa,LP,MS.EF89LP37.s.37,"Analisar os efeitos de sentido do uso de figuras de linguagem como ironia, eufemismo, antítese, aliteração, assonância, dentre outras.",Análise linguística/ semiótica Práticas de Linguagem,Figuras de linguagem Objetos de Conhecimento,CURRICULO_REFERENCIA_MS_EF_V1_10,CURRICULO_COMPLETO,CURRICULO_REFERENCIA_MS_EF_V1_10,285
EF_AF,EF9,CURRICULAR,Língua Portuguesa,LP,MS.EF09LP01.s.01,"Analisar o fenômeno da disseminação de notícias falsas nas redes sociais e desenvolver estratégias para reconhecê-las, a partir da verificação/avaliação do veículo, fonte, data e local da publicação, autoria, URL, da análise da formatação, da comparação de diferentes fontes, da consulta a sites de curadoria que atestam a fidedignidade do relato dos fatos e denunciam boatos etc.",Leitura Práticas de Linguagem,"Reconstrução do contexto de produção, circulação e recepção de textos Caracterização do campo jornalístico e relação entre os gêneros em circulação, mídias e práticas da cultura digital Objetos de Conhecimento",CURRICULO_REFERENCIA_MS_EF_V1_10,CURRICULO_COMPLETO,CURRICULO_REFERENCIA_MS_EF_V1_10,295
EF_AF,EF9,CURRICULAR,Língua Portuguesa,LP,MS.EF09LP02.s.02,"Analisar e comentar a cobertura da imprensa sobre fatos de relevância social, comparando diferentes enfoques por meio do uso de ferramentas de curadoria.",Leitura Práticas de Linguagem,Relação entre textos,CURRICULO_REFERENCIA_MS_EF_V1_10,CURRICULO_COMPLETO,CURRICULO_REFERENCIA_MS_EF_V1_10,296
EF_AF,EF9,CURRICULAR,Língua Portuguesa,LP,MS.EF09LP03.s.03,"Produzir artigos de opinião, tendo em vista o contexto de produção dado, assumindo posição diante de tema polêmico, argumentando de acordo com a estrutura própria desse tipo de texto e utilizando diferentes tipos de argumentos – de autoridade, comprovação, exemplificação, princípio etc. TODOS OS CAMPOS DE ATUAÇÃO",Produção de textos Práticas de Linguagem,Textualização de textos argumentativos e apreciativos Objetos de Conhecimento,CURRICULO_REFERENCIA_MS_EF_V1_10,CURRICULO_COMPLETO,CURRICULO_REFERENCIA_MS_EF_V1_10,296
EF_AF,EF9,CURRICULAR,Língua Portuguesa,LP,MS.EF09LP04.s.04,"Escrever textos corretamente, de acordo com a normapadrão, com estruturas sintáticas complexas no nível da oração e do período.",Análise linguística/ semiótica,Fono-ortografia,CURRICULO_REFERENCIA_MS_EF_V1_10,CURRICULO_COMPLETO,CURRICULO_REFERENCIA_MS_EF_V1_10,297
EF_AF,EF9,CURRICULAR,Língua Portuguesa,LP,MS.EF09LP05.s.05,"Identificar, em textos lidos e em produções próprias, orações com a estrutura sujeito-verbo de ligaçãopredicativo.",Análise linguística/ semiótica Práticas de Linguagem,Morfossintaxe Objetos de Conhecimento,CURRICULO_REFERENCIA_MS_EF_V1_10,CURRICULO_COMPLETO,CURRICULO_REFERENCIA_MS_EF_V1_10,297
EF_AF,EF9,CURRICULAR,Língua Portuguesa,LP,MS.EF09LP06.s.06,"Diferenciar, em textos lidos e em produções próprias, o efeito de sentido do uso dos verbos de ligação “ser”, “estar”, “ficar”, “parecer” e “permanecer”.",Análise linguística/ semiótica Práticas de Linguagem,Morfossintaxe Objetos de Conhecimento,CURRICULO_REFERENCIA_MS_EF_V1_10,CURRICULO_COMPLETO,CURRICULO_REFERENCIA_MS_EF_V1_10,298
EF_AF,EF9,CURRICULAR,Língua Portuguesa,LP,MS.EF09LP07.s.07,Comparar o uso de regência verbal e regência nominal na norma-padrão com seu uso no português brasileiro coloquial oral.,Análise linguística/ semiótica,Morfossintaxe,CURRICULO_REFERENCIA_MS_EF_V1_10,CURRICULO_COMPLETO,CURRICULO_REFERENCIA_MS_EF_V1_10,299
EF_AF,EF9,CURRICULAR,Língua Portuguesa,LP,MS.EF09LP08.s.08,"Identificar, em textos lidos e em produções próprias, a relação que conjunções (e locuções conjuntivas) coordenativas e subordinativas estabelecem entre as orações que conectam.",Análise linguística/ semiótica Práticas de Linguagem,Morfossintaxe Objetos de Conhecimento,CURRICULO_REFERENCIA_MS_EF_V1_10,CURRICULO_COMPLETO,CURRICULO_REFERENCIA_MS_EF_V1_10,299
EF_AF,EF9,CURRICULAR,Língua Portuguesa,LP,MS.EF09LP09.s.09,Identificar efeitos de sentido do uso de orações adjetivas restritivas e explicativas em um período composto.,Análise linguística/ semiótica,Elementos notacionais da escrita/morfossintaxe,CURRICULO_REFERENCIA_MS_EF_V1_10,CURRICULO_COMPLETO,CURRICULO_REFERENCIA_MS_EF_V1_10,300
EF_AF,EF9,CURRICULAR,Língua Portuguesa,LP,MS.EF09LP10.s.10,Comparar as regras de colocação pronominal na norma-padrão com o seu uso no português brasileiro coloquial.,Análise linguística/ semiótica Práticas de Linguagem,Coesão Objetos de Conhecimento,CURRICULO_REFERENCIA_MS_EF_V1_10,CURRICULO_COMPLETO,CURRICULO_REFERENCIA_MS_EF_V1_10,300
EF_AF,EF9,CURRICULAR,Língua Portuguesa,LP,MS.EF09LP11.s.11,Inferir efeitos de sentido decorrentes do uso de recursos de coesão sequencial (conjunções e articuladores textuais).,Análise linguística/ semiótica,Coesão,CURRICULO_REFERENCIA_MS_EF_V1_10,CURRICULO_COMPLETO,CURRICULO_REFERENCIA_MS_EF_V1_10,301
EF_AF,EF9,CURRICULAR,Língua Portuguesa,LP,MS.EF09LP12.s.12,"Identificar estrangeirismos, caracterizando-os segundo a conservação, ou não, de sua forma gráfica de origem, avaliando a pertinência, ou não, de seu uso. em todas as suas formas – mágicas – era a atividade todos os homens acima nunca perdeu desde os primórdios desenhos e, da mesma maneira, de normas e valores estabelecidos artística em todos os escolar em Arte tem percurso frutos de discussões, preconceitos no século XX, sendo que, e secundárias as o ensino na transmissão principalmente, mostrando ao mesmo com exercícios e modelos ensino da arte era voltado a quem competia transmitir padrões estéticos que variavam reprodução de modelos. O escolares, por ocasião das de 1961, o ensino ensino poderão estender do estudante e iniciando-o assim, grande ênfase aos e Técnico, marcenaria com o título de Educação mas foi considerada currículo escolar foi um avanço, à arte na formação dos nos Parâmetros habilitados e menos ainda no conjunto das atividades 1970 e 1980, os antigos professores artes cênicas e os recém-formados por educar os estudantes a formação do professor da Educação no Brasil e a ocupar um papel relevante dos Parâmetros Curriculares Educação Básica, buscou do estudante autor, caminho da sociedade do modificações da LDB o Artigo 26, paragrafo 6° como as linguagens que constituirão Infantil e do Ensino n. 2, que institui e obrigatoriamente, ao longo as ações vieram acompanhadas da Base Nacional Comum e, em seu caráter normativo, cabendo a cada Estado curricular Arte está centrado como suas práticas integradas, integrados das das diversas ser construído e considerado produções locais, regionais, crítica de sua existência. mas sim garantir de saberes e práticas e coerente, respeitando do Sul, focando no protagonismo e refletir sobre arte-educadora brasileira: das artes é possível desenvolver meio ambiente, desenvolver e desenvolver a criatividade – Tópicos Utópicos, Ana Mae linguagens articule as seis a singularidade Compreende-se que o percurso personalizadas e mais às práticas conteudistas da Arte, a fim de está nas ações interdisciplinares, e dos currículos não só um todo. em anos, no componente Arte ano. Seguindo a orientação considerou-se, para a arte presente no mundo anos, abordando o conhecer artes e o 5º ano que anos finais, os níveis cognitivos e possibilitam comunicações 6º e 7º anos abordam e aplicação de novos a efetiva consolidação. conforme a idade e o ano produções dos estudantes que necessitem de especial do ensino das Artes em pluralidade cultural em seu e Bolívia e cinco Estados que exerceram uma marcante comunidades camponesas, no processo de construção construção do currículo os modos de fazer que fomentam a Cultura e na comunidade. Espera-se na construção de um integral do ser humano. de Arte, de acordo analisar criticamente práticas indígenas, das comunidades tempos e espaços, para sensível a diferentes contextos entre as linguagens da Arte uso das novas tecnologias nas condições particulares matrizes estéticas culturas que constituem reelaborando-as nas a percepção, a expressividade âmbito da Arte. como formas de registro, arte, mídia, mercado e consumo, de produção e de circulação sociais, econômicas, intervenções e apresentações a crítica, a autoria e o trabalho artístico nacional e visões de mundo. Objetos de Conhecimento,","Análise linguística/ semiótica Práticas de Linguagem 8.3.3 Arte A arte faz parte da homens primitivos Assim, a aprendizagem conhecimentos que No entanto, a área com as transformações XIX até os dias atuais, parte dos programas Música e Canto Orfeônico, dominantes. Na escola — os hábitos de organização das artes. Aos professores eles em manuais mais centrado na conceitos e as categorias que tinham em comum, dava-se somente A partir da Lei n. 26 “ Parágrafo único. nos dois últimos, adequadas ao sexo algumas décadas Educação Tecnicista. A arte foi incluída para o Ensino de introdução da Educação houve um entendimento proposição foi conflitante pois muitos professores linguagens que deveriam Com a evolução discussões, o ensino Educação Nacional sua constituição desenvolvimento mundo e suas dimensões, Durante este percurso elas a lei 13.278/2016 (artes visuais, dança, na Educação Básica. Com a homologação de 2017, publicada Comum Curricular no âmbito da Educação se que nesse contexto para a aprendizagem práticas, cognitivas comum de qualidade No Ensino Fundamental, Visuais, Dança, Música, aos estudantes desta assim, o direito dos Entende-se que escolar, priorizando uma identificação plásticos, bailarinos, contribuam para necessidade de um culturas locais do de: criar, ler, produzir, corrobora a visão A BNCC propõe que forma indissociável estesia, expressão, da Educação Integral, temáticas no currículo, a prática de associações suas competências. superar a fragmentação da sociedade e suas A divisão das sendo de 1º ao 5º Webster, consultora divisão dos anos organizado em três conceitos de aplicação pertinentes à prática expressam emoções foram divididos conhecimentos adquiridos, análises, avaliações professor, a discriminação disso, a observação comunicações veladas Ao lançar um olhar Estado que tem em Sul faz divisa com Gerais, Goiás, São Destaca-se, também, quilombolas que Diante dessa realidade, Grosso do Sul propõe como seus artistas, produzir e apreciar de nortear o trabalho continuem contribuindo 8.3.3.1 Competências 1. Explorar, seu entorno sociedades, cultural, 2. Compreender aquelas cinema linguagem 3. Pesquisar manifestas manifestações 4. Experienciar da escola 5. Mobilizar 6. Estabelecer e problematizadora, 7. Problematizar meio de 8. Desenvolver 9. Analisar suas histórias 8.3.3.2 Unidades Didáticas","Variação linguística Objetos de Conhecimento “A Arte, as cerimônias e elevando história da humanidade, aprenderam seus da arte faz parte envolvem a produção que trata da educação educacionais, tendo seu auge das escolas primárias concentrando tradicional, valorizavam-se, e precisão, restava trabalhar e livros didáticos. O figura do professor ligados a sempre, a em apresentações 4.024, de 20 de dezembro Os sistemas de os conhecimentos e à idade”. Surge, pelo Desenho Geométrico no currículo escolar 1° e 2° graus 5.692/1971, Artística no em relação como apresentado não estavam ser incluídas Entre os anos artes industriais, responsabilizados configurando-se da sociedade e da Arte passou 9.394/96 e a criação obrigatória na da inovação e a criação rumo ao histórico, algumas que modificou música e teatro) da BNCC da Educação na Resolução CNE/CP a ser respeitada, Básica, todas as propostas na Educação Básica e socioemocionais, na Educação Nacional. o componente Teatro, bem etapa os conhecimentos estudantes ao desenvolvimento um currículo deve a valorização de cultural e uma visão atores ou músicos, a contextualização olhar flexível, autônomo Estado de Mato Grosso construir, exteriorizar de Ana Mae Barbosa, “[...] Através realidade do realidade percebida foi analisada.” a abordagem das e simultânea, caracterizam fruição e reflexão. pressupõe estratégias pois não se adequam entre as linguagens Uma das opções dos conteúdos emoções como esperadas ano e de 6º ao 9º do MEC no ProBNCC, iniciais trazendo blocos (1º e 2º e análise das artística). Nos típicas da adolescência em dois blocos – compreensão e criações para das etapas, contínua das ou implícitas para a realidade sua essência a dois países: Paraguai Paulo e Paraná a presença das foram fundamentais a proposta de conhecer os costumes, museus e instituições a arte nas escolas dos arteeducadores para a formação específicas conhecer, fruir e social, dos povos em distintos histórico, social e as relações possibilitadas pelo e pelo audiovisual, e nas suas articulações. e conhecer distintas na arte e nas contemporâneas, a ludicidade, e de fora dela no recursos tecnológicos relações entre modos questões políticas, exercícios, produções, a autonomia, e valorizar o patrimônio e diferentes Temáticas,",CURRICULO_REFERENCIA_MS_EF_V1_10,CURRICULO_COMPLETO,CURRICULO_REFERENCIA_MS_EF_V1_10,301
EF_AF,EF6,CURRICULAR,Matemática,MAT,MS.EF06MA01.s.01,"Comparar, ordenar, ler e escrever números naturais e números racionais cuja representação decimal é finita, fazendo uso da reta numérica.",Números,"Sistema de numeração decimal: características, leitura, escrita e comparação de números naturais e de números racionais representados na forma decimal",CURRICULO_REFERENCIA_MS_EF_V1_10,CURRICULO_COMPLETO,CURRICULO_REFERENCIA_MS_EF_V1_10,536
EF_AF,EF6,CURRICULAR,Matemática,MAT,MS.EF06MA02.s.02,"Reconhecer o sistema de numeração decimal, como o que prevaleceu no mundo ocidental, e destacar semelhanças e diferenças com outros sistemas, de modo a sistematizar suas principais características (base, valor posicional e função do zero), utilizando, inclusive, a composição e decomposição de números naturais e números racionais em sua representação decimal.",Números,"Sistema de numeração decimal: características, leitura, escrita e comparação de números naturais e de números racionais representados na forma decimal",CURRICULO_REFERENCIA_MS_EF_V1_10,CURRICULO_COMPLETO,CURRICULO_REFERENCIA_MS_EF_V1_10,536
EF_AF,EF6,CURRICULAR,Matemática,MAT,MS.EF06MA03.s.03,"Resolver e elaborar problemas que envolvam cálculos (mentais ou escritos, exatos ou aproximados) com números naturais, por meio de estratégias variadas, com compreensão dos processos neles envolvidos com e sem uso de calculadora.",Números Unidades Temáticas,"Operações (adição, subtração, multiplicação, divisão e potenciação) com Objetos de Conhecimento números naturais Divisão euclidiana",CURRICULO_REFERENCIA_MS_EF_V1_10,CURRICULO_COMPLETO,CURRICULO_REFERENCIA_MS_EF_V1_10,536
EF_AF,EF6,CURRICULAR,Matemática,MAT,MS.EF06MA04.s.04,"Construir algoritmo em linguagem natural e representá-lo por fluxograma que indique a resolução de um problema simples (por exemplo, se um número natural qualquer é par).",Números Unidades Temáticas,Fluxograma para determinar a paridade de um número natural Múltiplos e divisores de um número natural Números primos e compostos Objetos de Conhecimento,CURRICULO_REFERENCIA_MS_EF_V1_10,CURRICULO_COMPLETO,CURRICULO_REFERENCIA_MS_EF_V1_10,537
EF_AF,EF6,CURRICULAR,Matemática,MAT,MS.EF06MA05.s.05,"Classificar números naturais em primos e compostos, estabelecer relações entre números, expressas pelos termos “é múltiplo de”, “é divisor de”, “é fator de”, e estabelecer, por meio de investigações, critérios de divisibilidade por 2, 3, 4, 5, 6, 8, 9, 10, 100 e 1000.",Números Unidades Temáticas,Fluxograma para determinar a paridade de um número natural Múltiplos e divisores de um número natural Números primos e compostos Objetos de Conhecimento,CURRICULO_REFERENCIA_MS_EF_V1_10,CURRICULO_COMPLETO,CURRICULO_REFERENCIA_MS_EF_V1_10,538
EF_AF,EF6,CURRICULAR,Matemática,MAT,MS.EF06MA06.s.06,Resolver e elaborar problemas que envolvam as ideias de múltiplo e de divisor.,Números,Fluxograma para determinar a paridade de um número natural Múltiplos e divisores de um número natural Números primos e compostos,CURRICULO_REFERENCIA_MS_EF_V1_10,CURRICULO_COMPLETO,CURRICULO_REFERENCIA_MS_EF_V1_10,539
EF_AF,EF6,CURRICULAR,Matemática,MAT,MS.EF06MA07.s.07,"Compreender, comparar e ordenar frações associadas às ideias de partes de inteiros e resultado de divisão, identificando frações equivalentes.",Números,"Frações: significados (parte/todo, quociente), equivalência, comparação, adição e subtração; cálculo da fração de um número natural; adição e subtração de frações",CURRICULO_REFERENCIA_MS_EF_V1_10,CURRICULO_COMPLETO,CURRICULO_REFERENCIA_MS_EF_V1_10,539
EF_AF,EF6,CURRICULAR,Matemática,MAT,MS.EF06MA08.s.08,"Reconhecer que os números racionais positivos podem ser expressos nas formas fracionária e decimal, estabelecer relações entre essas representações, passando de uma representação para outra, e relacioná-los a pontos na reta numérica.",Números,"Frações: significados (parte/todo, quociente), equivalência, comparação, adição e subtração; cálculo da fração de um número natural; adição e subtração de frações",CURRICULO_REFERENCIA_MS_EF_V1_10,CURRICULO_COMPLETO,CURRICULO_REFERENCIA_MS_EF_V1_10,539
EF_AF,EF6,CURRICULAR,Matemática,MAT,MS.EF06MA09.s.09,"Resolver e elaborar problemas que envolvam o cálculo da fração de uma quantidade e cujo resultado seja um número natural, com e sem uso de calculadora.",Números Unidades Temáticas,"Frações: significados (parte/todo, quociente), Objetos de Conhecimento equivalência, comparação, adição e subtração; cálculo da fração de um número natural; adição e subtração de frações",CURRICULO_REFERENCIA_MS_EF_V1_10,CURRICULO_COMPLETO,CURRICULO_REFERENCIA_MS_EF_V1_10,539
EF_AF,EF6,CURRICULAR,Matemática,MAT,MS.EF06MA10.s.10,Resolver e elaborar problemas que envolvam adição ou subtração com números racionais positivos na representação fracionária.,Números,"Frações: significados (parte/todo, quociente), equivalência, comparação, adição e subtração; cálculo da fração de um número natural; adição e subtração de frações",CURRICULO_REFERENCIA_MS_EF_V1_10,CURRICULO_COMPLETO,CURRICULO_REFERENCIA_MS_EF_V1_10,540
EF_AF,EF6,CURRICULAR,Matemática,MAT,MS.EF06MA11.s.11,"Resolver e elaborar problemas com números racionais positivos na representação decimal, envolvendo as quatro operações fundamentais e a potenciação, por meio de estratégias diversas, utilizando estimativas e arredondamentos para verificar a razoabilidade de respostas, com e sem uso de calculadora.",Números,"Operações (adição, subtração, multiplicação, divisão e potenciação) com números racionais",CURRICULO_REFERENCIA_MS_EF_V1_10,CURRICULO_COMPLETO,CURRICULO_REFERENCIA_MS_EF_V1_10,540
EF_AF,EF6,CURRICULAR,Matemática,MAT,MS.EF06MA12.s.12,Fazer estimativas de quantidades e aproximar números para múltiplos da potência de 10 mais próxima.,Números Unidades Temáticas,Aproximação de números para múltiplos de potências de 10 Objetos de Conhecimento,CURRICULO_REFERENCIA_MS_EF_V1_10,CURRICULO_COMPLETO,CURRICULO_REFERENCIA_MS_EF_V1_10,540
EF_AF,EF6,CURRICULAR,Matemática,MAT,MS.EF06MA13.s.13,"Resolver e elaborar problemas que envolvam porcentagens, com base na ideia de proporcionalidade, sem fazer uso da “regra de três”, utilizando estratégias pessoais, cálculo mental e calculadora, em contextos de educação financeira, entre outros.",Números,"Cálculo de porcentagens por meio de estratégias diversas, sem fazer uso da “regra de três”",CURRICULO_REFERENCIA_MS_EF_V1_10,CURRICULO_COMPLETO,CURRICULO_REFERENCIA_MS_EF_V1_10,541
EF_AF,EF6,CURRICULAR,Matemática,MAT,MS.EF06MA14.s.14,"Reconhecer que a relação de igualdade matemática não se altera ao adicionar, subtrair, multiplicar ou dividir os seus dois membros por um mesmo número e utilizar essa noção para determinar valores desconhecidos na resolução de problemas.",Álgebra Unidades Temáticas,Propriedades da igualdade Objetos de Conhecimento,CURRICULO_REFERENCIA_MS_EF_V1_10,CURRICULO_COMPLETO,CURRICULO_REFERENCIA_MS_EF_V1_10,541
EF_AF,EF6,CURRICULAR,Matemática,MAT,MS.EF06MA15.s.15,"Resolver e elaborar problemas que envolvam a partilha de uma quantidade em duas partes desiguais, envolvendo relações aditivas e multiplicativas, bem como a razão entre as partes e entre uma das partes e o todo.",Álgebra,"Problemas que tratam da partição de um todo em duas partes desiguais, envolvendo razões entre as partes e entre uma das partes e o todo",CURRICULO_REFERENCIA_MS_EF_V1_10,CURRICULO_COMPLETO,CURRICULO_REFERENCIA_MS_EF_V1_10,542
EF_AF,EF6,CURRICULAR,Matemática,MAT,MS.EF06MA16.s.16,"Associar pares ordenados de números a pontos do plano cartesiano do 1º quadrante, em situações como a localização dos vértices de um polígono.",Geometria Unidades Temáticas,Plano cartesiano: associação dos vértices de um polígono a pares ordenados Objetos de Conhecimento,CURRICULO_REFERENCIA_MS_EF_V1_10,CURRICULO_COMPLETO,CURRICULO_REFERENCIA_MS_EF_V1_10,542
EF_AF,EF6,CURRICULAR,Matemática,MAT,MS.EF06MA17.s.17,"Quantificar e estabelecer relações entre o número de vértices, faces e arestas de prismas e pirâmides, em função do seu polígono da base, para resolver problemas e desenvolver a percepção espacial.",Geometria,"Prismas e pirâmides: planificações e relações entre seus elementos (vértices, faces e arestas)",CURRICULO_REFERENCIA_MS_EF_V1_10,CURRICULO_COMPLETO,CURRICULO_REFERENCIA_MS_EF_V1_10,543
EF_AF,EF6,CURRICULAR,Matemática,MAT,MS.EF06MA18.s.18,"Reconhecer, nomear e comparar polígonos, considerando lados, vértices e ângulos, e classificá-los em regulares e não regulares, tanto em suas representações no plano como em faces de poliedros.",Geometria Unidades Temáticas,"Polígonos: classificações quanto ao número de vértices, às medidas de lados e ângulos e ao paralelismo e perpendicularismo dos lados Objetos de Conhecimento",CURRICULO_REFERENCIA_MS_EF_V1_10,CURRICULO_COMPLETO,CURRICULO_REFERENCIA_MS_EF_V1_10,543
EF_AF,EF6,CURRICULAR,Matemática,MAT,MS.EF06MA19.s.19,Identificar características dos triângulos e classificá-los em relação às medidas dos lados e dos ângulos.,Geometria,"Polígonos: classificações quanto ao número de vértices, às medidas de lados e ângulos e ao paralelismo e perpendicularismo dos lados",CURRICULO_REFERENCIA_MS_EF_V1_10,CURRICULO_COMPLETO,CURRICULO_REFERENCIA_MS_EF_V1_10,544
EF_AF,EF6,CURRICULAR,Matemática,MAT,MS.EF06MA20.s.20,"Identificar características dos quadriláteros, classificá-los em relação a lados e a ângulos e reconhecer a inclusão e a intersecção de classes entre eles.",Geometria Unidades Temáticas,"Polígonos: classificações quanto ao número de vértices, às medidas de lados e ângulos e ao paralelismo e perpendicularismo dos lados Objetos de Conhecimento",CURRICULO_REFERENCIA_MS_EF_V1_10,CURRICULO_COMPLETO,CURRICULO_REFERENCIA_MS_EF_V1_10,544
EF_AF,EF6,CURRICULAR,Matemática,MAT,MS.EF06MA21.s.21,"Construir figuras planas semelhantes em situações de ampliação e de redução, com o uso de malhas quadriculadas, plano cartesiano ou tecnologias digitais.",Geometria,Construção de figuras semelhantes: ampliação e redução de figuras planas em malhas quadriculadas,CURRICULO_REFERENCIA_MS_EF_V1_10,CURRICULO_COMPLETO,CURRICULO_REFERENCIA_MS_EF_V1_10,545
EF_AF,EF6,CURRICULAR,Matemática,MAT,MS.EF06MA22.s.22,"Utilizar instrumentos, como réguas e esquadros, ou softwares para representações de retas paralelas e perpendiculares e construção de quadriláteros, entre outros.",Geometria Unidades Temáticas,"Construção de retas paralelas e perpendiculares, fazendo uso de réguas, esquadros e softwares Objetos de Conhecimento",CURRICULO_REFERENCIA_MS_EF_V1_10,CURRICULO_COMPLETO,CURRICULO_REFERENCIA_MS_EF_V1_10,545
EF_AF,EF6,CURRICULAR,Matemática,MAT,MS.EF06MA23.s.23,Construir algoritmo para resolver situações passo a passo (como na construção de dobraduras ou na indicação de deslocamento de um objeto no plano segundo pontos de referência e distâncias fornecidas etc.).,Geometria,"Construção de retas paralelas e perpendiculares, fazendo uso de réguas, esquadros e softwares",CURRICULO_REFERENCIA_MS_EF_V1_10,CURRICULO_COMPLETO,CURRICULO_REFERENCIA_MS_EF_V1_10,546
EF_AF,EF6,CURRICULAR,Matemática,MAT,MS.EF06MA24.s.24,"Resolver e elaborar problemas que envolvam as grandezas comprimento, massa, tempo, temperatura, área (triângulos e retângulos), capacidade e volume (sólidos formados por blocos retangulares), sem uso de fórmulas, inseridos, sempre que possível, em contextos oriundos de situações reais e/ou relacionadas às outras áreas do conhecimento.",Grandezas e medidas Unidades Temáticas,"Problemas sobre medidas envolvendo grandezas como comprimento, massa, tempo, temperatura, área, capacidade e volume Objetos de Conhecimento",CURRICULO_REFERENCIA_MS_EF_V1_10,CURRICULO_COMPLETO,CURRICULO_REFERENCIA_MS_EF_V1_10,546
EF_AF,EF6,CURRICULAR,Matemática,MAT,MS.EF06MA25.s.25,Reconhecer a abertura do ângulo como grandeza associada às figuras geométricas.,Grandezas e medidas Unidades Temáticas,"Ângulos: noção, usos e medida Objetos de Conhecimento",CURRICULO_REFERENCIA_MS_EF_V1_10,CURRICULO_COMPLETO,CURRICULO_REFERENCIA_MS_EF_V1_10,547
EF_AF,EF6,CURRICULAR,Matemática,MAT,MS.EF06MA26.s.26,"Resolver problemas que envolvam a noção de ângulo em diferentes contextos e em situações reais, como ângulo de visão.",Grandezas e medidas,"Ângulos: noção, usos e medida",CURRICULO_REFERENCIA_MS_EF_V1_10,CURRICULO_COMPLETO,CURRICULO_REFERENCIA_MS_EF_V1_10,548
EF_AF,EF6,CURRICULAR,Matemática,MAT,MS.EF06MA27.s.27,"Determinar medidas da abertura de ângulos, por meio de transferidor e/ou tecnologias digitais.",Grandezas e medidas,"Ângulos: noção, usos e medida",CURRICULO_REFERENCIA_MS_EF_V1_10,CURRICULO_COMPLETO,CURRICULO_REFERENCIA_MS_EF_V1_10,548
EF_AF,EF6,CURRICULAR,Matemática,MAT,MS.EF06MA28.s.28,"Interpretar, descrever e desenhar plantas baixas simples de residências e vistas aéreas.",Grandezas e medidas Unidades Temáticas,Plantas baixas e vistas aéreas Objetos de Conhecimento,CURRICULO_REFERENCIA_MS_EF_V1_10,CURRICULO_COMPLETO,CURRICULO_REFERENCIA_MS_EF_V1_10,548
EF_AF,EF6,CURRICULAR,Matemática,MAT,MS.EF06MA29.s.29,"Analisar e descrever mudanças que ocorrem no perímetro e na área de um quadrado ao se ampliarem ou reduzirem, igualmente, as medidas de seus lados, para compreender que o perímetro é proporcional à medida do lado, o que não ocorre com a área.",Grandezas e medidas,Perímetro de um quadrado como grandeza proporcional à medida do lado,CURRICULO_REFERENCIA_MS_EF_V1_10,CURRICULO_COMPLETO,CURRICULO_REFERENCIA_MS_EF_V1_10,549
EF_AF,EF6,CURRICULAR,Matemática,MAT,MS.EF06MA30.s.30,"Calcular a probabilidade de um evento aleatório, expressando-a por número racional (forma fracionária, decimal e percentual) e comparar esse número com a probabilidade obtida por meio de experimentos sucessivos.",Probabilidade e estatística Unidades Temáticas,Cálculo de probabilidade como a razão entre o número de resultados favoráveis e o total de resultados possíveis em um espaço amostral equiprovável Cálculo de probabilidade por meio de muitas Objetos de Conhecimento repetições de um experimento (frequências de ocorrências e probabilidade frequentista),CURRICULO_REFERENCIA_MS_EF_V1_10,CURRICULO_COMPLETO,CURRICULO_REFERENCIA_MS_EF_V1_10,549
EF_AF,EF6,CURRICULAR,Matemática,MAT,MS.EF06MA31.s.31,"Identificar as variáveis e suas frequências e os elementos constitutivos (título, eixos, legendas, fontes e datas) em diferentes tipos de gráfico.",Probabilidade e estatística,Leitura e interpretação de tabelas e gráficos (de colunas ou barras simples ou múltiplas) referentes a variáveis categóricas e variáveis numéricas,CURRICULO_REFERENCIA_MS_EF_V1_10,CURRICULO_COMPLETO,CURRICULO_REFERENCIA_MS_EF_V1_10,550
EF_AF,EF6,CURRICULAR,Matemática,MAT,MS.EF06MA32.s.32,"Interpretar e resolver situações que envolvam dados de pesquisas sobre contextos ambientais, sustentabilidade, trânsito, consumo responsável, entre outros, apresentadas pela mídia em tabelas e em diferentes tipos de gráficos e redigir textos escritos com o objetivo de sintetizar conclusões.",Probabilidade e estatística,Leitura e interpretação de tabelas e gráficos (de colunas ou barras simples ou múltiplas) referentes a variáveis categóricas e variáveis numéricas,CURRICULO_REFERENCIA_MS_EF_V1_10,CURRICULO_COMPLETO,CURRICULO_REFERENCIA_MS_EF_V1_10,550
EF_AF,EF6,CURRICULAR,Matemática,MAT,MS.EF06MA33.s.33,"Planejar e coletar dados de pesquisa referente a práticas sociais escolhidas pelos estudantes e fazer uso de planilhas eletrônicas para registro, representação e interpretação das informações, em tabelas, vários tipos de gráficos e texto.",Probabilidade e estatística Unidades Temáticas,"Coleta de dados, organização e registro Construção de diferentes tipos de gráficos para representá-los e interpretação das informações Objetos de Conhecimento",CURRICULO_REFERENCIA_MS_EF_V1_10,CURRICULO_COMPLETO,CURRICULO_REFERENCIA_MS_EF_V1_10,550
EF_AF,EF6,CURRICULAR,Matemática,MAT,MS.EF06MA34.s.34,"Interpretar e desenvolver fluxogramas simples, identificando as relações entre os objetos representados (por exemplo, posição de cidades considerando as estradas que as unem, hierarquia dos funcionários de uma empresa etc.).",Probabilidade e estatística,Diferentes tipos de representação de informações: gráficos e fluxogramas,CURRICULO_REFERENCIA_MS_EF_V1_10,CURRICULO_COMPLETO,CURRICULO_REFERENCIA_MS_EF_V1_10,551
EF_AF,EF7,CURRICULAR,Matemática,MAT,MS.EF07MA01.s.01,"Resolver e elaborar problemas com números naturais, envolvendo as noções de divisor e de múltiplo, podendo incluir máximo divisor comum ou mínimo múltiplo comum, por meio de estratégias diversas, sem a aplicação de algoritmos.",Números Unidades Temáticas,Múltiplos e divisores de um número natural Objetos de Conhecimento,CURRICULO_REFERENCIA_MS_EF_V1_10,CURRICULO_COMPLETO,CURRICULO_REFERENCIA_MS_EF_V1_10,551
EF_AF,EF7,CURRICULAR,Matemática,MAT,MS.EF07MA02.s.02,"Resolver e elaborar problemas que envolvam porcentagens, como os que lidam com acréscimos e decréscimos simples, utilizando estratégias pessoais, cálculo mental e calculadora, no contexto de educação financeira, entre outros.",Números,Cálculo de porcentagens e de acréscimos e decréscimos simples,CURRICULO_REFERENCIA_MS_EF_V1_10,CURRICULO_COMPLETO,CURRICULO_REFERENCIA_MS_EF_V1_10,552
EF_AF,EF7,CURRICULAR,Matemática,MAT,MS.EF07MA03.s.03,"Comparar e ordenar números inteiros em diferentes contextos, incluindo o histórico, associá-los a pontos da reta numérica e utilizá-los em situações que envolvam adição e subtração.",Números Unidades Temáticas,"Números inteiros: usos, história, ordenação, associação com pontos da reta numérica e operações Objetos de Conhecimento",CURRICULO_REFERENCIA_MS_EF_V1_10,CURRICULO_COMPLETO,CURRICULO_REFERENCIA_MS_EF_V1_10,552
EF_AF,EF7,CURRICULAR,Matemática,MAT,MS.EF07MA04.s.04,Resolver e elaborar problemas que envolvam operações com números inteiros.,Números Unidades Temáticas,"Números inteiros: usos, história, ordenação, associação com pontos da reta numérica e operações Objetos de Conhecimento",CURRICULO_REFERENCIA_MS_EF_V1_10,CURRICULO_COMPLETO,CURRICULO_REFERENCIA_MS_EF_V1_10,553
EF_AF,EF7,CURRICULAR,Matemática,MAT,MS.EF07MA05.s.05,Resolver um mesmo problema utilizando diferentes algoritmos.,Números,"Fração e seus significados: como parte de inteiros, resultado da divisão, razão e operador",CURRICULO_REFERENCIA_MS_EF_V1_10,CURRICULO_COMPLETO,CURRICULO_REFERENCIA_MS_EF_V1_10,554
EF_AF,EF7,CURRICULAR,Matemática,MAT,MS.EF07MA06.s.06,Reconhecer que as resoluções de um grupo de problemas que têm a mesma estrutura podem ser obtidas utilizando os mesmos procedimentos.,Números Unidades Temáticas,"Fração e seus significados: como parte de inteiros, resultado da divisão, razão e operador Objetos de Conhecimento",CURRICULO_REFERENCIA_MS_EF_V1_10,CURRICULO_COMPLETO,CURRICULO_REFERENCIA_MS_EF_V1_10,554
EF_AF,EF7,CURRICULAR,Matemática,MAT,MS.EF07MA07.s.07,Representar por meio de um fluxograma os passos utilizados para resolver um grupo de problemas.,Números,"Fração e seus significados: como parte de inteiros, resultado da divisão, razão e operador",CURRICULO_REFERENCIA_MS_EF_V1_10,CURRICULO_COMPLETO,CURRICULO_REFERENCIA_MS_EF_V1_10,555
EF_AF,EF7,CURRICULAR,Matemática,MAT,MS.EF07MA08.s.08,"Comparar e ordenar frações associadas às ideias de partes de inteiros, resultado da divisão, razão e operador.",Números,"Fração e seus significados: como parte de inteiros, resultado da divisão, razão e operador",CURRICULO_REFERENCIA_MS_EF_V1_10,CURRICULO_COMPLETO,CURRICULO_REFERENCIA_MS_EF_V1_10,555
EF_AF,EF7,CURRICULAR,Matemática,MAT,MS.EF07MA09.s.09,"Utilizar, na resolução de problemas, a associação entre razão e fração, como a fração 2/3 para expressar a razão de duas partes de uma grandeza para três partes da mesma ou três partes de outra grandeza.",Números Unidades Temáticas,"Fração e seus significados: como parte de inteiros, resultado da divisão, razão e operador Objetos de Conhecimento",CURRICULO_REFERENCIA_MS_EF_V1_10,CURRICULO_COMPLETO,CURRICULO_REFERENCIA_MS_EF_V1_10,555
EF_AF,EF7,CURRICULAR,Matemática,MAT,MS.EF07MA10.s.10,Comparar e ordenar números racionais em diferentes contextos e associá-los a pontos da reta numérica.,Números,"Números racionais na representação fracionária e na decimal: usos, ordenação e associação com pontos da reta numérica e operações",CURRICULO_REFERENCIA_MS_EF_V1_10,CURRICULO_COMPLETO,CURRICULO_REFERENCIA_MS_EF_V1_10,556
EF_AF,EF7,CURRICULAR,Matemática,MAT,MS.EF07MA11.s.11,"Compreender e utilizar a multiplicação e a divisão de números racionais, a relação entre elas e suas propriedades operatórias.",Números,"Números racionais na representação fracionária e na decimal: usos, ordenação e associação com pontos da reta numérica e operações",CURRICULO_REFERENCIA_MS_EF_V1_10,CURRICULO_COMPLETO,CURRICULO_REFERENCIA_MS_EF_V1_10,556
EF_AF,EF7,CURRICULAR,Matemática,MAT,MS.EF07MA12.s.12,Resolver e elaborar problemas que envolvam as operações com números racionais.,Números Unidades Temáticas,"Números racionais na representação fracionária e na decimal: usos, ordenação e associação com pontos da reta numérica e operações Objetos de Conhecimento",CURRICULO_REFERENCIA_MS_EF_V1_10,CURRICULO_COMPLETO,CURRICULO_REFERENCIA_MS_EF_V1_10,556
EF_AF,EF7,CURRICULAR,Matemática,MAT,MS.EF07MA13.s.13,"Compreender a ideia de variável, representada por letra ou símbolo, para expressar relação entre duas grandezas, diferenciando-a da ideia de incógnita.",Álgebra,Linguagem algébrica: variável e incógnita,CURRICULO_REFERENCIA_MS_EF_V1_10,CURRICULO_COMPLETO,CURRICULO_REFERENCIA_MS_EF_V1_10,557
EF_AF,EF7,CURRICULAR,Matemática,MAT,MS.EF07MA14.s.14,"Classificar sequências em recursivas e não recursivas, reconhecendo que o conceito de recursão está presente não apenas na matemática, mas também nas artes e na literatura.",Álgebra,Linguagem algébrica: variável e incógnita,CURRICULO_REFERENCIA_MS_EF_V1_10,CURRICULO_COMPLETO,CURRICULO_REFERENCIA_MS_EF_V1_10,557
EF_AF,EF7,CURRICULAR,Matemática,MAT,MS.EF07MA15.s.15,Utilizar a simbologia algébrica para expressar regularidades encontradas em sequências numéricas.,Álgebra Unidades Temáticas,Linguagem algébrica: variável e incógnita Objetos de Conhecimento,CURRICULO_REFERENCIA_MS_EF_V1_10,CURRICULO_COMPLETO,CURRICULO_REFERENCIA_MS_EF_V1_10,557
EF_AF,EF7,CURRICULAR,Matemática,MAT,MS.EF07MA16.s.16,Reconhecer se duas expressões algébricas obtidas para descrever a regularidade de uma mesma sequência numérica são ou não equivalentes.,Álgebra,Equivalência de expressões algébricas: identificação da regularidade de uma sequência numérica,CURRICULO_REFERENCIA_MS_EF_V1_10,CURRICULO_COMPLETO,CURRICULO_REFERENCIA_MS_EF_V1_10,558
EF_AF,EF7,CURRICULAR,Matemática,MAT,MS.EF07MA17.s.17,"Resolver e elaborar problemas que envolvam variação de proporcionalidade direta e de proporcionalidade inversa entre duas grandezas, utilizando sentença algébrica para expressar a relação entre elas.",Álgebra,Problemas envolvendo grandezas diretamente proporcionais e grandezas inversamente proporcionais,CURRICULO_REFERENCIA_MS_EF_V1_10,CURRICULO_COMPLETO,CURRICULO_REFERENCIA_MS_EF_V1_10,558
EF_AF,EF7,CURRICULAR,Matemática,MAT,MS.EF07MA18.s.18,"Resolver e elaborar problemas que possam ser representados por equações polinomiais de 1º grau, redutíveis à forma ax + b = c, fazendo uso das propriedades da igualdade.",Álgebra Unidades Temáticas,Equações polinomiais do 1º grau Objetos de Conhecimento,CURRICULO_REFERENCIA_MS_EF_V1_10,CURRICULO_COMPLETO,CURRICULO_REFERENCIA_MS_EF_V1_10,558
EF_AF,EF7,CURRICULAR,Matemática,MAT,MS.EF07MA19.s.19,"Realizar transformações de polígonos representados no plano cartesiano, decorrentes da multiplicação das coordenadas de seus vértices por um número inteiro.",Geometria,Transformações geométricas de polígonos no plano cartesiano: multiplicação das coordenadas por um número inteiro e obtenção de simétricos em relação aos eixos e à origem,CURRICULO_REFERENCIA_MS_EF_V1_10,CURRICULO_COMPLETO,CURRICULO_REFERENCIA_MS_EF_V1_10,559
EF_AF,EF7,CURRICULAR,Matemática,MAT,MS.EF07MA20.s.20,"Reconhecer e representar, no plano cartesiano, o simétrico de figuras em relação aos eixos e à origem.",Geometria,Transformações geométricas de polígonos no plano cartesiano: multiplicação das coordenadas por um número inteiro e obtenção de simétricos em relação aos eixos e à origem,CURRICULO_REFERENCIA_MS_EF_V1_10,CURRICULO_COMPLETO,CURRICULO_REFERENCIA_MS_EF_V1_10,559
EF_AF,EF7,CURRICULAR,Matemática,MAT,MS.EF07MA21.s.21,"Reconhecer e construir figuras obtidas por simetrias de translação, rotação e reflexão, usando instrumentos de desenho ou softwares de geometria dinâmica e vincular esse estudo a representações planas de obras de arte, elementos arquitetônicos, entre outros.",Geometria Unidades Temáticas,"Simetrias de translação, rotação e reflexão Objetos de Conhecimento",CURRICULO_REFERENCIA_MS_EF_V1_10,CURRICULO_COMPLETO,CURRICULO_REFERENCIA_MS_EF_V1_10,559
EF_AF,EF7,CURRICULAR,Matemática,MAT,MS.EF07MA22.s.22,"Construir circunferências, utilizando compasso, reconhecê-las como lugar geométrico e utilizá-las para fazer composições artísticas e resolver problemas que envolvam objetos equidistantes.",Geometria,A circunferência como lugar geométrico,CURRICULO_REFERENCIA_MS_EF_V1_10,CURRICULO_COMPLETO,CURRICULO_REFERENCIA_MS_EF_V1_10,560
EF_AF,EF7,CURRICULAR,Matemática,MAT,MS.EF07MA23.s.23,"Verificar relações entre os ângulos formados por retas paralelas cortadas por uma transversal, com e sem uso de softwares de geometria dinâmica.",Geometria Unidades Temáticas,Relações entre os ângulos formados por retas paralelas intersectadas por uma transversal Objetos de Conhecimento,CURRICULO_REFERENCIA_MS_EF_V1_10,CURRICULO_COMPLETO,CURRICULO_REFERENCIA_MS_EF_V1_10,560
EF_AF,EF7,CURRICULAR,Matemática,MAT,MS.EF07MA24.s.24,"Construir triângulos, usando régua e compasso, reconhecer a condição de existência do triângulo quanto à medida dos lados e verificar que a soma das medidas dos ângulos internos de um triângulo é 180°.",Geometria,"Triângulos: construção, condição de existência e soma das medidas dos ângulos internos",CURRICULO_REFERENCIA_MS_EF_V1_10,CURRICULO_COMPLETO,CURRICULO_REFERENCIA_MS_EF_V1_10,561
EF_AF,EF7,CURRICULAR,Matemática,MAT,MS.EF07MA25.s.25,"Reconhecer a rigidez geométrica dos triângulos e suas aplicações, como na construção de estruturas arquitetônicas (telhados, estruturas metálicas e outras) ou nas artes plásticas.",Geometria,"Triângulos: construção, condição de existência e soma das medidas dos ângulos internos",CURRICULO_REFERENCIA_MS_EF_V1_10,CURRICULO_COMPLETO,CURRICULO_REFERENCIA_MS_EF_V1_10,561
EF_AF,EF7,CURRICULAR,Matemática,MAT,MS.EF07MA26.s.26,"Descrever, por escrito e por meio de um fluxograma, um algoritmo para a construção de um triângulo qualquer, conhecidas as medidas dos três lados.",Geometria Unidades Temáticas,"Triângulos: construção, condição de existência e soma das medidas dos ângulos internos Objetos de Conhecimento",CURRICULO_REFERENCIA_MS_EF_V1_10,CURRICULO_COMPLETO,CURRICULO_REFERENCIA_MS_EF_V1_10,561
EF_AF,EF7,CURRICULAR,Matemática,MAT,MS.EF07MA27.s.27,"Calcular medidas de ângulos internos de polígonos regulares, sem o uso de fórmulas, e estabelecer relações entre ângulos internos e externos de polígonos, preferencialmente vinculadas à construção de mosaicos e de ladrilhamentos.",Geometria,Polígonos regulares: quadrado e triângulo equilátero,CURRICULO_REFERENCIA_MS_EF_V1_10,CURRICULO_COMPLETO,CURRICULO_REFERENCIA_MS_EF_V1_10,562
EF_AF,EF7,CURRICULAR,Matemática,MAT,MS.EF07MA28.s.28,"Descrever, por escrito e por meio de um fluxograma, um algoritmo para a construção de um polígono regular (como quadrado e triângulo equilátero), conhecida a medida de seu lado.",Geometria,Polígonos regulares: quadrado e triângulo equilátero,CURRICULO_REFERENCIA_MS_EF_V1_10,CURRICULO_COMPLETO,CURRICULO_REFERENCIA_MS_EF_V1_10,562
EF_AF,EF7,CURRICULAR,Matemática,MAT,MS.EF07MA29.s.29,"Resolver e elaborar problemas que envolvam medidas de grandezas inseridos em contextos oriundos de situações cotidianas ou de outras áreas do conhecimento, reconhecendo que toda medida empírica é aproximada.",Grandezas e medidas Unidades Temáticas,Problemas envolvendo medições Objetos de Conhecimento,CURRICULO_REFERENCIA_MS_EF_V1_10,CURRICULO_COMPLETO,CURRICULO_REFERENCIA_MS_EF_V1_10,562
EF_AF,EF7,CURRICULAR,Matemática,MAT,MS.EF07MA30.s.30,"Resolver e elaborar problemas de cálculo de medida do volume de blocos retangulares, envolvendo as unidades usuais (metro cúbico, decímetro cúbico e centímetro cúbico).",Grandezas e medidas,"Cálculo de volume de blocos retangulares, utilizando unidades de medida convencionais mais usuais",CURRICULO_REFERENCIA_MS_EF_V1_10,CURRICULO_COMPLETO,CURRICULO_REFERENCIA_MS_EF_V1_10,563
EF_AF,EF7,CURRICULAR,Matemática,MAT,MS.EF07MA31.s.31,Estabelecer expressões de cálculo de área de triângulos e de quadriláteros.,Grandezas e medidas,"Equivalência de área de figuras planas: cálculo de áreas de figuras que podem ser decompostas por outras, cujas áreas podem ser facilmente determinadas como triângulos e quadriláteros",CURRICULO_REFERENCIA_MS_EF_V1_10,CURRICULO_COMPLETO,CURRICULO_REFERENCIA_MS_EF_V1_10,563
EF_AF,EF7,CURRICULAR,Matemática,MAT,MS.EF07MA32.s.32,"Resolver e elaborar problemas de cálculo de medida de área de figuras planas que podem ser decompostas por quadrados, retângulos e/ou triângulos, utilizando a equivalência entre áreas.",Grandezas e medidas Unidades Temáticas,"Equivalência de área de figuras planas: cálculo de áreas de figuras que podem ser decompostas por outras, cujas áreas podem ser facilmente determinadas como Objetos de Conhecimento triângulos e quadriláteros",CURRICULO_REFERENCIA_MS_EF_V1_10,CURRICULO_COMPLETO,CURRICULO_REFERENCIA_MS_EF_V1_10,563
EF_AF,EF7,CURRICULAR,Matemática,MAT,MS.EF07MA33.s.33,"Estabelecer o número π como a razão entre a medida de uma circunferência e seu diâmetro, para compreender e resolver problemas, inclusive os de natureza histórica.",Grandezas e medidas Unidades Temáticas,Medida do comprimento da circunferência Objetos de Conhecimento,CURRICULO_REFERENCIA_MS_EF_V1_10,CURRICULO_COMPLETO,CURRICULO_REFERENCIA_MS_EF_V1_10,564
EF_AF,EF7,CURRICULAR,Matemática,MAT,MS.EF07MA34.s.34,Planejar e realizar experimentos aleatórios ou simulações que envolvem cálculo de probabilidades ou estimativas por meio de frequência de ocorrências.,Probabilidade e estatística,Experimentos aleatórios: espaço amostral e estimativa de probabilidade por meio de frequência de ocorrências,CURRICULO_REFERENCIA_MS_EF_V1_10,CURRICULO_COMPLETO,CURRICULO_REFERENCIA_MS_EF_V1_10,565
EF_AF,EF7,CURRICULAR,Matemática,MAT,MS.EF07MA35.s.35,"Compreender, em contextos significativos, o significado de média estatística como indicador da tendência de uma pesquisa, calcular seu valor e relacioná-lo, intuitivamente, com a amplitude do conjunto de dados.",Probabilidade e estatística Unidades Temáticas,Estatística: média e amplitude de um conjunto de dados Objetos de Conhecimento,CURRICULO_REFERENCIA_MS_EF_V1_10,CURRICULO_COMPLETO,CURRICULO_REFERENCIA_MS_EF_V1_10,565
EF_AF,EF7,CURRICULAR,Matemática,MAT,MS.EF07MA36.s.36,"Planejar e realizar pesquisa envolvendo tema da realidade social, identificando a necessidade de ser censitária ou de usar amostra, e interpretar os dados para comunicá-los por meio de relatório escrito, tabelas e gráficos, com o apoio de planilhas eletrônicas.",Probabilidade e estatística,"Pesquisa amostral e pesquisa censitária Planejamento de pesquisa, coleta e organização dos dados, construção de tabelas e gráficos e interpretação das informações",CURRICULO_REFERENCIA_MS_EF_V1_10,CURRICULO_COMPLETO,CURRICULO_REFERENCIA_MS_EF_V1_10,566
EF_AF,EF7,CURRICULAR,Matemática,MAT,MS.EF07MA37.s.37,Interpretar e analisar dados apresentados em gráfico de setores divulgados pela mídia e compreender quando é possível ou conveniente sua utilização.,Probabilidade e estatística,"Gráficos de setores: interpretação, pertinência e construção para representar conjunto de dados",CURRICULO_REFERENCIA_MS_EF_V1_10,CURRICULO_COMPLETO,CURRICULO_REFERENCIA_MS_EF_V1_10,566
EF_AF,EF8,CURRICULAR,Matemática,MAT,MS.EF08MA00.n.09,Resolver e elaborar problemas que possam ser representados por inequações de 1º grau.,Álgebra Unidades Temáticas,Inequações polinomiais de 1º grau: resolução algébrica e representação no plano cartesiano Objetos de Conhecimento,CURRICULO_REFERENCIA_MS_EF_V1_10,CURRICULO_COMPLETO,CURRICULO_REFERENCIA_MS_EF_V1_10,570
EF_AF,EF8,CURRICULAR,Matemática,MAT,MS.EF08MA00.n.15,"Descrever por meio de fluxogramas um algoritmo para realizar a multiplicação de binômio por monômio e/ou por binômios, tendo como coeficiente números racionais, que permitam indicar padrões de resolução.",Álgebra Unidades Temáticas,Operações com binômios utilizando procedimentos aritméticos e/ou geométricos Objetos de Conhecimento,CURRICULO_REFERENCIA_MS_EF_V1_10,CURRICULO_COMPLETO,CURRICULO_REFERENCIA_MS_EF_V1_10,575
EF_AF,EF8,CURRICULAR,Matemática,MAT,MS.EF08MA00.n.16,"Analisar a igualdade entre duas expressões do tipo (a + b)² = a²+ 2ab +b², utilizando procedimentos numéricos e/ou geométricos para validar a igualdade.",Álgebra Unidades Temáticas,Operações com binômios utilizando procedimentos aritméticos e/ou geométricos Objetos de Conhecimento,CURRICULO_REFERENCIA_MS_EF_V1_10,CURRICULO_COMPLETO,CURRICULO_REFERENCIA_MS_EF_V1_10,576
EF_AF,EF8,CURRICULAR,Matemática,MAT,MS.EF08MA00.n.17,"Observar que dois triângulos são congruentes quando possuem lados correspondentes iguais e reconhecer casos de congruências de triângulos, identificando as medidas invariantes como (lados, ângulos, perímetros, áreas, etc).",Geometria,Congruência de triângulos e demonstrações de propriedades de quadriláteros,CURRICULO_REFERENCIA_MS_EF_V1_10,CURRICULO_COMPLETO,CURRICULO_REFERENCIA_MS_EF_V1_10,577
EF_AF,EF8,CURRICULAR,Matemática,MAT,MS.EF08MA01.s.01,Efetuar cálculos com potências de expoentes inteiros e aplicar esse conhecimento na representação de números em notação científica.,Números,Notação científica,CURRICULO_REFERENCIA_MS_EF_V1_10,CURRICULO_COMPLETO,CURRICULO_REFERENCIA_MS_EF_V1_10,567
EF_AF,EF8,CURRICULAR,Matemática,MAT,MS.EF08MA02.s.02,"Resolver e elaborar problemas usando a relação entre potenciação e radiciação, para representar uma raiz como potência de expoente fracionário.",Números Unidades Temáticas,Potenciação e radiciação Objetos de Conhecimento,CURRICULO_REFERENCIA_MS_EF_V1_10,CURRICULO_COMPLETO,CURRICULO_REFERENCIA_MS_EF_V1_10,567
EF_AF,EF8,CURRICULAR,Matemática,MAT,MS.EF08MA03.s.03,Resolver e elaborar problemas de contagem cuja resolução envolva a aplicação do princípio multiplicativo.,Números,O princípio multiplicativo da contagem,CURRICULO_REFERENCIA_MS_EF_V1_10,CURRICULO_COMPLETO,CURRICULO_REFERENCIA_MS_EF_V1_10,568
EF_AF,EF8,CURRICULAR,Matemática,MAT,MS.EF08MA04.s.04,"Resolver e elaborar problemas, envolvendo cálculo de porcentagens, incluindo o uso de tecnologias digitais.",Números,Porcentagens,CURRICULO_REFERENCIA_MS_EF_V1_10,CURRICULO_COMPLETO,CURRICULO_REFERENCIA_MS_EF_V1_10,568
EF_AF,EF8,CURRICULAR,Matemática,MAT,MS.EF08MA05.s.05,Reconhecer e utilizar procedimentos para a obtenção de uma fração geratriz para uma dízima periódica.,Números Unidades Temáticas,Dízimas periódicas: fração geratriz Objetos de Conhecimento,CURRICULO_REFERENCIA_MS_EF_V1_10,CURRICULO_COMPLETO,CURRICULO_REFERENCIA_MS_EF_V1_10,568
EF_AF,EF8,CURRICULAR,Matemática,MAT,MS.EF08MA06.s.06,"Resolver e elaborar problemas que envolvam cálculo do valor numérico de expressões algébricas, utilizando as propriedades das operações.",Álgebra Unidades Temáticas,Valor numérico de expressões algébricas Objetos de Conhecimento,CURRICULO_REFERENCIA_MS_EF_V1_10,CURRICULO_COMPLETO,CURRICULO_REFERENCIA_MS_EF_V1_10,569
EF_AF,EF8,CURRICULAR,Matemática,MAT,MS.EF08MA07.s.07,Associar uma equação linear de 1º grau com duas incógnitas a uma reta no plano cartesiano.,Álgebra,Associação de uma equação linear de 1º grau a uma reta no plano cartesiano,CURRICULO_REFERENCIA_MS_EF_V1_10,CURRICULO_COMPLETO,CURRICULO_REFERENCIA_MS_EF_V1_10,570
EF_AF,EF8,CURRICULAR,Matemática,MAT,MS.EF08MA08.s.08,"Resolver e elaborar problemas relacionados ao seu contexto próximo, que possam ser representados por sistemas de equações de 1º grau com duas incógnitas e interpretá-los, utilizando, inclusive, o plano cartesiano como recurso.",Álgebra,Sistema de equações polinomiais de 1º grau: resolução algébrica e representação no plano cartesiano,CURRICULO_REFERENCIA_MS_EF_V1_10,CURRICULO_COMPLETO,CURRICULO_REFERENCIA_MS_EF_V1_10,570
EF_AF,EF8,CURRICULAR,Matemática,MAT,MS.EF08MA09.s.10,"Resolver e elaborar, com e sem uso de tecnologias, problemas que possam ser representados por equações polinomiais de 2º grau do tipo ax² = b.",Álgebra Unidades Temáticas,Equação polinomial de 2º grau do tipo ax² = b Objetos de Conhecimento,CURRICULO_REFERENCIA_MS_EF_V1_10,CURRICULO_COMPLETO,CURRICULO_REFERENCIA_MS_EF_V1_10,571
EF_AF,EF8,CURRICULAR,Matemática,MAT,MS.EF08MA10.s.11,Identificar a regularidade de uma sequência numérica ou figural não recursiva e construir um algoritmo por meio de um fluxograma que permita indicar os números ou as figuras seguintes.,Álgebra,Sequências recursivas e não recursivas,CURRICULO_REFERENCIA_MS_EF_V1_10,CURRICULO_COMPLETO,CURRICULO_REFERENCIA_MS_EF_V1_10,572
EF_AF,EF8,CURRICULAR,Matemática,MAT,MS.EF08MA11.s.12,Identificar a regularidade de uma sequência numérica recursiva e construir um algoritmo por meio de um fluxograma que permita indicar os números seguintes.,Álgebra Unidades Temáticas,Sequências recursivas e não recursivas Objetos de Conhecimento,CURRICULO_REFERENCIA_MS_EF_V1_10,CURRICULO_COMPLETO,CURRICULO_REFERENCIA_MS_EF_V1_10,572
EF_AF,EF8,CURRICULAR,Matemática,MAT,MS.EF08MA12.s.13,"Identificar a natureza da variação de duas grandezas, diretamente, inversamente proporcionais ou não proporcionais, expressando a relação existente por meio de sentença algébrica e representá-la no plano cartesiano.",Álgebra Unidades Temáticas,"Variação de grandezas: diretamente proporcionais, inversamente proporcionais ou não proporcionais Objetos de Conhecimento",CURRICULO_REFERENCIA_MS_EF_V1_10,CURRICULO_COMPLETO,CURRICULO_REFERENCIA_MS_EF_V1_10,573
EF_AF,EF8,CURRICULAR,Matemática,MAT,MS.EF08MA13.s.14,"Resolver e elaborar problemas que envolvam grandezas diretamente ou inversamente proporcionais, por meio de estratégias variadas.",Álgebra Unidades Temáticas,"Variação de grandezas: diretamente proporcionais, inversamente proporcionais ou não proporcionais Objetos de Conhecimento",CURRICULO_REFERENCIA_MS_EF_V1_10,CURRICULO_COMPLETO,CURRICULO_REFERENCIA_MS_EF_V1_10,574
EF_AF,EF8,CURRICULAR,Matemática,MAT,MS.EF08MA14.s.18,Demonstrar propriedades de quadriláteros por meio da identificação da congruência de triângulos.,Geometria Unidades Temáticas,Congruência de triângulos e demonstrações de propriedades de quadriláteros Objetos de Conhecimento,CURRICULO_REFERENCIA_MS_EF_V1_10,CURRICULO_COMPLETO,CURRICULO_REFERENCIA_MS_EF_V1_10,577
EF_AF,EF8,CURRICULAR,Matemática,MAT,MS.EF08MA15.s.19,"Construir, utilizando instrumentos de desenho ou softwares de geometria dinâmica, mediatriz, bissetriz, ângulos de 90°, 60°, 45° e 30° e polígonos regulares.",Geometria,"Construções geométricas: ângulos de 90°, 60°, 45° e 30° e polígonos regulares",CURRICULO_REFERENCIA_MS_EF_V1_10,CURRICULO_COMPLETO,CURRICULO_REFERENCIA_MS_EF_V1_10,578
EF_AF,EF8,CURRICULAR,Matemática,MAT,MS.EF08MA16.s.20,"Descrever, por escrito e por meio de um fluxograma, um algoritmo para a construção de um hexágono regular de qualquer área, a partir da medida do ângulo central e da utilização de esquadros e compasso.",Geometria Unidades Temáticas,"Construções geométricas: ângulos de 90°, 60°, 45° e 30° e polígonos regulares Objetos de Conhecimento",CURRICULO_REFERENCIA_MS_EF_V1_10,CURRICULO_COMPLETO,CURRICULO_REFERENCIA_MS_EF_V1_10,578
EF_AF,EF8,CURRICULAR,Matemática,MAT,MS.EF08MA17.s.21,Aplicar os conceitos de mediatriz e bissetriz como lugares geométricos na resolução de problemas.,Geometria,Mediatriz e bissetriz como lugares geométricos: construção e problemas,CURRICULO_REFERENCIA_MS_EF_V1_10,CURRICULO_COMPLETO,CURRICULO_REFERENCIA_MS_EF_V1_10,579
EF_AF,EF8,CURRICULAR,Matemática,MAT,MS.EF08MA18.s.22,"Reconhecer e construir figuras obtidas por composições de transformações geométricas (translação, reflexão e rotação), com o uso de instrumentos de desenho ou de softwares de geometria dinâmica.",Geometria,"Transformações geométricas: simetrias de translação, reflexão e rotação",CURRICULO_REFERENCIA_MS_EF_V1_10,CURRICULO_COMPLETO,CURRICULO_REFERENCIA_MS_EF_V1_10,579
EF_AF,EF8,CURRICULAR,Matemática,MAT,MS.EF08MA19.s.23,"Resolver e elaborar problemas que envolvam medidas de área de figuras geométricas, utilizando expressões de cálculo de área (quadriláteros, triângulos e círculos), em situações como determinar medida de terrenos.",Grandezas e medidas Unidades Temáticas,Área de figuras planas Área do círculo e comprimento de sua circunferência Objetos de Conhecimento,CURRICULO_REFERENCIA_MS_EF_V1_10,CURRICULO_COMPLETO,CURRICULO_REFERENCIA_MS_EF_V1_10,579
EF_AF,EF8,CURRICULAR,Matemática,MAT,MS.EF08MA20.s.24,"Reconhecer a relação entre um litro e um decímetro cúbico e a relação entre litro e metro cúbico, para resolver problemas de cálculo de capacidade de recipientes.",Grandezas e medidas,Volume de cilindro reto Medidas de capacidade,CURRICULO_REFERENCIA_MS_EF_V1_10,CURRICULO_COMPLETO,CURRICULO_REFERENCIA_MS_EF_V1_10,580
EF_AF,EF8,CURRICULAR,Matemática,MAT,MS.EF08MA21.s.25,Resolver e elaborar problemas que envolvam o cálculo do volume de recipiente cujo formato é o de um bloco retangular.,Grandezas e medidas Unidades Temáticas,Volume de cilindro reto Medidas de capacidade Objetos de Conhecimento,CURRICULO_REFERENCIA_MS_EF_V1_10,CURRICULO_COMPLETO,CURRICULO_REFERENCIA_MS_EF_V1_10,580
EF_AF,EF8,CURRICULAR,Matemática,MAT,MS.EF08MA22.s.26,"Calcular a probabilidade de eventos, com base na construção do espaço amostral, utilizando o princípio multiplicativo, e reconhecer que a soma das probabilidades de todos os elementos do espaço amostral é igual a 1.",Probabilidade e estatística,Princípio multiplicativo da contagem Soma das probabilidades de todos os elementos de um espaço amostral,CURRICULO_REFERENCIA_MS_EF_V1_10,CURRICULO_COMPLETO,CURRICULO_REFERENCIA_MS_EF_V1_10,581
EF_AF,EF8,CURRICULAR,Matemática,MAT,MS.EF08MA23.s.27,Avaliar a adequação de diferentes tipos de gráficos para representar um conjunto de dados de uma pesquisa.,Probabilidade e estatística Unidades Temáticas,"Gráficos de barras, colunas, linhas ou setores e seus elementos constitutivos e adequação para determinado conjunto de dados Objetos de Conhecimento",CURRICULO_REFERENCIA_MS_EF_V1_10,CURRICULO_COMPLETO,CURRICULO_REFERENCIA_MS_EF_V1_10,581
EF_AF,EF8,CURRICULAR,Matemática,MAT,MS.EF08MA24.s.28,"Classificar as frequências de uma variável contínua de uma pesquisa em classes, de modo que resumam os dados de maneira adequada para a tomada de decisões.",Probabilidade e estatística,Organização dos dados de uma variável contínua em classes,CURRICULO_REFERENCIA_MS_EF_V1_10,CURRICULO_COMPLETO,CURRICULO_REFERENCIA_MS_EF_V1_10,582
EF_AF,EF8,CURRICULAR,Matemática,MAT,MS.EF08MA25.s.29,"Obter os valores de medidas de tendência central de uma pesquisa estatística (média, moda e mediana) com a compreensão de seus significados e relacioná-los com a dispersão de dados, indicada pela amplitude.",Probabilidade e estatística,Medidas de tendência central e de dispersão,CURRICULO_REFERENCIA_MS_EF_V1_10,CURRICULO_COMPLETO,CURRICULO_REFERENCIA_MS_EF_V1_10,582
EF_AF,EF8,CURRICULAR,Matemática,MAT,MS.EF08MA26.s.30,"Selecionar razões, de diferentes naturezas (física, ética ou econômica), que justificam a realização de pesquisas amostrais e não censitárias, e reconhecer que a seleção da amostra pode ser feita de diferentes maneiras (amostra casual simples, sistemática e estratificada).",Probabilidade e estatística Unidades Temáticas,Pesquisas censitária ou amostral Planejamento e execução de pesquisa amostral Objetos de Conhecimento,CURRICULO_REFERENCIA_MS_EF_V1_10,CURRICULO_COMPLETO,CURRICULO_REFERENCIA_MS_EF_V1_10,582
EF_AF,EF8,CURRICULAR,Matemática,MAT,MS.EF08MA27.s.31,"Planejar e executar pesquisa amostral, selecionando uma técnica de amostragem adequada, e escrever relatório que contenha os gráficos apropriados para representar os conjuntos de dados, destacando aspectos como as medidas de tendência central, a amplitude e as conclusões.",Probabilidade e estatística,Pesquisas censitária ou amostral Planejamento e execução de pesquisa amostral,CURRICULO_REFERENCIA_MS_EF_V1_10,CURRICULO_COMPLETO,CURRICULO_REFERENCIA_MS_EF_V1_10,583
EF_AF,EF9,CURRICULAR,Matemática,MAT,MS.EF09MA00.n.07,"Resolver inequações de primeiro grau, reconhecendo a representação do resultado na reta numérica.",Álgebra,Inequações polinomiais de 1º grau: resolução algébrica e representação no conjunto dos números reais.,CURRICULO_REFERENCIA_MS_EF_V1_10,CURRICULO_COMPLETO,CURRICULO_REFERENCIA_MS_EF_V1_10,587
EF_AF,EF9,CURRICULAR,Matemática,MAT,MS.EF09MA00.n.11,"Descrever, por escrito e por meio de fluxogramas, um algoritmos para resolver equações polinomiais do 2º grau.",Álgebra,Expressões algébricas: fatoração e produtos notáveis Resolução de equações polinomiais do 2º grau por meio de fatorações,CURRICULO_REFERENCIA_MS_EF_V1_10,CURRICULO_COMPLETO,CURRICULO_REFERENCIA_MS_EF_V1_10,590
EF_AF,EF9,CURRICULAR,Matemática,MAT,MS.EF09MA01.s.01,"Reconhecer que, uma vez fixada uma unidade de comprimento, existem segmentos de reta cujo comprimento não é expresso por número racional (como as medidas de diagonais de um polígono e alturas de um triângulo, quando se toma a medida de cada lado como unidade).",Números Unidades Temáticas,Necessidade dos números reais para medir qualquer segmento de reta Números irracionais: reconhecimento e localização de alguns na reta numérica Objetos de Conhecimento,CURRICULO_REFERENCIA_MS_EF_V1_10,CURRICULO_COMPLETO,CURRICULO_REFERENCIA_MS_EF_V1_10,583
EF_AF,EF9,CURRICULAR,Matemática,MAT,MS.EF09MA02.s.02,"Reconhecer um número irracional como um número real cuja representação decimal é infinita e não periódica, e estimar a localização de alguns deles na reta numérica.",Números Unidades Temáticas,Necessidade dos números reais para medir qualquer segmento de reta Números irracionais: reconhecimento e localização de alguns na reta numérica Objetos de Conhecimento,CURRICULO_REFERENCIA_MS_EF_V1_10,CURRICULO_COMPLETO,CURRICULO_REFERENCIA_MS_EF_V1_10,584
EF_AF,EF9,CURRICULAR,Matemática,MAT,MS.EF09MA03.s.03,"Efetuar cálculos com números reais, inclusive potências com expoentes fracionários.",Números,Potências com expoentes negativos e fracionários,CURRICULO_REFERENCIA_MS_EF_V1_10,CURRICULO_COMPLETO,CURRICULO_REFERENCIA_MS_EF_V1_10,585
EF_AF,EF9,CURRICULAR,Matemática,MAT,MS.EF09MA04.s.04,"Resolver e elaborar problemas com números reais, inclusive em notação científica, envolvendo diferentes operações.",Números,Números reais: notação científica e problemas,CURRICULO_REFERENCIA_MS_EF_V1_10,CURRICULO_COMPLETO,CURRICULO_REFERENCIA_MS_EF_V1_10,585
EF_AF,EF9,CURRICULAR,Matemática,MAT,MS.EF09MA05.s.05,"Resolver e elaborar problemas que envolvam porcentagens, com a ideia de aplicação de percentuais sucessivos e a determinação das taxas percentuais, preferencialmente com o uso de tecnologias digitais, no contexto da educação financeira.",Números Unidades Temáticas,Porcentagens: problemas que envolvem cálculo de percentuais sucessivos Objetos de Conhecimento,CURRICULO_REFERENCIA_MS_EF_V1_10,CURRICULO_COMPLETO,CURRICULO_REFERENCIA_MS_EF_V1_10,585
EF_AF,EF9,CURRICULAR,Matemática,MAT,MS.EF09MA06.s.06,"Compreender as funções como relações de dependência unívoca entre duas variáveis e suas representações numérica, algébrica e gráfica e utilizar esse conceito para analisar situações que envolvam relações funcionais entre duas variáveis.",Álgebra Unidades Temáticas,"Funções: representações numérica, algébrica e gráfica Objetos de Conhecimento",CURRICULO_REFERENCIA_MS_EF_V1_10,CURRICULO_COMPLETO,CURRICULO_REFERENCIA_MS_EF_V1_10,586
EF_AF,EF9,CURRICULAR,Matemática,MAT,MS.EF09MA07.s.08,"Resolver problemas que envolvam a razão entre duas grandezas de espécies diferentes, como velocidade e densidade demográfica.",Álgebra Unidades Temáticas,Razão entre grandezas de espécies diferentes Objetos de Conhecimento,CURRICULO_REFERENCIA_MS_EF_V1_10,CURRICULO_COMPLETO,CURRICULO_REFERENCIA_MS_EF_V1_10,587
EF_AF,EF9,CURRICULAR,Matemática,MAT,MS.EF09MA08.s.09,"Resolver e elaborar problemas que envolvam relações de proporcionalidade direta e inversa entre duas ou mais grandezas, inclusive escalas, divisão em partes proporcionais e taxa de variação, em contextos socioculturais, ambientais e de outras áreas.",Álgebra Unidades Temáticas,Grandezas diretamente proporcionais e grandezas inversamente proporcionais Objetos de Conhecimento,CURRICULO_REFERENCIA_MS_EF_V1_10,CURRICULO_COMPLETO,CURRICULO_REFERENCIA_MS_EF_V1_10,588
EF_AF,EF9,CURRICULAR,Matemática,MAT,MS.EF09MA09.s.10,"Compreender os processos de fatoração de expressões algébricas, com base em suas relações com os produtos notáveis, para resolver e elaborar problemas que possam ser representados por equações polinomiais do 2º grau.",Álgebra Unidades Temáticas,Expressões algébricas: fatoração e produtos notáveis Resolução de equações polinomiais do 2º grau por meio de fatorações Objetos de Conhecimento,CURRICULO_REFERENCIA_MS_EF_V1_10,CURRICULO_COMPLETO,CURRICULO_REFERENCIA_MS_EF_V1_10,589
EF_AF,EF9,CURRICULAR,Matemática,MAT,MS.EF09MA10.s.12,Demonstrar relações simples entre os ângulos formados por retas paralelas cortadas por uma transversal.,Geometria Unidades Temáticas,Demonstrações de relações entre os ângulos formados por retas paralelas intersectadas por uma transversal Objetos de Conhecimento,CURRICULO_REFERENCIA_MS_EF_V1_10,CURRICULO_COMPLETO,CURRICULO_REFERENCIA_MS_EF_V1_10,590
EF_AF,EF9,CURRICULAR,Matemática,MAT,MS.EF09MA11.s.13,"Resolver problemas por meio do estabelecimento de relações entre arcos, ângulos centrais e ângulos inscritos na circunferência, fazendo uso, inclusive, de softwares de geometria dinâmica.",Geometria Unidades Temáticas,Relações entre arcos e ângulos na circunferência de um círculo Objetos de Conhecimento,CURRICULO_REFERENCIA_MS_EF_V1_10,CURRICULO_COMPLETO,CURRICULO_REFERENCIA_MS_EF_V1_10,591
EF_AF,EF9,CURRICULAR,Matemática,MAT,MS.EF09MA12.s.14,Reconhecer as condições necessárias e suficientes para que dois triângulos sejam semelhantes.,Geometria,Semelhança de triângulos,CURRICULO_REFERENCIA_MS_EF_V1_10,CURRICULO_COMPLETO,CURRICULO_REFERENCIA_MS_EF_V1_10,592
EF_AF,EF9,CURRICULAR,Matemática,MAT,MS.EF09MA13.s.15,"Demonstrar relações métricas do triângulo retângulo, entre elas o teorema de Pitágoras, utilizando, inclusive, a semelhança de triângulos.",Geometria,Relações métricas no triângulo retângulo Teorema de Pitágoras: verificações experimentais e demonstração Retas paralelas cortadas por transversais: teoremas de proporcionalidade e verificações experimentais,CURRICULO_REFERENCIA_MS_EF_V1_10,CURRICULO_COMPLETO,CURRICULO_REFERENCIA_MS_EF_V1_10,592
EF_AF,EF9,CURRICULAR,Matemática,MAT,MS.EF09MA14.s.16,Resolver e elaborar problemas de aplicação do teorema de Pitágoras ou das relações de proporcionalidade envolvendo retas paralelas cortadas por secantes.,Geometria,Relações métricas no triângulo retângulo Teorema de Pitágoras: verificações experimentais e demonstração Retas paralelas cortadas por transversais: teoremas de proporcionalidade e verificações experimentais,CURRICULO_REFERENCIA_MS_EF_V1_10,CURRICULO_COMPLETO,CURRICULO_REFERENCIA_MS_EF_V1_10,592
EF_AF,EF9,CURRICULAR,Matemática,MAT,MS.EF09MA15.s.17,"Descrever, por escrito e por meio de um fluxograma, um algoritmo para a construção de um polígono regular cuja medida do lado é conhecida, utilizando régua e compasso, como também softwares.",Geometria Unidades Temáticas,Polígonos regulares Objetos de Conhecimento,CURRICULO_REFERENCIA_MS_EF_V1_10,CURRICULO_COMPLETO,CURRICULO_REFERENCIA_MS_EF_V1_10,592
EF_AF,EF9,CURRICULAR,Matemática,MAT,MS.EF09MA16.s.18,"Determinar o ponto médio de um segmento de reta e a distância entre dois pontos quaisquer, dadas as coordenadas desses pontos no plano cartesiano, sem o uso de fórmulas, e utilizar esse conhecimento para calcular, por exemplo, medidas de perímetros e áreas de figuras planas construídas no plano.",Geometria,Distância entre pontos no plano cartesiano,CURRICULO_REFERENCIA_MS_EF_V1_10,CURRICULO_COMPLETO,CURRICULO_REFERENCIA_MS_EF_V1_10,593
EF_AF,EF9,CURRICULAR,Matemática,MAT,MS.EF09MA17.s.19,Reconhecer vistas ortogonais de figuras espaciais e aplicar esse conhecimento para desenhar objetos em perspectiva.,Geometria Unidades Temáticas,Vistas ortogonais de figuras espaciais Objetos de Conhecimento,CURRICULO_REFERENCIA_MS_EF_V1_10,CURRICULO_COMPLETO,CURRICULO_REFERENCIA_MS_EF_V1_10,593
EF_AF,EF9,CURRICULAR,Matemática,MAT,MS.EF09MA18.s.20,"Reconhecer e empregar unidades usadas para expressar medidas muito grandes ou muito pequenas, tais como distância entre planetas e sistemas solares, tamanho de vírus ou de células, capacidade de armazenamento de computadores, entre outros.",Grandezas e medidas Unidades Temáticas,Unidades de medida para medir distâncias muito grandes e muito pequenas Unidades de medida utilizadas na informática Objetos de Conhecimento,CURRICULO_REFERENCIA_MS_EF_V1_10,CURRICULO_COMPLETO,CURRICULO_REFERENCIA_MS_EF_V1_10,594
EF_AF,EF9,CURRICULAR,Matemática,MAT,MS.EF09MA19.s.21,"Resolver e elaborar problemas que envolvam medidas de volumes de prismas e de cilindros retos, inclusive com uso de expressões de cálculo, em situações cotidianas.",Grandezas e medidas,Volume de prismas e cilindros,CURRICULO_REFERENCIA_MS_EF_V1_10,CURRICULO_COMPLETO,CURRICULO_REFERENCIA_MS_EF_V1_10,595
EF_AF,EF9,CURRICULAR,Matemática,MAT,MS.EF09MA20.s.22,"Reconhecer, em experimentos aleatórios, eventos independentes e dependentes e calcular a probabilidade de sua ocorrência, nos dois casos.",Probabilidade e estatística,Análise de probabilidade de eventos aleatórios: eventos dependentes e independentes,CURRICULO_REFERENCIA_MS_EF_V1_10,CURRICULO_COMPLETO,CURRICULO_REFERENCIA_MS_EF_V1_10,595
EF_AF,EF9,CURRICULAR,Matemática,MAT,MS.EF09MA21.s.23,"Analisar e identificar, em gráficos divulgados pela mídia, os elementos que podem induzir, às vezes propositadamente, erros de leitura, como escalas inapropriadas, legendas não explicitadas corretamente, omissão de informações importantes (fontes e datas), entre outros.",Probabilidade e estatística Unidades Temáticas,Análise de gráficos divulgados pela mídia: elementos que podem induzir a erros de leitura ou de interpretação Objetos de Conhecimento,CURRICULO_REFERENCIA_MS_EF_V1_10,CURRICULO_COMPLETO,CURRICULO_REFERENCIA_MS_EF_V1_10,595
EF_AF,EF9,CURRICULAR,Matemática,MAT,MS.EF09MA22.s.24,"Escolher e construir o gráfico mais adequado (colunas, setores, linhas), com ou sem uso de planilhas eletrônicas, para apresentar um determinado conjunto de dados, destacando aspectos como as medidas de tendência central.",Probabilidade e estatística,"Leitura, interpretação e representação de dados de pesquisa expressos em tabelas de dupla entrada, gráficos de colunas simples e agrupadas, gráficos de barras e de setores e gráficos pictóricos",CURRICULO_REFERENCIA_MS_EF_V1_10,CURRICULO_COMPLETO,CURRICULO_REFERENCIA_MS_EF_V1_10,596
EF_AF,EF9,CURRICULAR,Matemática,MAT,MS.EF09MA23.s.25,"Planejar e executar pesquisa amostral envolvendo tema da realidade social e comunicar os resultados por meio de relatório contendo avaliação de medidas de tendência central e da amplitude, tabelas e gráficos adequados, construídos com o apoio de planilhas eletrônicas. Matemática com o geogebra. Educação Básica. Base nacional >. Acesso em: maio, 2018. Curriculares Nacionais (PCNs). Curriculares Nacionais (PCNs). pela alfabetização na Idade Certa. pela alfabetização na Idade Certa. matemáticas. São Paulo. MORGADO, A.C. Temas e Problemas para o Século XXI. Campinas. Registros de Representação teórico-práticos para do Mathema. Ensino Fundamental. Rio de Janeiro: Record 2009. Fundamental: formação de professores Artmed. 2009 – Componente Todo grande está relacionada às que tange aos aspectos do saber científico decisão acerca das intervenções como empreendimento da percepção do função das demandas sociais, ao processo de industrialização o ensino de Ciências foi incorporado (Lei de Diretrizes e Bases de Saúde) no currículo depois passou a ser obrigatória Ensino Fundamental de Diretrizes e Bases da ao mundo do trabalho e do Ensino Médio uma Curriculares Nacionais na execução de seu trabalho, os conhecimentos de e conscientes de seu papel das áreas de conhecimento acerca do currículo de Ciências Comum Curricular – BNCC, cidadão crítico, consciente com o objetivo de proporcionar da sociedade. Assim, considerando sociais e históricas os conteúdos, em suas múltiplas de ensino e de aprendizagem, recursos didático-pedagógicos do conhecimento por meio do ensino estudante a ampliação de os quais influenciam conforme proposto visto que considera os estudantes de reorganizá-lo a análise, representação para os diversos o acesso ao letramento conhecimento, o estímulo de Ciências da Natureza da Natureza como empreendimento e histórico. e estruturas explicativas e procedimentos da científicas, tecnológicas, e colaborar para características, fenômenos (incluindo o digital), como para fazer perguntas, base nos conhecimentos políticas, socioambientais aos desafios do mundo base em dados, evidências vista que promovam a consciência e valorizando a diversidade natureza. e tecnologias digitais informações, produzir crítica, significativa, reflexiva de si, do seu corpo e bem-estar, e respeitando o outro, tecnologias. com respeito, autonomia, aos conhecimentos científico-tecnológicas e em princípios éticos, democráticos, de Conhecimento,","Probabilidade e estatística REFERÊNCIAS ARAÚJO, L.C. L. NÓBRIGA, BRASIL. Ministério da em: < http://basenacionalcomum.mec.gov.br/a-base/ _______. Ministério da MEC/SEF, 1998. _______. Ministério da quarto ciclos. Brasília: _______. Ministério da 2014. _______. Ministério da do letramento. Brasília: FAYOL, M. Numeramento: LIMA, E. L.; CARVALHO, LINS, R. C. Perspectivas MACHADO, S. D. A. Aprendizagem MALDANER, A. Educação Mediação. 2011. SMOLE, K.S. DINIZ, M.I. TAHAN, M. O homem VAN DE WALLE, J. A. Paulo Henrique Colonese. 8.5 Área de Ciências A construção do implicações diretas históricos. Além previsões, explicações mundo contemporâneo. Nessa perspectiva, a compreensão participativo na tecnológicas, principalmente, efeitos da Segunda Diante disso, em disciplina de Ciências Ensino Fundamental) segundo graus, atualmente Em 1996, foi aprovada preconiza a educação nos currículos do Ainda no ano 1996, tem por “objetivo de fazer com que cidadãos plenamente documento propõe fomentando discussões Com o advento documento, orienta contextualizado individual e coletiva conceituais, procedimentais Ensino de Ciências, e não, necessariamente, do estudante. Nesse cenário, a contínuo de reorganização de atividades pautadas educação científica, avanços sociais, científicos Em termos gerais, para alcançar o letramento de construção do elaborações de intervenção, bem Assim, essa proposta contribuindo com estudantes. 8.5.1 Competências (2017): 1. Compreender científico 2. Compreender como dominar segurança trabalho, democrática 3. Analisar, natural, social entre eles, (inclusive 4. Avaliar aplicações tecnologias relativos 5. Construir defender próprio e sem preconceitos 6. Utilizar diferentes comunicar, Ciências 7. Conhecer, humana, Ciências 8. Agir pessoal resiliência decisões individual 8.5.2 Unidades Didáticas","Planejamento e execução de pesquisa amostral e apresentação de relatório J.C.C. Aprendendo Educação. Secretaria da Educação. Parâmetros Educação. Parâmetros MEC/SEF, 1998. Educação. Pacto Nacional Educação. Pacto Nacional MEC/SEB, 2015. aquisição das competências P. C. P.; WAGNER, E.; em Aritmética e Álgebra em Matemática: Matemática: fundamentos MILANI E. Cadernos que Calculava. 76. ed. Matemática no Ensino ed. Porto Alegre. RS. da Natureza conhecimento científico e indiretas no disso, a compreensão e tomadas de a ciência representada dos fenômenos naturais, sociedade e, em devido Guerra Mundial, 1961, a Lei n. 4.024 da Natureza (Programas e uma década denominados uma nova Lei escolar vinculada Ensino Fundamental surgiram os Parâmetros auxiliar o professor as crianças dominem reconhecidos a integração e reflexões da Base Nacional a formação de e problematizador, sobre o cotidiano e as implicações constata-se que o fim no processo diversidade de e reconstrução em problematizações, pois permite ao e tecnológicos, o ensino por investigação, científico, conhecimento, capazes hipóteses, experimentações, como possíveis explicações pretende promover a construção do específicas as Ciências como provisório, cultural conceitos fundamentais processos, práticas no debate de questões continuar aprendendo e inclusiva. compreender e explicar e tecnológico exercitando a curiosidade tecnológicas) com e implicações para propor alternativas ao mundo do trabalho. argumentos com ideias e pontos de ao outro, acolhendo de qualquer linguagens acessar e disseminar da Natureza de forma apreciar e cuidar fazendo-se respeitar da Natureza e as suas e coletivamente e determinação, recorrendo frente a questões e coletiva, com base Temáticas, Objetos",CURRICULO_REFERENCIA_MS_EF_V1_10,CURRICULO_COMPLETO,CURRICULO_REFERENCIA_MS_EF_V1_10,596
EF_AI,EF1|EF2|EF3|EF4|EF5,CURRICULAR,Arte,ARTE,MS.EF15AR00.n.23,"Conhecer histórias, brincadeiras, contos e lendas, mundiais, nacionais e do Mato Grosso do Sul, desenvolvendo a capacidade imaginativa.",Teatro,Contextos e práticas,CURRICULO_REFERENCIA_MS_EF_V1_10,CURRICULO_COMPLETO,CURRICULO_REFERENCIA_MS_EF_V1_10,314
EF_AI,EF1|EF2|EF3|EF4|EF5,CURRICULAR,Arte,ARTE,MS.EF15AR00.n.24,"Compreender com naturalidade as reações emocionais provenientes das atividades práticas teatrais, através de diversas experiências.",Teatro,Contextos e práticas,CURRICULO_REFERENCIA_MS_EF_V1_10,CURRICULO_COMPLETO,CURRICULO_REFERENCIA_MS_EF_V1_10,314
EF_AI,EF1|EF2|EF3|EF4|EF5,CURRICULAR,Arte,ARTE,MS.EF15AR01.s.01,"Identificar e apreciar formas distintas das artes visuais tradicionais e contemporâneas, cultivando a percepção, o imaginário, a capacidade de simbolizar e o repertório imagético.",Artes visuais,Contextos e práticas,CURRICULO_REFERENCIA_MS_EF_V1_10,CURRICULO_COMPLETO,CURRICULO_REFERENCIA_MS_EF_V1_10,307
EF_AI,EF1|EF2|EF3|EF4|EF5,CURRICULAR,Arte,ARTE,MS.EF15AR02.s.02,"Explorar e reconhecer elementos constitutivos das artes visuais (ponto, linha, forma, cor, espaço, movimento etc.).",Artes visuais Unidades Temáticas,Elementos da linguagem Objetos de Conhecimento,CURRICULO_REFERENCIA_MS_EF_V1_10,CURRICULO_COMPLETO,CURRICULO_REFERENCIA_MS_EF_V1_10,307
EF_AI,EF1|EF2|EF3|EF4|EF5,CURRICULAR,Arte,ARTE,MS.EF15AR03.s.03,"Reconhecer e analisar a influência de distintas matrizes estéticas e culturais das artes visuais nas manifestações artísticas das culturas locais, regionais e nacionais.",Artes visuais,Matrizes estéticas e culturais,CURRICULO_REFERENCIA_MS_EF_V1_10,CURRICULO_COMPLETO,CURRICULO_REFERENCIA_MS_EF_V1_10,308
EF_AI,EF1|EF2|EF3|EF4|EF5,CURRICULAR,Arte,ARTE,MS.EF15AR04.s.04,"Experimentar diferentes formas de expressão artística (desenho, pintura, colagem, quadrinhos, dobradura, escultura, modelagem, instalação, vídeo, fotografia etc.), fazendo uso sustentável de materiais, instrumentos, recursos e técnicas convencionais e não convencionais.",Artes visuais Unidades Temáticas,Materialidades Objetos de Conhecimento,CURRICULO_REFERENCIA_MS_EF_V1_10,CURRICULO_COMPLETO,CURRICULO_REFERENCIA_MS_EF_V1_10,308
EF_AI,EF1|EF2|EF3|EF4|EF5,CURRICULAR,Arte,ARTE,MS.EF15AR05.s.05,"Experimentar a criação em artes visuais de modo individual, coletivo e colaborativo, explorando diferentes espaços da escola e da comunidade.",Artes visuais,Processos de criação,CURRICULO_REFERENCIA_MS_EF_V1_10,CURRICULO_COMPLETO,CURRICULO_REFERENCIA_MS_EF_V1_10,309
EF_AI,EF1|EF2|EF3|EF4|EF5,CURRICULAR,Arte,ARTE,MS.EF15AR06.s.06,"Dialogar sobre a sua criação e as dos colegas, para alcançar sentidos plurais.",Artes visuais,Processos de criação,CURRICULO_REFERENCIA_MS_EF_V1_10,CURRICULO_COMPLETO,CURRICULO_REFERENCIA_MS_EF_V1_10,309
EF_AI,EF1|EF2|EF3|EF4|EF5,CURRICULAR,Arte,ARTE,MS.EF15AR07.s.07,"Reconhecer algumas categorias do sistema das artes visuais (museus, galerias, instituições, artistas, artesãos, curadores etc.).",Artes visuais Unidades Temáticas,Sistemas da linguagem Objetos de Conhecimento,CURRICULO_REFERENCIA_MS_EF_V1_10,CURRICULO_COMPLETO,CURRICULO_REFERENCIA_MS_EF_V1_10,309
EF_AI,EF1|EF2|EF3|EF4|EF5,CURRICULAR,Arte,ARTE,MS.EF15AR08.s.08,"Experimentar e apreciar formas distintas de manifestações da dança presentes em diferentes contextos, cultivando a percepção, o imaginário, a capacidade de simbolizar e o repertório corporal.",Dança,Contextos e práticas,CURRICULO_REFERENCIA_MS_EF_V1_10,CURRICULO_COMPLETO,CURRICULO_REFERENCIA_MS_EF_V1_10,310
EF_AI,EF1|EF2|EF3|EF4|EF5,CURRICULAR,Arte,ARTE,MS.EF15AR09.s.09,Estabelecer relações entre as partes do corpo e destas com o todo corporal na construção do movimento dançado.,Dança,Elementos da linguagem,CURRICULO_REFERENCIA_MS_EF_V1_10,CURRICULO_COMPLETO,CURRICULO_REFERENCIA_MS_EF_V1_10,310
EF_AI,EF1|EF2|EF3|EF4|EF5,CURRICULAR,Arte,ARTE,MS.EF15AR10.s.10,"Experimentar diferentes formas de orientação no espaço (deslocamentos, planos, direções, caminhos etc.) e ritmos de movimento (lento, moderado e rápido) na construção do movimento dançado.",Dança Unidades Temáticas,Elementos da linguagem Objetos de Conhecimento,CURRICULO_REFERENCIA_MS_EF_V1_10,CURRICULO_COMPLETO,CURRICULO_REFERENCIA_MS_EF_V1_10,310
EF_AI,EF1|EF2|EF3|EF4|EF5,CURRICULAR,Arte,ARTE,MS.EF15AR11.s.11,"Criar e improvisar movimentos dançados de modo individual, coletivo e colaborativo, considerando os aspectos estruturais, dinâmicos e expressivos dos elementos constitutivos do movimento, com base nos códigos de dança.",Dança,Processos de criação,CURRICULO_REFERENCIA_MS_EF_V1_10,CURRICULO_COMPLETO,CURRICULO_REFERENCIA_MS_EF_V1_10,311
EF_AI,EF1|EF2|EF3|EF4|EF5,CURRICULAR,Arte,ARTE,MS.EF15AR12.s.12,"Discutir, com respeito e sem preconceito, as experiências pessoais e coletivas em dança vivenciadas na escola, como fonte para a construção de vocabulários e repertórios próprios.",Dança,Processos de criação,CURRICULO_REFERENCIA_MS_EF_V1_10,CURRICULO_COMPLETO,CURRICULO_REFERENCIA_MS_EF_V1_10,311
EF_AI,EF1|EF2|EF3|EF4|EF5,CURRICULAR,Arte,ARTE,MS.EF15AR13.s.13,"Identificar e apreciar criticamente diversas formas e gêneros de expressão musical, reconhecendo e analisando os usos e as funções da música em diversos contextos de circulação, em especial, aqueles da vida cotidiana.",Música,Contextos e práticas,CURRICULO_REFERENCIA_MS_EF_V1_10,CURRICULO_COMPLETO,CURRICULO_REFERENCIA_MS_EF_V1_10,311
EF_AI,EF1|EF2|EF3|EF4|EF5,CURRICULAR,Arte,ARTE,MS.EF15AR14 .s.14,"Perceber e explorar os elementos constitutivos da música (altura, intensidade, timbre, melodia, ritmo etc.), por meio de jogos, brincadeiras, canções e práticas diversas de composição/criação, execução e apreciação musical.",Música Unidades Temáticas,Elementos da linguagem Objetos de Conhecimento,CURRICULO_REFERENCIA_MS_EF_V1_10,CURRICULO_COMPLETO,CURRICULO_REFERENCIA_MS_EF_V1_10,311
EF_AI,EF1|EF2|EF3|EF4|EF5,CURRICULAR,Arte,ARTE,MS.EF15AR15.s.15,"Explorar fontes sonoras diversas, como as existentes no próprio corpo (palmas, voz, percussão corporal), na natureza e em objetos cotidianos, reconhecendo os elementos constitutivos da música e as características de instrumentos musicais variados.",Música,Materialidades,CURRICULO_REFERENCIA_MS_EF_V1_10,CURRICULO_COMPLETO,CURRICULO_REFERENCIA_MS_EF_V1_10,312
EF_AI,EF1|EF2|EF3|EF4|EF5,CURRICULAR,Arte,ARTE,MS.EF15AR16.s.16,"Explorar diferentes formas de registro musical não convencional (representação gráfica de sons, partituras criativas etc.), bem como procedimentos e técnicas de registro em áudio e audiovisual, e reconhecer a notação musical convencional.",Música Unidades Temáticas,Notação e registro musical Objetos de Conhecimento,CURRICULO_REFERENCIA_MS_EF_V1_10,CURRICULO_COMPLETO,CURRICULO_REFERENCIA_MS_EF_V1_10,312
EF_AI,EF1|EF2|EF3|EF4|EF5,CURRICULAR,Arte,ARTE,MS.EF15AR17.s.17,"Experimentar improvisações, composições e sonorização de histórias, entre outros, utilizando vozes, sons corporais e/ou instrumentos musicais convencionais ou não convencionais, de modo individual, coletivo e colaborativo.",Música,Processos de criação,CURRICULO_REFERENCIA_MS_EF_V1_10,CURRICULO_COMPLETO,CURRICULO_REFERENCIA_MS_EF_V1_10,313
EF_AI,EF1|EF2|EF3|EF4|EF5,CURRICULAR,Arte,ARTE,MS.EF15AR18.s.18,"Reconhecer e apreciar formas distintas de manifestações do teatro presentes em diferentes contextos, aprendendo a ver e a ouvir histórias dramatizadas e cultivando a percepção, o imaginário, a capacidade de simbolizar e o repertório ficcional.",Teatro,Contextos e práticas,CURRICULO_REFERENCIA_MS_EF_V1_10,CURRICULO_COMPLETO,CURRICULO_REFERENCIA_MS_EF_V1_10,313
EF_AI,EF1|EF2|EF3|EF4|EF5,CURRICULAR,Arte,ARTE,MS.EF15AR19.s.19,"Descobrir teatralidades na vida cotidiana, identificando elementos teatrais (variadas entonações de voz, diferentes fisicalidades, diversidade de personagens e narrativas etc.).",Teatro Unidades Temáticas,Elementos da linguagem Objetos de Conhecimento,CURRICULO_REFERENCIA_MS_EF_V1_10,CURRICULO_COMPLETO,CURRICULO_REFERENCIA_MS_EF_V1_10,313
EF_AI,EF1|EF2|EF3|EF4|EF5,CURRICULAR,Arte,ARTE,MS.EF15AR20.s.20,"Experimentar o trabalho colaborativo, coletivo e autoral em improvisações teatrais e processos narrativos criativos em teatro, explorando desde a teatralidade dos gestos e das ações do cotidiano até elementos de diferentes matrizes estéticas e culturais.",Teatro,Processos de criação,CURRICULO_REFERENCIA_MS_EF_V1_10,CURRICULO_COMPLETO,CURRICULO_REFERENCIA_MS_EF_V1_10,314
EF_AI,EF1|EF2|EF3|EF4|EF5,CURRICULAR,Arte,ARTE,MS.EF15AR21.s.21,"Exercitar a imitação e o faz de conta, ressignificando objetos e fatos e experimentando-se no lugar do outro, ao compor e encenar acontecimentos cênicos, por meio de músicas, imagens, textos ou outros pontos de partida, de forma intencional e reflexiva.",Teatro,Processos de criação,CURRICULO_REFERENCIA_MS_EF_V1_10,CURRICULO_COMPLETO,CURRICULO_REFERENCIA_MS_EF_V1_10,314
EF_AI,EF1|EF2|EF3|EF4|EF5,CURRICULAR,Arte,ARTE,MS.EF15AR22.s.22,"Experimentar possibilidades criativas de movimento e de voz na criação de um personagem teatral, discutindo estereótipos.",Teatro,Processos de criação,CURRICULO_REFERENCIA_MS_EF_V1_10,CURRICULO_COMPLETO,CURRICULO_REFERENCIA_MS_EF_V1_10,314
EF_AI,EF1|EF2|EF3|EF4|EF5,CURRICULAR,Arte,ARTE,MS.EF15AR23.s.25,"Reconhecer e experimentar, em projetos temáticos, as relações processuais entre diversas linguagens artísticas.",Artes integradas Unidades Temáticas,Processos de criação Objetos de Conhecimento,CURRICULO_REFERENCIA_MS_EF_V1_10,CURRICULO_COMPLETO,CURRICULO_REFERENCIA_MS_EF_V1_10,314
EF_AI,EF1|EF2|EF3|EF4|EF5,CURRICULAR,Arte,ARTE,MS.EF15AR24.s.26,"Caracterizar e experimentar brinquedos, brincadeiras, jogos, danças, canções e histórias de diferentes matrizes estéticas e culturais.",Artes integradas,Matrizes estéticas e culturais,CURRICULO_REFERENCIA_MS_EF_V1_10,CURRICULO_COMPLETO,CURRICULO_REFERENCIA_MS_EF_V1_10,315
EF_AI,EF1|EF2|EF3|EF4|EF5,CURRICULAR,Arte,ARTE,MS.EF15AR25.s.27,"Conhecer e valorizar o patrimônio cultural, material e imaterial, de culturas diversas, em especial a brasileira, incluindo-se suas matrizes indígenas, africanas e europeias, de diferentes épocas, favorecendo a construção de vocabulário e repertório relativos às diferentes linguagens artísticas.",Artes integradas,Patrimônio cultural,CURRICULO_REFERENCIA_MS_EF_V1_10,CURRICULO_COMPLETO,CURRICULO_REFERENCIA_MS_EF_V1_10,315
EF_AI,EF1|EF2|EF3|EF4|EF5,CURRICULAR,Arte,ARTE,MS.EF15AR26.s.28,"Explorar diferentes tecnologias e recursos digitais (multimeios, animações, jogos eletrônicos, gravações em áudio e vídeo, fotografia, softwares etc.) nos processos de criação artística.",Artes integradas Unidades Temáticas,Arte e tecnologia Objetos de Conhecimento,CURRICULO_REFERENCIA_MS_EF_V1_10,CURRICULO_COMPLETO,CURRICULO_REFERENCIA_MS_EF_V1_10,315
EF_AI,EF1,CURRICULAR,Ciências,CIE,MS.EF01CI01.s.01,"Comparar características de diferentes materiais presentes em objetos de uso cotidiano, discutindo sua origem, os modos como são descartados e como podem ser usados de forma mais consciente.",Matéria e energia,Características dos materiais,CURRICULO_REFERENCIA_MS_EF_V1_10,CURRICULO_COMPLETO,CURRICULO_REFERENCIA_MS_EF_V1_10,601
EF_AI,EF1,CURRICULAR,Ciências,CIE,MS.EF01CI02.s.05,"Localizar, nomear e representar graficamente (por meio de desenhos) partes do corpo humano e explicar suas funções.",Vida e evolução Unidades Temáticas,Corpo humano Respeito à diversidade Objetos de Conhecimento,CURRICULO_REFERENCIA_MS_EF_V1_10,CURRICULO_COMPLETO,CURRICULO_REFERENCIA_MS_EF_V1_10,602
EF_AI,EF1,CURRICULAR,Ciências,CIE,MS.EF01CI03.s.07,"Discutir as razões pelas quais os hábitos de higiene do corpo (lavar as mãos antes de comer, escovar os dentes, limpar os olhos, o nariz e as orelhas etc.) são necessários para a manutenção da saúde.",Vida e evolução Unidades Temáticas,Corpo humano Respeito à diversidade Objetos de Conhecimento,CURRICULO_REFERENCIA_MS_EF_V1_10,CURRICULO_COMPLETO,CURRICULO_REFERENCIA_MS_EF_V1_10,603
EF_AI,EF1,CURRICULAR,Ciências,CIE,MS.EF01CI04.s.08,"Comparar características físicas entre os colegas, reconhecendo a diversidade e a importância da valorização, do acolhimento e do respeito às diferenças.",Vida e evolução,Corpo humano Respeito à diversidade,CURRICULO_REFERENCIA_MS_EF_V1_10,CURRICULO_COMPLETO,CURRICULO_REFERENCIA_MS_EF_V1_10,604
EF_AI,EF1,CURRICULAR,Ciências,CIE,MS.EF01CI05.s.09,"Identificar e nomear diferentes escalas de tempo: os períodos diários (manhã, tarde, noite) e a sucessão de dias, semanas, meses e anos.",Terra e Universo Unidades Temáticas,Escalas de tempo Objetos de Conhecimento,CURRICULO_REFERENCIA_MS_EF_V1_10,CURRICULO_COMPLETO,CURRICULO_REFERENCIA_MS_EF_V1_10,604
EF_AI,EF1,CURRICULAR,Ciências,CIE,MS.EF01CI06.s.10,Selecionar exemplos de como a sucessão de dias e noites orienta o ritmo de atividades diárias de seres humanos e de outros seres vivos.,Terra e Universo,Escalas de tempo,CURRICULO_REFERENCIA_MS_EF_V1_10,CURRICULO_COMPLETO,CURRICULO_REFERENCIA_MS_EF_V1_10,605
EF_AI,EF1,CURRICULAR,Ciências,CIE,MS.EF01CI07.a.02,Identificar e reconhecer materiais de diferentes formas e texturas,Matéria e energia,Características dos materiais,CURRICULO_REFERENCIA_MS_EF_V1_10,CURRICULO_COMPLETO,CURRICULO_REFERENCIA_MS_EF_V1_10,601
EF_AI,EF1,CURRICULAR,Ciências,CIE,MS.EF01CI08.a.03,Conhecer e diferenciar os resíduos recicláveis e não recicláveis identificando alguns impactos ambientais provocados por ambos.,Matéria e energia Unidades Temáticas,Características dos materiais Objetos de Conhecimento,CURRICULO_REFERENCIA_MS_EF_V1_10,CURRICULO_COMPLETO,CURRICULO_REFERENCIA_MS_EF_V1_10,601
EF_AI,EF1,CURRICULAR,Ciências,CIE,MS.EF01CI09.a.04,"Reconhecer e valorizar o uso consciente dos materiais utilizando as práticas propostas pelos cinco R: repensar, reduzir, recusar, reutilizar e reciclar.",Matéria e energia,Características dos materiais,CURRICULO_REFERENCIA_MS_EF_V1_10,CURRICULO_COMPLETO,CURRICULO_REFERENCIA_MS_EF_V1_10,602
EF_AI,EF1,CURRICULAR,Ciências,CIE,MS.EF01CI10.a.06,"Relacionar as partes do corpo responsáveis pela percepção e aquisição de informações como cheiro, temperatura, sonoridade, gosto e cor.",Vida e evolução,Corpo humano Respeito à diversidade,CURRICULO_REFERENCIA_MS_EF_V1_10,CURRICULO_COMPLETO,CURRICULO_REFERENCIA_MS_EF_V1_10,603
EF_AI,EF2,CURRICULAR,Ciências,CIE,MS.EF02CI01.s.01,"Identificar de que materiais (metais, vidro, etc.) são feitos os objetos que fazem parte da vida cotidiana, como esses objetos são utilizados e com quais materiais eram produzidos no passado.",Matéria e energia Unidades Temáticas,Propriedades e usos dos materiais Prevenção de acidentes domésticos Objetos de Conhecimento,CURRICULO_REFERENCIA_MS_EF_V1_10,CURRICULO_COMPLETO,CURRICULO_REFERENCIA_MS_EF_V1_10,605
EF_AI,EF2,CURRICULAR,Ciências,CIE,MS.EF02CI02.s.02,"Propor o uso de diferentes materiais para a construção de objetos de uso cotidiano, tendo em vista algumas propriedades desses materiais (flexibilidade, dureza, transparência etc.).",Matéria e energia,Propriedades e usos dos materiais Prevenção de acidentes domésticos,CURRICULO_REFERENCIA_MS_EF_V1_10,CURRICULO_COMPLETO,CURRICULO_REFERENCIA_MS_EF_V1_10,606
EF_AI,EF2,CURRICULAR,Ciências,CIE,MS.EF02CI03.s.03,"Discutir os cuidados necessários à prevenção de acidentes domésticos (objetos cortantes e inflamáveis, eletricidade, produtos de limpeza, medicamentos etc.).",Matéria e energia,Propriedades e usos dos materiais Prevenção de acidentes domésticos,CURRICULO_REFERENCIA_MS_EF_V1_10,CURRICULO_COMPLETO,CURRICULO_REFERENCIA_MS_EF_V1_10,606
EF_AI,EF2,CURRICULAR,Ciências,CIE,MS.EF02CI04.s.04,"Descrever características de plantas e animais (tamanho, forma, cor, fase da vida, local onde se desenvolvem etc.) que fazem parte de seu cotidiano e relacioná-las ao ambiente em que eles vivem.",Vida e evolução Unidades Temáticas,Seres vivos no ambiente Plantas Objetos de Conhecimento,CURRICULO_REFERENCIA_MS_EF_V1_10,CURRICULO_COMPLETO,CURRICULO_REFERENCIA_MS_EF_V1_10,606
EF_AI,EF2,CURRICULAR,Ciências,CIE,MS.EF02CI05.s.05,Investigar a importância da água e da luz para a manutenção da vida de plantas em geral.,Vida e evolução,Seres vivos no ambiente Plantas,CURRICULO_REFERENCIA_MS_EF_V1_10,CURRICULO_COMPLETO,CURRICULO_REFERENCIA_MS_EF_V1_10,607
EF_AI,EF2,CURRICULAR,Ciências,CIE,MS.EF02CI06.s.06,"Identificar as principais partes de uma planta (raiz, caule, folhas, flores e frutos) e a função desempenhada por cada uma delas, e analisar as relações entre as plantas, o ambiente e os demais seres vivos.",Vida e evolução,Seres vivos no ambiente Plantas,CURRICULO_REFERENCIA_MS_EF_V1_10,CURRICULO_COMPLETO,CURRICULO_REFERENCIA_MS_EF_V1_10,607
EF_AI,EF2,CURRICULAR,Ciências,CIE,MS.EF02CI07.s.07,Descrever as posições do Sol em diversos horários do dia e associá-las ao tamanho da sombra projetada.,Terra e Universo Unidades Temáticas,Movimento aparente do Sol no céu O Sol como fonte de luz e calor Objetos de Conhecimento,CURRICULO_REFERENCIA_MS_EF_V1_10,CURRICULO_COMPLETO,CURRICULO_REFERENCIA_MS_EF_V1_10,607
EF_AI,EF2,CURRICULAR,Ciências,CIE,MS.EF02CI08.s.08,"Comparar o efeito da radiação solar (aquecimento e reflexão) em diferentes tipos de superfície (água, areia, solo, superfícies escura, clara e metálica etc.).",Terra e Universo,Movimento aparente do Sol no céu O Sol como fonte de luz e calor,CURRICULO_REFERENCIA_MS_EF_V1_10,CURRICULO_COMPLETO,CURRICULO_REFERENCIA_MS_EF_V1_10,608
EF_AI,EF3,CURRICULAR,Ciências,CIE,MS.EF03CI01.s.01,Produzir diferentes sons a partir da vibração de variados objetos e identificar variáveis que influem nesse fenômeno.,Matéria e energia Unidades Temáticas,Produção de som Efeitos da luz nos materiais Saúde auditiva e visual Objetos de Conhecimento,CURRICULO_REFERENCIA_MS_EF_V1_10,CURRICULO_COMPLETO,CURRICULO_REFERENCIA_MS_EF_V1_10,608
EF_AI,EF3,CURRICULAR,Ciências,CIE,MS.EF03CI02.s.02,"Experimentar e relatar o que ocorre com a passagem da luz através de objetos transparentes (copos, janelas de vidro, lentes, prismas, água etc.), no contato com superfícies polidas (espelhos) e na intersecção com objetos opacos (paredes, pratos, pessoas e outros objetos de uso cotidiano).",Matéria e energia,Produção de som Efeitos da luz nos materiais Saúde auditiva e visual,CURRICULO_REFERENCIA_MS_EF_V1_10,CURRICULO_COMPLETO,CURRICULO_REFERENCIA_MS_EF_V1_10,609
EF_AI,EF3,CURRICULAR,Ciências,CIE,MS.EF03CI03.s.03,Discutir hábitos necessários para a manutenção da saúde auditiva e visual considerando as condições do ambiente em termos de som e luz.,Matéria e energia,Produção de som Efeitos da luz nos materiais Saúde auditiva e visual,CURRICULO_REFERENCIA_MS_EF_V1_10,CURRICULO_COMPLETO,CURRICULO_REFERENCIA_MS_EF_V1_10,609
EF_AI,EF3,CURRICULAR,Ciências,CIE,MS.EF03CI04.s.04,"Identificar características sobre o modo de vida (o que comem, como se reproduzem, como se deslocam etc.) dos animais mais comuns no ambiente próximo.",Vida e evolução Unidades Temáticas,Características e desenvolvimento dos animais Objetos de Conhecimento,CURRICULO_REFERENCIA_MS_EF_V1_10,CURRICULO_COMPLETO,CURRICULO_REFERENCIA_MS_EF_V1_10,609
EF_AI,EF3,CURRICULAR,Ciências,CIE,MS.EF03CI05.s.05,"Descrever e comunicar as alterações que ocorrem desde o nascimento em animais de diferentes meios terrestres ou aquáticos, inclusive o homem.",Vida e evolução,Características e desenvolvimento dos animais,CURRICULO_REFERENCIA_MS_EF_V1_10,CURRICULO_COMPLETO,CURRICULO_REFERENCIA_MS_EF_V1_10,610
EF_AI,EF3,CURRICULAR,Ciências,CIE,MS.EF03CI06.s.06,"Comparar alguns animais e organizar grupos com base em características externas comuns (presença de penas, pelos, escamas, bico, garras, antenas, patas etc.).",Vida e evolução,Características e desenvolvimento dos animais,CURRICULO_REFERENCIA_MS_EF_V1_10,CURRICULO_COMPLETO,CURRICULO_REFERENCIA_MS_EF_V1_10,610
EF_AI,EF3,CURRICULAR,Ciências,CIE,MS.EF03CI07.s.07,"Identificar características da Terra (como seu formato esférico, a presença de água, solo etc.), com base na observação, manipulação e comparação de diferentes formas de representação do planeta (mapas, globos, fotografias etc.).",Terra e Universo Unidades Temáticas,Características da Terra Observação do céu Usos do solo Objetos de Conhecimento,CURRICULO_REFERENCIA_MS_EF_V1_10,CURRICULO_COMPLETO,CURRICULO_REFERENCIA_MS_EF_V1_10,610
EF_AI,EF3,CURRICULAR,Ciências,CIE,MS.EF03CI08.s.08,"Observar, identificar e registrar os períodos diários (dia e/ou noite) em que o Sol, demais estrelas, Lua e planetas estão visíveis no céu.",Terra e Universo,Características da Terra Observação do céu Usos do solo,CURRICULO_REFERENCIA_MS_EF_V1_10,CURRICULO_COMPLETO,CURRICULO_REFERENCIA_MS_EF_V1_10,611
EF_AI,EF3,CURRICULAR,Ciências,CIE,MS.EF03CI09.s.09,"Comparar diferentes amostras de solo do entorno da escola com base em características como cor, textura, cheiro, tamanho das partículas, permeabilidade etc.",Terra e Universo Unidades Temáticas,Características da Terra Observação do céu Usos do solo Objetos de Conhecimento,CURRICULO_REFERENCIA_MS_EF_V1_10,CURRICULO_COMPLETO,CURRICULO_REFERENCIA_MS_EF_V1_10,611
EF_AI,EF3,CURRICULAR,Ciências,CIE,MS.EF03CI10.s.10,"Identificar os diferentes usos do solo (plantação e extração de materiais, dentre outras possibilidades), reconhecendo a importância do solo para a agricultura e para a vida.",Terra e Universo,Características da Terra Observação do céu Usos do solo,CURRICULO_REFERENCIA_MS_EF_V1_10,CURRICULO_COMPLETO,CURRICULO_REFERENCIA_MS_EF_V1_10,612
EF_AI,EF3,CURRICULAR,Ciências,CIE,MS.EF03CI11.s.11,"Relacionar os registros feitos a partir das observações dos períodos diários às estações do ano, bem como sua influência nas atividades humanas (agricultura e pecuária) e processos naturais (floração, frutificação), oportunizando reflexões socioambientais.",Terra e Universo,Características da Terra Observação do céu Usos do solo,CURRICULO_REFERENCIA_MS_EF_V1_10,CURRICULO_COMPLETO,CURRICULO_REFERENCIA_MS_EF_V1_10,612
EF_AI,EF4,CURRICULAR,Ciências,CIE,MS.EF04CI01.s.01,"Identificar misturas na vida diária, com base em suas propriedades físicas observadas, reconhecendo sua composição.",Matéria e energia Unidades Temáticas,Misturas Transformações reversíveis e não reversíveis Objetos de Conhecimento,CURRICULO_REFERENCIA_MS_EF_V1_10,CURRICULO_COMPLETO,CURRICULO_REFERENCIA_MS_EF_V1_10,612
EF_AI,EF4,CURRICULAR,Ciências,CIE,MS.EF04CI02.s.02,"Testar e relatar transformações nos materiais do dia a dia quando expostos a diferentes condições (aquecimento, resfriamento, luz e umidade).",Matéria e energia,Misturas Transformações reversíveis e não reversíveis,CURRICULO_REFERENCIA_MS_EF_V1_10,CURRICULO_COMPLETO,CURRICULO_REFERENCIA_MS_EF_V1_10,613
EF_AI,EF4,CURRICULAR,Ciências,CIE,MS.EF04CI03.s.03,"Concluir que algumas mudanças causadas por aquecimento ou resfriamento são reversíveis (como as mudanças de estado físico da água) e outras não (como o cozimento do ovo, a queima do papel etc.).",Matéria e energia,Misturas Transformações reversíveis e não reversíveis,CURRICULO_REFERENCIA_MS_EF_V1_10,CURRICULO_COMPLETO,CURRICULO_REFERENCIA_MS_EF_V1_10,613
EF_AI,EF4,CURRICULAR,Ciências,CIE,MS.EF04CI04.s.04,"Analisar e construir cadeias alimentares simples, reconhecendo a posição ocupada pelos seres vivos nessas cadeias e o papel do Sol como fonte primária de energia na produção de alimentos.",Vida e evolução Unidades Temáticas,Cadeias alimentares simples Microrganismos Objetos de Conhecimento,CURRICULO_REFERENCIA_MS_EF_V1_10,CURRICULO_COMPLETO,CURRICULO_REFERENCIA_MS_EF_V1_10,613
EF_AI,EF4,CURRICULAR,Ciências,CIE,MS.EF04CI05.s.05,Descrever e destacar semelhanças e diferenças entre o ciclo da matéria e o fluxo de energia entre os componentes vivos e não vivos de um ecossistema.,Vida e evolução,Cadeias alimentares simples Microrganismos,CURRICULO_REFERENCIA_MS_EF_V1_10,CURRICULO_COMPLETO,CURRICULO_REFERENCIA_MS_EF_V1_10,614
EF_AI,EF4,CURRICULAR,Ciências,CIE,MS.EF04CI06.s.06,"Relacionar a participação de fungos e bactérias no processo de decomposição, reconhecendo a importância ambiental desse processo.",Vida e evolução,Cadeias alimentares simples Microrganismos,CURRICULO_REFERENCIA_MS_EF_V1_10,CURRICULO_COMPLETO,CURRICULO_REFERENCIA_MS_EF_V1_10,614
EF_AI,EF4,CURRICULAR,Ciências,CIE,MS.EF04CI07.s.07,"Verificar a participação de microrganismos na produção de alimentos, combustíveis, medicamentos, entre outros.",Vida e evolução,Cadeias alimentares simples Microrganismos,CURRICULO_REFERENCIA_MS_EF_V1_10,CURRICULO_COMPLETO,CURRICULO_REFERENCIA_MS_EF_V1_10,614
EF_AI,EF4,CURRICULAR,Ciências,CIE,MS.EF04CI08.s.08,"Propor, a partir do conhecimento das formas de transmissão de alguns microrganismos (vírus, bactérias e protozoários), atitudes e medidas adequadas para prevenção de doenças a eles associadas.",Vida e evolução Unidades Temáticas,Cadeias alimentares simples Microrganismos Objetos de Conhecimento,CURRICULO_REFERENCIA_MS_EF_V1_10,CURRICULO_COMPLETO,CURRICULO_REFERENCIA_MS_EF_V1_10,614
EF_AI,EF4,CURRICULAR,Ciências,CIE,MS.EF04CI09.s.09,"Identificar os pontos cardeais, com base no registro de diferentes posições relativas do Sol e da sombra de uma vara (gnômon).",Terra e Universo,"Pontos cardeais Calendários, fenômenos cíclicos e cultura",CURRICULO_REFERENCIA_MS_EF_V1_10,CURRICULO_COMPLETO,CURRICULO_REFERENCIA_MS_EF_V1_10,615
EF_AI,EF4,CURRICULAR,Ciências,CIE,MS.EF04CI10.s.10,Comparar as indicações dos pontos cardeais resultantes da observação das sombras de uma vara (gnômon) com aquelas obtidas por meio de uma bússola.,Terra e Universo Unidades Temáticas,"Pontos cardeais Calendários, fenômenos cíclicos e cultura Objetos de Conhecimento",CURRICULO_REFERENCIA_MS_EF_V1_10,CURRICULO_COMPLETO,CURRICULO_REFERENCIA_MS_EF_V1_10,615
EF_AI,EF4,CURRICULAR,Ciências,CIE,MS.EF04CI11.s.11,Associar os movimentos cíclicos da Lua e da Terra a períodos de tempo regulares e ao uso desse conhecimento para a construção de calendários em diferentes culturas.,Terra e Universo,"Pontos cardeais Calendários, fenômenos cíclicos e cultura",CURRICULO_REFERENCIA_MS_EF_V1_10,CURRICULO_COMPLETO,CURRICULO_REFERENCIA_MS_EF_V1_10,616
EF_AI,EF5,CURRICULAR,Ciências,CIE,MS.EF05CI01.s.01,"Explorar fenômenos da vida cotidiana que evidenciem propriedades físicas dos materiais – como densidade, condutibilidade térmica e elétrica, respostas a forças magnéticas, solubilidade, respostas a forças mecânicas (dureza, elasticidade etc.), entre outras.",Matéria e energia,Propriedades físicas dos materiais Ciclo hidrológico Consumo consciente Reciclagem,CURRICULO_REFERENCIA_MS_EF_V1_10,CURRICULO_COMPLETO,CURRICULO_REFERENCIA_MS_EF_V1_10,616
EF_AI,EF5,CURRICULAR,Ciências,CIE,MS.EF05CI02.s.02,"Aplicar os conhecimentos sobre as mudanças de estado físico da água para explicar o ciclo hidrológico e analisar suas implicações na agricultura, no clima, na geração de energia elétrica, no provimento de água potável e no equilíbrio dos ecossistemas regionais (ou locais).",Matéria e energia Unidades Temáticas,Propriedades físicas dos materiais Ciclo hidrológico Consumo consciente Reciclagem Objetos de Conhecimento,CURRICULO_REFERENCIA_MS_EF_V1_10,CURRICULO_COMPLETO,CURRICULO_REFERENCIA_MS_EF_V1_10,616
EF_AI,EF5,CURRICULAR,Ciências,CIE,MS.EF05CI03.s.03,"Selecionar argumentos que justifiquem a importância da cobertura vegetal para a manutenção do ciclo da água, a conservação dos solos, dos cursos de água e da qualidade do ar atmosférico.",Matéria e energia,Propriedades físicas dos materiais Ciclo hidrológico Consumo consciente Reciclagem,CURRICULO_REFERENCIA_MS_EF_V1_10,CURRICULO_COMPLETO,CURRICULO_REFERENCIA_MS_EF_V1_10,617
EF_AI,EF5,CURRICULAR,Ciências,CIE,MS.EF05CI04.s.04,"Identificar os principais usos da água e de outros materiais nas atividades cotidianas, para discutir e propor formas sustentáveis de utilização desses recursos.",Matéria e energia,Propriedades físicas dos materiais Ciclo hidrológico Consumo consciente Reciclagem,CURRICULO_REFERENCIA_MS_EF_V1_10,CURRICULO_COMPLETO,CURRICULO_REFERENCIA_MS_EF_V1_10,617
EF_AI,EF5,CURRICULAR,Ciências,CIE,MS.EF05CI05.s.05,Construir propostas coletivas para um consumo mais consciente e criar soluções tecnológicas para o descarte adequado e a reutilização ou reciclagem de materiais consumidos na escola e/ou na vida cotidiana.,Matéria e energia Unidades Temáticas,Propriedades físicas dos materiais Ciclo hidrológico Consumo consciente Reciclagem Objetos de Conhecimento,CURRICULO_REFERENCIA_MS_EF_V1_10,CURRICULO_COMPLETO,CURRICULO_REFERENCIA_MS_EF_V1_10,617
EF_AI,EF5,CURRICULAR,Ciências,CIE,MS.EF05CI06.s.06,"Selecionar argumentos que justifiquem por que os sistemas digestório e respiratório são considerados corresponsáveis pelo processo de nutrição do organismo, com base na identificação das funções desses sistemas.",Vida e evolução,"Nutrição do organismo Hábitos alimentares Integração entre os sistemas digestório, respiratório e circulatório",CURRICULO_REFERENCIA_MS_EF_V1_10,CURRICULO_COMPLETO,CURRICULO_REFERENCIA_MS_EF_V1_10,618
EF_AI,EF5,CURRICULAR,Ciências,CIE,MS.EF05CI07.s.07,"Justificar a relação entre o funcionamento do sistema circulatório, a distribuição dos nutrientes pelo organismo e a eliminação dos resíduos produzidos.",Vida e evolução,"Nutrição do organismo Hábitos alimentares Integração entre os sistemas digestório, respiratório e circulatório",CURRICULO_REFERENCIA_MS_EF_V1_10,CURRICULO_COMPLETO,CURRICULO_REFERENCIA_MS_EF_V1_10,618
EF_AI,EF5,CURRICULAR,Ciências,CIE,MS.EF05CI08.s.08,"Organizar um cardápio equilibrado com base nas características dos grupos alimentares (nutrientes e calorias) e nas necessidades individuais (atividades realizadas, idade, sexo etc.) para a manutenção da saúde do organismo.",Vida e evolução Unidades Temáticas,"Nutrição do organismo Hábitos alimentares Integração entre os sistemas digestório, respiratório e circulatório Objetos de Conhecimento",CURRICULO_REFERENCIA_MS_EF_V1_10,CURRICULO_COMPLETO,CURRICULO_REFERENCIA_MS_EF_V1_10,618
EF_AI,EF5,CURRICULAR,Ciências,CIE,MS.EF05CI09.s.09,"Discutir a ocorrência de distúrbios nutricionais (como obesidade, subnutrição etc.) entre crianças e jovens a partir da análise de seus hábitos (tipos e quantidade de alimento ingerido, prática de atividade física etc.).",Vida e evolução,"Nutrição do organismo Hábitos alimentares Integração entre os sistemas digestório, respiratório e circulatório",CURRICULO_REFERENCIA_MS_EF_V1_10,CURRICULO_COMPLETO,CURRICULO_REFERENCIA_MS_EF_V1_10,619
EF_AI,EF5,CURRICULAR,Ciências,CIE,MS.EF05CI10.s.10,"Identificar algumas constelações no céu, com o apoio de recursos (como mapas celestes e aplicativos digitais, entre outros), e os períodos do ano em que elas são visíveis no início da noite.",Terra e Universo,Constelações e mapas celestes Movimento de rotação da Terra Periodicidade das fases da Lua Instrumentos óticos,CURRICULO_REFERENCIA_MS_EF_V1_10,CURRICULO_COMPLETO,CURRICULO_REFERENCIA_MS_EF_V1_10,619
EF_AI,EF5,CURRICULAR,Ciências,CIE,MS.EF05CI11.s.11,Associar o movimento diário do Sol e das demais estrelas no céu ao movimento de rotação da Terra.,Terra e Universo Unidades Temáticas,Constelações e mapas celestes Movimento de rotação da Terra Periodicidade das fases da Lua Instrumentos óticos Objetos de Conhecimento,CURRICULO_REFERENCIA_MS_EF_V1_10,CURRICULO_COMPLETO,CURRICULO_REFERENCIA_MS_EF_V1_10,619
EF_AI,EF5,CURRICULAR,Ciências,CIE,MS.EF05CI12.s.12,"Concluir sobre a periodicidade das fases da Lua, com base na observação e no registro das formas aparentes da Lua no céu ao longo de, pelo menos, dois meses.",Terra e Universo,Constelações e mapas celestes Movimento de rotação da Terra Periodicidade das fases da Lua Instrumentos óticos,CURRICULO_REFERENCIA_MS_EF_V1_10,CURRICULO_COMPLETO,CURRICULO_REFERENCIA_MS_EF_V1_10,620
EF_AI,EF5,CURRICULAR,Ciências,CIE,MS.EF05CI13.s.13,"Projetar e construir dispositivos para observação à distância (luneta, periscópio etc.), para observação ampliada de objetos (lupas, microscópios) ou para registro de imagens (máquinas fotográficas) e discutir usos sociais desses dispositivos.",Terra e Universo,Constelações e mapas celestes Movimento de rotação da Terra Periodicidade das fases da Lua Instrumentos óticos,CURRICULO_REFERENCIA_MS_EF_V1_10,CURRICULO_COMPLETO,CURRICULO_REFERENCIA_MS_EF_V1_10,620
EF_AI,EF1,CURRICULAR,Educação Física,EDF,MS.EF12EF00.a.03,Posicionar-se criticamente a partir de suas experiências.,Brincadeiras e jogos,Brincadeiras e jogos da cultura popular presentes no contexto comunitário e regional,CURRICULO_REFERENCIA_MS_EF_V1_10,CURRICULO_COMPLETO,CURRICULO_REFERENCIA_MS_EF_V1_10,359
EF_AI,EF1,CURRICULAR,Educação Física,EDF,MS.EF12EF00.a.04,"Explorar experiências pessoais, sociais e culturais vivenciadas no seu cotidiano por meio de brincadeiras e jogos.",Brincadeiras e jogos,Brincadeiras e jogos da cultura popular presentes no contexto comunitário e regional,CURRICULO_REFERENCIA_MS_EF_V1_10,CURRICULO_COMPLETO,CURRICULO_REFERENCIA_MS_EF_V1_10,359
EF_AI,EF1,CURRICULAR,Educação Física,EDF,MS.EF12EF00.n.10,Identificar e reconhecer as partes do corpo e adotar hábitos de higiene e alimentação saudável.,Conhecimento sobre o corpo.,"Corpo, Saúde e Espaço temporal.",CURRICULO_REFERENCIA_MS_EF_V1_10,CURRICULO_COMPLETO,CURRICULO_REFERENCIA_MS_EF_V1_10,360
EF_AI,EF1,CURRICULAR,Educação Física,EDF,MS.EF12EF00.n.11,Analisar o posicionamento do corpo em relação a objetos e a interação com os outros.,Conhecimento sobre o corpo.,"Corpo, Saúde e Espaço temporal.",CURRICULO_REFERENCIA_MS_EF_V1_10,CURRICULO_COMPLETO,CURRICULO_REFERENCIA_MS_EF_V1_10,360
EF_AI,EF1,CURRICULAR,Educação Física,EDF,MS.EF12EF02.s.02,"Explicar, por meio de múltiplas linguagens (corporal, visual, oral e escrita), as brincadeiras e os jogos populares do contexto comunitário e regional, reconhecendo e valorizando a importância desses jogos e brincadeiras para suas culturas de origem.",Brincadeiras e jogos,Brincadeiras e jogos da cultura popular presentes no contexto comunitário e regional,CURRICULO_REFERENCIA_MS_EF_V1_10,CURRICULO_COMPLETO,CURRICULO_REFERENCIA_MS_EF_V1_10,359
EF_AI,EF1,CURRICULAR,Educação Física,EDF,MS.EF12EF05.s.05,"Experimentar e fruir, prezando pelo trabalho coletivo e pelo protagonismo, a prática de esportes de marca e de precisão, identificando os elementos comuns a esses esportes.",Esportes,Esportes de marca Esportes de precisão,CURRICULO_REFERENCIA_MS_EF_V1_10,CURRICULO_COMPLETO,CURRICULO_REFERENCIA_MS_EF_V1_10,359
EF_AI,EF1,CURRICULAR,Educação Física,EDF,MS.EF12EF07.s.06,"Experimentar, fruir e identificar diferentes elementos básicos da ginástica (equilíbrios, saltos, giros, rotações, acrobacias, com e sem materiais) e da ginástica geral, de forma individual e em pequenos grupos, adotando procedimentos de segurança.",Ginásticas Unidades Temáticas,Ginástica geral Objetos de Conhecimento,CURRICULO_REFERENCIA_MS_EF_V1_10,CURRICULO_COMPLETO,CURRICULO_REFERENCIA_MS_EF_V1_10,359
EF_AI,EF1,CURRICULAR,Educação Física,EDF,MS.EF12EF10.s.07,"Descrever, por meio de múltiplas linguagens (corporal, oral, escrita e audiovisual), as características dos elementos básicos da ginástica e da ginástica geral, identificando a presença desses elementos em distintas práticas corporais.",Ginásticas,Ginástica geral,CURRICULO_REFERENCIA_MS_EF_V1_10,CURRICULO_COMPLETO,CURRICULO_REFERENCIA_MS_EF_V1_10,360
EF_AI,EF1,CURRICULAR,Educação Física,EDF,MS.EF12EF11.s.08,"Experimentar e fruir diferentes danças do contexto comunitário e regional (rodas cantadas, brincadeiras rítmicas e expressivas), e recriá-las, respeitando as diferenças individuais e de desempenho corporal.",Danças,Danças do contexto comunitário e regional,CURRICULO_REFERENCIA_MS_EF_V1_10,CURRICULO_COMPLETO,CURRICULO_REFERENCIA_MS_EF_V1_10,360
EF_AI,EF1,CURRICULAR,Educação Física,EDF,MS.EF12EF12.s.09,"Identificar os elementos constitutivos (ritmo, espaço, gestos) das danças do contexto comunitário e regional, valorizando e respeitando as manifestações de diferentes culturas.",Danças,Danças do contexto comunitário e regional,CURRICULO_REFERENCIA_MS_EF_V1_10,CURRICULO_COMPLETO,CURRICULO_REFERENCIA_MS_EF_V1_10,360
EF_AI,EF1|EF2,CURRICULAR,Educação Física,EDF,MS.EF12EF01.s.01,"Experimentar, fruir e recriar diferentes brincadeiras e jogos da cultura popular presentes no contexto comunitário e regional, reconhecendo e respeitando as diferenças individuais de desempenho dos colegas.",Brincadeiras e jogos,Brincadeiras e jogos da cultura popular presentes no contexto comunitário e regional,CURRICULO_REFERENCIA_MS_EF_V1_10,CURRICULO_COMPLETO,CURRICULO_REFERENCIA_MS_EF_V1_10,359
EF_AI,EF2,CURRICULAR,Educação Física,EDF,MS.EF12EF00.a.02,Compreender o que é a informação antiética durante e após as brincadeiras e jogos vivenciados.,Brincadeiras e jogos,Brincadeiras e jogos da cultura popular presentes no contexto comunitário e regional,CURRICULO_REFERENCIA_MS_EF_V1_10,CURRICULO_COMPLETO,CURRICULO_REFERENCIA_MS_EF_V1_10,361
EF_AI,EF2,CURRICULAR,Educação Física,EDF,MS.EF12EF00.a.04,Utilizar o pensamento criativo para propor diferentes alternativas durante as brincadeiras e jogos.,Brincadeiras e jogos,Brincadeiras e jogos da cultura popular presentes no contexto comunitário e regional,CURRICULO_REFERENCIA_MS_EF_V1_10,CURRICULO_COMPLETO,CURRICULO_REFERENCIA_MS_EF_V1_10,361
EF_AI,EF2,CURRICULAR,Educação Física,EDF,MS.EF12EF00.a.06,Posicionar-se criticamente a partir de suas experiências de forma coorporativa.,Unidades Temáticas,Objetos de Conhecimento,CURRICULO_REFERENCIA_MS_EF_V1_10,CURRICULO_COMPLETO,CURRICULO_REFERENCIA_MS_EF_V1_10,361
EF_AI,EF2,CURRICULAR,Educação Física,EDF,MS.EF12EF00.a.08,"Explorar experiências pessoais, sociais e culturais vivenciadas no seu cotidiano por meio de brincadeiras e jogos.",Brincadeiras e jogos,Brincadeiras e jogos da cultura popular presentes no contexto comunitário e regional,CURRICULO_REFERENCIA_MS_EF_V1_10,CURRICULO_COMPLETO,CURRICULO_REFERENCIA_MS_EF_V1_10,362
EF_AI,EF2,CURRICULAR,Educação Física,EDF,MS.EF12EF00.a.11,Identificar a presença dos efeitos positivos e negativos da tecnologia diante das atividades esportivas vivenciadas.,Esportes Unidades Temáticas,Esportes de marca Esportes de precisão Objetos de Conhecimento,CURRICULO_REFERENCIA_MS_EF_V1_10,CURRICULO_COMPLETO,CURRICULO_REFERENCIA_MS_EF_V1_10,363
EF_AI,EF2,CURRICULAR,Educação Física,EDF,MS.EF12EF00.n.18,Compreender o que é o preconceito e suas consequências durante as atividades proposta em dança.,Danças,Danças do contexto comunitário e regional,CURRICULO_REFERENCIA_MS_EF_V1_10,CURRICULO_COMPLETO,CURRICULO_REFERENCIA_MS_EF_V1_10,364
EF_AI,EF2,CURRICULAR,Educação Física,EDF,MS.EF12EF00.n.19,Identificar e reconhecer as partes do corpo e adotar hábitos de higiene e alimentação saudável.,Conhecimento sobre o corpo.,"Corpo, Saúde e Espaço temporal.",CURRICULO_REFERENCIA_MS_EF_V1_10,CURRICULO_COMPLETO,CURRICULO_REFERENCIA_MS_EF_V1_10,364
EF_AI,EF2,CURRICULAR,Educação Física,EDF,MS.EF12EF00.n.20,Analisar o posicionamento do corpo em relação a objetos e a interação com os outros.,Unidades Temáticas,Objetos de Conhecimento,CURRICULO_REFERENCIA_MS_EF_V1_10,CURRICULO_COMPLETO,CURRICULO_REFERENCIA_MS_EF_V1_10,364
EF_AI,EF2,CURRICULAR,Educação Física,EDF,MS.EF12EF00.n.21,Ampliar as possibilidades expressivas dos movimentos corporais.,Unidades Temáticas,Objetos de Conhecimento,CURRICULO_REFERENCIA_MS_EF_V1_10,CURRICULO_COMPLETO,CURRICULO_REFERENCIA_MS_EF_V1_10,365
EF_AI,EF2,CURRICULAR,Educação Física,EDF,MS.EF12EF02.s.03,"Explicar, por meio de múltiplas linguagens (corporal, visual, oral e escrita), as brincadeiras e os jogos populares do contexto comunitário e regional, reconhecendo e valorizando a importância desses jogos e brincadeiras para suas culturas de origem.",Brincadeiras e jogos,Brincadeiras e jogos da cultura popular presentes no contexto comunitário e regional,CURRICULO_REFERENCIA_MS_EF_V1_10,CURRICULO_COMPLETO,CURRICULO_REFERENCIA_MS_EF_V1_10,361
EF_AI,EF2,CURRICULAR,Educação Física,EDF,MS.EF12EF03.s.05,"Planejar e utilizar estratégias para resolver desafios de brincadeiras e jogos populares do contexto comunitário e regional, com base no reconhecimento das características dessas práticas.",Brincadeiras e jogos,Brincadeiras e jogos da cultura popular presentes no contexto comunitário e regional,CURRICULO_REFERENCIA_MS_EF_V1_10,CURRICULO_COMPLETO,CURRICULO_REFERENCIA_MS_EF_V1_10,361
EF_AI,EF2,CURRICULAR,Educação Física,EDF,MS.EF12EF04.s.07,"Colaborar na proposição e na produção de alternativas para a prática, em outros momentos e espaços, de brincadeiras e jogos e demais práticas corporais tematizadas na escola, produzindo textos (orais, escritos, audiovisuais) para divulgá-las na escola e na comunidade.",Brincadeiras e jogos,Brincadeiras e jogos da cultura popular presentes no contexto comunitário e regional,CURRICULO_REFERENCIA_MS_EF_V1_10,CURRICULO_COMPLETO,CURRICULO_REFERENCIA_MS_EF_V1_10,362
EF_AI,EF2,CURRICULAR,Educação Física,EDF,MS.EF12EF05.s.09,"Experimentar e fruir, prezando pelo trabalho coletivo e pelo protagonismo, a prática de esportes de marca e de precisão, identificando os elementos comuns a esses esportes.",Esportes,Esportes de marca Esportes de precisão,CURRICULO_REFERENCIA_MS_EF_V1_10,CURRICULO_COMPLETO,CURRICULO_REFERENCIA_MS_EF_V1_10,362
EF_AI,EF2,CURRICULAR,Educação Física,EDF,MS.EF12EF06.s.10,Discutir a importância da observação das normas e das regras dos esportes de marca e de precisão para assegurar a integridade própria e as dos demais participantes.,Esportes Unidades Temáticas,Esportes de marca Esportes de precisão Objetos de Conhecimento,CURRICULO_REFERENCIA_MS_EF_V1_10,CURRICULO_COMPLETO,CURRICULO_REFERENCIA_MS_EF_V1_10,362
EF_AI,EF2,CURRICULAR,Educação Física,EDF,MS.EF12EF07.s.12,"Experimentar, fruir e identificar diferentes elementos básicos da ginástica (equilíbrios, saltos, giros, rotações, acrobacias, com e sem materiais) e da ginástica geral, de forma individual e em pequenos grupos, adotando procedimentos de segurança.",Ginásticas,Ginástica geral,CURRICULO_REFERENCIA_MS_EF_V1_10,CURRICULO_COMPLETO,CURRICULO_REFERENCIA_MS_EF_V1_10,363
EF_AI,EF2,CURRICULAR,Educação Física,EDF,MS.EF12EF08.s.13,Planejar e utilizar estratégias para a execução de diferentes elementos básicos da ginástica e da ginástica geral.,Ginásticas,Ginástica geral,CURRICULO_REFERENCIA_MS_EF_V1_10,CURRICULO_COMPLETO,CURRICULO_REFERENCIA_MS_EF_V1_10,363
EF_AI,EF2,CURRICULAR,Educação Física,EDF,MS.EF12EF09.s.14,"Participar da ginástica geral, identificando as potencialidades e os limites do corpo, e respeitando as diferenças individuais e de desempenho corporal.",Ginásticas,Ginástica geral,CURRICULO_REFERENCIA_MS_EF_V1_10,CURRICULO_COMPLETO,CURRICULO_REFERENCIA_MS_EF_V1_10,363
EF_AI,EF2,CURRICULAR,Educação Física,EDF,MS.EF12EF10.s.15,"Descrever, por meio de múltiplas linguagens (corporal, oral, escrita e audiovisual), as características dos elementos básicos da ginástica e da ginástica geral, identificando a presença desses elementos em distintas práticas corporais.",Ginásticas Unidades Temáticas,Ginástica geral Objetos de Conhecimento,CURRICULO_REFERENCIA_MS_EF_V1_10,CURRICULO_COMPLETO,CURRICULO_REFERENCIA_MS_EF_V1_10,363
EF_AI,EF2,CURRICULAR,Educação Física,EDF,MS.EF12EF11.s.16,"Experimentar e fruir diferentes danças do contexto comunitário e regional (rodas cantadas, brincadeiras rítmicas e expressivas), e recriá-las, respeitando as diferenças individuais e de desempenho corporal.",Danças,Danças do contexto comunitário e regional,CURRICULO_REFERENCIA_MS_EF_V1_10,CURRICULO_COMPLETO,CURRICULO_REFERENCIA_MS_EF_V1_10,364
EF_AI,EF2,CURRICULAR,Educação Física,EDF,MS.EF12EF12.s.17,"Identificar os elementos constitutivos (ritmo, espaço, gestos) das danças do contexto comunitário e regional, valorizando e respeitando as manifestações de diferentes culturas.",Danças,Danças do contexto comunitário e regional,CURRICULO_REFERENCIA_MS_EF_V1_10,CURRICULO_COMPLETO,CURRICULO_REFERENCIA_MS_EF_V1_10,364
EF_AI,EF3,CURRICULAR,Educação Física,EDF,MS.EF35EF00.a.03,"Identificar e utilizar os jogos e brincadeiras relatados por pais, avós ou pessoas idosas da comunidade, relacionando-os aos contextos socioculturais de cada época.",Unidades Temáticas,Objetos de Conhecimento,CURRICULO_REFERENCIA_MS_EF_V1_10,CURRICULO_COMPLETO,CURRICULO_REFERENCIA_MS_EF_V1_10,365
EF_AI,EF3,CURRICULAR,Educação Física,EDF,MS.EF35EF00.a.07,"Identificar e experimentar as danças da cultura Sul-matogrossense, no contexto regional.",Danças,Danças do Brasil e do mundo Danças de matriz indígena e africana Danças da cultura Sul-mato-grossense.,CURRICULO_REFERENCIA_MS_EF_V1_10,CURRICULO_COMPLETO,CURRICULO_REFERENCIA_MS_EF_V1_10,366
EF_AI,EF3,CURRICULAR,Educação Física,EDF,MS.EF35EF00.n.10,Identificar alterações corporais durante a execução de atividades físicas.,Conhecimento corporal,"Corpo, Saúde e Espaço temporal.",CURRICULO_REFERENCIA_MS_EF_V1_10,CURRICULO_COMPLETO,CURRICULO_REFERENCIA_MS_EF_V1_10,367
EF_AI,EF3,CURRICULAR,Educação Física,EDF,MS.EF35EF00.n.11,Vivenciar os movimentos considerando os planos do corpo humano: sagital / horizontal / frontal / anteroposterior / vertical / transversal / longitudinal.,Conhecimento corporal,"Corpo, Saúde e Espaço temporal.",CURRICULO_REFERENCIA_MS_EF_V1_10,CURRICULO_COMPLETO,CURRICULO_REFERENCIA_MS_EF_V1_10,367
EF_AI,EF3,CURRICULAR,Educação Física,EDF,MS.EF35EF01.s.01,"Experimentar e fruir brincadeiras e jogos populares do Brasil e do mundo, incluindo aqueles de matriz indígena e africana, e recriá-los, valorizando a importância desse patrimônio histórico cultural.",Brincadeiras e jogos,Brincadeiras e jogos populares do Brasil e do mundo Brincadeiras e jogos de matriz indígena e africana -,CURRICULO_REFERENCIA_MS_EF_V1_10,CURRICULO_COMPLETO,CURRICULO_REFERENCIA_MS_EF_V1_10,365
EF_AI,EF3,CURRICULAR,Educação Física,EDF,MS.EF35EF02.s.02,Planejar e utilizar estratégias para possibilitar a participação segura de todos os estudantes em brincadeiras e jogos populares do Brasil e de matriz indígena e africana.,Brincadeiras e jogos,Brincadeiras e jogos populares do Brasil e do mundo Brincadeiras e jogos de matriz indígena e africana.,CURRICULO_REFERENCIA_MS_EF_V1_10,CURRICULO_COMPLETO,CURRICULO_REFERENCIA_MS_EF_V1_10,365
EF_AI,EF3,CURRICULAR,Educação Física,EDF,MS.EF35EF05.s.04,"Experimentar e fruir diversos tipos de esportes de campo e t a c o , r e de/parede e invasão, identificando seus elementos comuns e criando estratégias individuais e coletivas básicas para sua execução, prezando pelo trabalho coletivo e pelo protagonismo.",Esportes,Esportes de campo e taco Esportes de rede/parede Esportes de invasão.,CURRICULO_REFERENCIA_MS_EF_V1_10,CURRICULO_COMPLETO,CURRICULO_REFERENCIA_MS_EF_V1_10,366
EF_AI,EF3,CURRICULAR,Educação Física,EDF,MS.EF35EF07.s.05,"Experimentar e fruir, de forma coletiva, combinações de diferentes elementos da ginástica geral (equilíbrios, saltos, giros, rotações, acrobacias, com e sem materiais), propondo coreografias com diferentes temas do cotidiano.",Ginásticas,Ginástica geral,CURRICULO_REFERENCIA_MS_EF_V1_10,CURRICULO_COMPLETO,CURRICULO_REFERENCIA_MS_EF_V1_10,366
EF_AI,EF3,CURRICULAR,Educação Física,EDF,MS.EF35EF09.s.06,"Experimentar, recriar e fruir danças populares do Brasil e do mundo e danças de matriz indígena e africana, valorizando e respeitando os diferentes sentidos e significados dessas danças em suas culturas de origem.",Danças,Danças do Brasil e do mundo Danças de matriz indígena e africana Danças da cultura Sul-mato-grossense.,CURRICULO_REFERENCIA_MS_EF_V1_10,CURRICULO_COMPLETO,CURRICULO_REFERENCIA_MS_EF_V1_10,366
EF_AI,EF3,CURRICULAR,Educação Física,EDF,MS.EF35EF09.s.09,"Experimentar, fruir e recriar diferentes lutas presentes no contexto comunitário e regional e lutas de matriz indígena e africana.",Lutas,Lutas do contexto comunitário e regional Lutas de matriz indígena e africana,CURRICULO_REFERENCIA_MS_EF_V1_10,CURRICULO_COMPLETO,CURRICULO_REFERENCIA_MS_EF_V1_10,367
EF_AI,EF3,CURRICULAR,Educação Física,EDF,MS.EF35EF10.s.08,"Comparar e identificar os elementos constitutivos comuns e diferentes (ritmo, espaço, gestos) em danças populares do Brasil e do mundo e danças de matriz indígena e africana.",Danças Unidades Temáticas,Danças do Brasil e do mundo Danças de matriz indígena e africana Objetos de Conhecimento,CURRICULO_REFERENCIA_MS_EF_V1_10,CURRICULO_COMPLETO,CURRICULO_REFERENCIA_MS_EF_V1_10,366
EF_AI,EF4,CURRICULAR,Educação Física,EDF,MS.EF35EF00.a.02,"Identificar e utilizar os jogos e brincadeiras relatados por pais, avós ou pessoas idosas da comunidade, relacionando-os aos contextos socioculturais de cada época.",Brincadeiras e jogos,Brincadeiras e jogos populares do Brasil e do mundo Brincadeiras e jogos de matriz indígena e africana Jogos de mesa e tabuleiro.,CURRICULO_REFERENCIA_MS_EF_V1_10,CURRICULO_COMPLETO,CURRICULO_REFERENCIA_MS_EF_V1_10,367
EF_AI,EF4,CURRICULAR,Educação Física,EDF,MS.EF35EF00.a.03,"Experimentar e fruir de diversos tipos de jogos de mesa e tabuleiro, identificando e criando estratégias.",Brincadeiras e jogos,Brincadeiras e jogos populares do Brasil e do mundo Brincadeiras e jogos de matriz indígena e africana Jogos de mesa e tabuleiro.,CURRICULO_REFERENCIA_MS_EF_V1_10,CURRICULO_COMPLETO,CURRICULO_REFERENCIA_MS_EF_V1_10,367
EF_AI,EF4,CURRICULAR,Educação Física,EDF,MS.EF35EF00.c.09,"Identificar e experimentar as danças da cultura Sul-matogrossense, no contexto regional.",Danças,Danças do Brasil e do mundo Danças de matriz indígena e africana Danças da cultura Sul-mato-grossense,CURRICULO_REFERENCIA_MS_EF_V1_10,CURRICULO_COMPLETO,CURRICULO_REFERENCIA_MS_EF_V1_10,369
EF_AI,EF4,CURRICULAR,Educação Física,EDF,MS.EF35EF00.n.15,Identificar alterações corporais durante a execução de atividades físicas.,Conhecimento corporal,"Corpo, Saúde e Espaço temporal.",CURRICULO_REFERENCIA_MS_EF_V1_10,CURRICULO_COMPLETO,CURRICULO_REFERENCIA_MS_EF_V1_10,370
EF_AI,EF4,CURRICULAR,Educação Física,EDF,MS.EF35EF00.n.16,Vivenciar os movimentos considerando os planos do corpo humano: sagital / horizontal / frontal / anteroposterior / vertical / transversal / longitudinal.,Conhecimento corporal,"Corpo, Saúde e Espaço temporal.",CURRICULO_REFERENCIA_MS_EF_V1_10,CURRICULO_COMPLETO,CURRICULO_REFERENCIA_MS_EF_V1_10,370
EF_AI,EF4,CURRICULAR,Educação Física,EDF,MS.EF35EF02.s.01,Planejar e utilizar estratégias para possibilitar a participação segura de todos os estudantes em brincadeiras e jogos populares do Brasil e de matriz indígena e africana.,Brincadeiras e jogos,Brincadeiras e jogos populares do Brasil e do mundo Brincadeiras e jogos de matriz indígena e africana Jogos de mesa e tabuleiro.,CURRICULO_REFERENCIA_MS_EF_V1_10,CURRICULO_COMPLETO,CURRICULO_REFERENCIA_MS_EF_V1_10,367
EF_AI,EF4,CURRICULAR,Educação Física,EDF,MS.EF35EF03.s.04,"Descrever, por meio de múltiplas linguagens (corporal, oral, escrita, audiovisual), as brincadeiras e os jogos populares do Brasil e de matriz indígena e africana, explicando suas características e a importância desse patrimônio histórico cultural na preservação das diferentes culturas.",Brincadeiras e jogos Unidades Temáticas,Brincadeiras e jogos populares do Brasil e do mundo Brincadeiras e jogos de matriz indígena e africana Objetos de Conhecimento,CURRICULO_REFERENCIA_MS_EF_V1_10,CURRICULO_COMPLETO,CURRICULO_REFERENCIA_MS_EF_V1_10,367
EF_AI,EF4,CURRICULAR,Educação Física,EDF,MS.EF35EF05.s.05,"Experimentar e fruir diversos tipos de esportes de campo e t a c o , r e de/parede e invasão, identificando seus elementos comuns e criando estratégias individuais e coletivas básicas para sua execução, prezando pelo trabalho coletivo e pelo protagonismo.",Esportes,Esportes de campo e taco Esportes de rede/parede Esportes de invasão.,CURRICULO_REFERENCIA_MS_EF_V1_10,CURRICULO_COMPLETO,CURRICULO_REFERENCIA_MS_EF_V1_10,368
EF_AI,EF4,CURRICULAR,Educação Física,EDF,MS.EF35EF06.s.06,"Diferenciar os conceitos de jogo e esporte, identificando as características que os constituem na contemporaneidade e suas manifestações (profissional e comunitária/lazer).",Esportes,Esportes de campo e taco Esportes de rede/parede Esportes de invasão,CURRICULO_REFERENCIA_MS_EF_V1_10,CURRICULO_COMPLETO,CURRICULO_REFERENCIA_MS_EF_V1_10,368
EF_AI,EF4,CURRICULAR,Educação Física,EDF,MS.EF35EF07.s.07,"Experimentar e fruir, de forma coletiva, combinações de diferentes elementos da ginástica geral (equilíbrios, saltos, giros, rotações, acrobacias, com e sem materiais), propondo coreografias com diferentes temas do cotidiano.",Ginásticas,Ginástica geral,CURRICULO_REFERENCIA_MS_EF_V1_10,CURRICULO_COMPLETO,CURRICULO_REFERENCIA_MS_EF_V1_10,368
EF_AI,EF4,CURRICULAR,Educação Física,EDF,MS.EF35EF08.s.08,"Planejar e utilizar estratégias para resolver desafios na execução de elementos básicos de apresentações coletivas de ginástica geral, reconhecendo as potencialidades e os limites do corpo e adotando procedimentos de segurança.",Ginásticas Unidades Temáticas,Ginástica geral Objetos de Conhecimento,CURRICULO_REFERENCIA_MS_EF_V1_10,CURRICULO_COMPLETO,CURRICULO_REFERENCIA_MS_EF_V1_10,368
EF_AI,EF4,CURRICULAR,Educação Física,EDF,MS.EF35EF10.s.10,"Comparar e identificar os elementos constitutivos comuns e diferentes (ritmo, espaço, gestos) em danças populares do Brasil e do mundo e danças de matriz indígena e africana.",Danças,Danças do Brasil e do mundo Danças de matriz indígena e africana,CURRICULO_REFERENCIA_MS_EF_V1_10,CURRICULO_COMPLETO,CURRICULO_REFERENCIA_MS_EF_V1_10,369
EF_AI,EF4,CURRICULAR,Educação Física,EDF,MS.EF35EF12.s.11,Identificar situações de injustiça e preconceito geradas e/ou presentes no contexto das danças e demais práticas corporais e discutir alternativas para superá-las.,Danças,Danças do Brasil e do mundo Danças de matriz indígena e africana,CURRICULO_REFERENCIA_MS_EF_V1_10,CURRICULO_COMPLETO,CURRICULO_REFERENCIA_MS_EF_V1_10,369
EF_AI,EF4,CURRICULAR,Educação Física,EDF,MS.EF35EF13.s.12,"Experimentar, fruir e recriar diferentes lutas presentes no contexto comunitário e regional e lutas de matriz indígena e africana.",Lutas,Lutas do contexto comunitário e regional Lutas de matriz indígena e africana,CURRICULO_REFERENCIA_MS_EF_V1_10,CURRICULO_COMPLETO,CURRICULO_REFERENCIA_MS_EF_V1_10,369
EF_AI,EF4,CURRICULAR,Educação Física,EDF,MS.EF35EF14.s.13,"Planejar e utilizar estratégias básicas das lutas do contexto comunitário e regional e lutas de matriz indígena e africana experimentadas, respeitando o colega como oponente e as normas de segurança.",Lutas,Lutas do contexto comunitário e regional Lutas de matriz indígena e africana,CURRICULO_REFERENCIA_MS_EF_V1_10,CURRICULO_COMPLETO,CURRICULO_REFERENCIA_MS_EF_V1_10,369
EF_AI,EF4,CURRICULAR,Educação Física,EDF,MS.EF35EF15.s.14,"Identificar as características das lutas do contexto comunitário e regional e lutas de matriz indígena e africana, reconhecendo as diferenças entre lutas e brigas e entre lutas e as demais práticas corporais.",Lutas Unidades Temáticas,Lutas do contexto comunitário e regional Lutas de matriz indígena e africana Objetos de Conhecimento,CURRICULO_REFERENCIA_MS_EF_V1_10,CURRICULO_COMPLETO,CURRICULO_REFERENCIA_MS_EF_V1_10,369
EF_AI,EF5,CURRICULAR,Educação Física,EDF,MS.EF35EF00.c.08,"Identificar e experimentar as danças da cultura sul-matogrossense, no contexto regional.",Danças,Danças do Brasil e do mundo Danças de matriz indígena e africana Dança da Cultura Sul-mato-grossense,CURRICULO_REFERENCIA_MS_EF_V1_10,CURRICULO_COMPLETO,CURRICULO_REFERENCIA_MS_EF_V1_10,372
EF_AI,EF5,CURRICULAR,Educação Física,EDF,MS.EF35EF00.n.01,"Experimentar e fruir de diversos tipos de jogos de mesa e tabuleiro, identificando e criando estratégias.",Brincadeiras e jogos,Brincadeiras e jogos populares do Brasil e do mundo Brincadeiras e jogos de matriz indígena e africana -,CURRICULO_REFERENCIA_MS_EF_V1_10,CURRICULO_COMPLETO,CURRICULO_REFERENCIA_MS_EF_V1_10,370
EF_AI,EF5,CURRICULAR,Educação Física,EDF,MS.EF35EF00.n.13,Identificar alterações corporais durante a execução de atividades físicas.,Conhecimento sobre o corpo,"Corpo, Saúde e Espaço temporal.",CURRICULO_REFERENCIA_MS_EF_V1_10,CURRICULO_COMPLETO,CURRICULO_REFERENCIA_MS_EF_V1_10,373
EF_AI,EF5,CURRICULAR,Educação Física,EDF,MS.EF35EF00.n.14,Vivenciar os movimentos considerando os planos do corpo humano: sagital / horizontal / frontal / anteroposterior / vertical.,Conhecimento sobre o corpo,"Corpo, Saúde e Espaço temporal.",CURRICULO_REFERENCIA_MS_EF_V1_10,CURRICULO_COMPLETO,CURRICULO_REFERENCIA_MS_EF_V1_10,373
EF_AI,EF5,CURRICULAR,Educação Física,EDF,MS.EF35EF03.s.02,"Descrever, por meio de múltiplas linguagens (corporal, oral, escrita, audiovisual), as brincadeiras e os jogos populares do Brasil e de matriz indígena e africana, explicando suas características e a importância desse patrimônio histórico cultural na preservação das diferentes culturas.",Brincadeiras e jogos,Brincadeiras e jogos populares do Brasil e do mundo Brincadeiras e jogos de matriz indígena e africana,CURRICULO_REFERENCIA_MS_EF_V1_10,CURRICULO_COMPLETO,CURRICULO_REFERENCIA_MS_EF_V1_10,370
EF_AI,EF5,CURRICULAR,Educação Física,EDF,MS.EF35EF04.s.03,"Recriar, individual e coletivamente, e experimentar, na escola e fora dela, brincadeiras e jogos populares do Brasil e do mundo, incluindo aqueles de matriz indígena e africana, e demais práticas corporais tematizadas na escola, adequando-as aos espaços públicos disponíveis.",Brincadeiras e jogos Unidades Temáticas,Brincadeiras e jogos populares do Brasil e do mundo Brincadeiras e jogos de matriz indígena e africana Objetos de Conhecimento,CURRICULO_REFERENCIA_MS_EF_V1_10,CURRICULO_COMPLETO,CURRICULO_REFERENCIA_MS_EF_V1_10,370
EF_AI,EF5,CURRICULAR,Educação Física,EDF,MS.EF35EF05.s.04,"Experimentar e fruir diversos tipos de esportes de campo e t a c o , r e d e/parede e invasão, identificando seus elementos comuns e criando estratégias individuais e coletivas básicas para sua execução, prezando pelo trabalho coletivo e pelo protagonismo.",Esportes,Esportes de campo e taco Esportes de rede/parede Esportes de invasão,CURRICULO_REFERENCIA_MS_EF_V1_10,CURRICULO_COMPLETO,CURRICULO_REFERENCIA_MS_EF_V1_10,371
EF_AI,EF5,CURRICULAR,Educação Física,EDF,MS.EF35EF06.s.05,"Diferenciar os conceitos de jogo e esporte, identificando as características que os constituem na contemporaneidade e suas manifestações (profissional e comunitária/lazer).",Esportes,Esportes de campo e taco Esportes de rede/parede Esportes de invasão,CURRICULO_REFERENCIA_MS_EF_V1_10,CURRICULO_COMPLETO,CURRICULO_REFERENCIA_MS_EF_V1_10,371
EF_AI,EF5,CURRICULAR,Educação Física,EDF,MS.EF35EF07.s.06,"Experimentar e fruir, de forma coletiva, combinações de diferentes elementos da ginástica geral (equilíbrios, saltos, giros, rotações, acrobacias, com e sem materiais), propondo coreografias com diferentes temas do cotidiano.",Ginásticas,Ginástica geral,CURRICULO_REFERENCIA_MS_EF_V1_10,CURRICULO_COMPLETO,CURRICULO_REFERENCIA_MS_EF_V1_10,371
EF_AI,EF5,CURRICULAR,Educação Física,EDF,MS.EF35EF08.s.07,"Planejar e utilizar estratégias para resolver desafios na execução de elementos básicos de apresentações coletivas de ginástica geral, reconhecendo as potencialidades e os limites do corpo e adotando procedimentos de segurança.",Ginásticas Unidades Temáticas,Ginástica geral Objetos de Conhecimento,CURRICULO_REFERENCIA_MS_EF_V1_10,CURRICULO_COMPLETO,CURRICULO_REFERENCIA_MS_EF_V1_10,371
EF_AI,EF5,CURRICULAR,Educação Física,EDF,MS.EF35EF11.s.09,"Formular e utilizar estratégias para a execução d e e l e m e n t o s c o nstitutivos das danças populares do Brasil e do mundo, e das danças de matriz indígena e africana.",Danças,Danças do Brasil e do mundo Danças de matriz indígena e africana,CURRICULO_REFERENCIA_MS_EF_V1_10,CURRICULO_COMPLETO,CURRICULO_REFERENCIA_MS_EF_V1_10,372
EF_AI,EF5,CURRICULAR,Educação Física,EDF,MS.EF35EF12.s.10,Identificar situações de injustiça e preconceito geradas e/ou presentes no contexto das danças e demais práticas corporais e discutir alternativas para superá-las.,Danças,Danças do Brasil e do mundo Danças de matriz indígena e africana,CURRICULO_REFERENCIA_MS_EF_V1_10,CURRICULO_COMPLETO,CURRICULO_REFERENCIA_MS_EF_V1_10,372
EF_AI,EF5,CURRICULAR,Educação Física,EDF,MS.EF35EF14.s.11,"Planejar e utilizar estratégias básicas das lutas do contexto comunitário e regional e lutas de matriz indígena e africana experimentadas, respeitando o colega como oponente e as normas de segurança.",Lutas,Lutas do contexto comunitário e regional Lutas de matriz indígena e africana,CURRICULO_REFERENCIA_MS_EF_V1_10,CURRICULO_COMPLETO,CURRICULO_REFERENCIA_MS_EF_V1_10,372
EF_AI,EF5,CURRICULAR,Educação Física,EDF,MS.EF35EF15.s.12,"Identificar as características das lutas do contexto comunitário e regional e lutas de matriz indígena e africana, reconhecendo as diferenças entre lutas e brigas e entre lutas e as demais práticas corporais.",Lutas Unidades Temáticas,Lutas do contexto comunitário e regional Lutas de matriz indígena e africana Objetos de Conhecimento,CURRICULO_REFERENCIA_MS_EF_V1_10,CURRICULO_COMPLETO,CURRICULO_REFERENCIA_MS_EF_V1_10,372
EF_AI,EF1,CURRICULAR,Ensino Religioso,ER,MS.EF01ER00.n.05,Demonstrar o que é transcendência.,Identidades e alteridades,Imanência e transcendência,CURRICULO_REFERENCIA_MS_EF_V1_10,CURRICULO_COMPLETO,CURRICULO_REFERENCIA_MS_EF_V1_10,802
EF_AI,EF1,CURRICULAR,Ensino Religioso,ER,MS.EF01ER01.s.01,"Identificar e acolher as semelhanças e diferenças entre o eu, o outro e o nós.",Identidades e alteridades,"O eu, o outro e o nós",CURRICULO_REFERENCIA_MS_EF_V1_10,CURRICULO_COMPLETO,CURRICULO_REFERENCIA_MS_EF_V1_10,802
EF_AI,EF1,CURRICULAR,Ensino Religioso,ER,MS.EF01ER02.s.02,Reconhecer que o seu nome e o das demais pessoas os identificam e os diferenciam.,Identidades e alteridades,"O eu, o outro e o nós",CURRICULO_REFERENCIA_MS_EF_V1_10,CURRICULO_COMPLETO,CURRICULO_REFERENCIA_MS_EF_V1_10,802
EF_AI,EF1,CURRICULAR,Ensino Religioso,ER,MS.EF01ER03.s.03,Reconhecer e respeitar as características físicas e subjetivas de cada um.,Identidades e alteridades,Imanência e transcendência,CURRICULO_REFERENCIA_MS_EF_V1_10,CURRICULO_COMPLETO,CURRICULO_REFERENCIA_MS_EF_V1_10,802
EF_AI,EF1,CURRICULAR,Ensino Religioso,ER,MS.EF01ER04.s.04,Valorizar a diversidade de formas de vida.,Identidades e alteridades,Imanência e transcendência,CURRICULO_REFERENCIA_MS_EF_V1_10,CURRICULO_COMPLETO,CURRICULO_REFERENCIA_MS_EF_V1_10,802
EF_AI,EF1,CURRICULAR,Ensino Religioso,ER,MS.EF01ER05.s.06,"Identificar e acolher sentimentos, lembranças, memórias e saberes de cada um.",Manifestações religiosas,"Sentimentos, lembranças, memórias e saberes",CURRICULO_REFERENCIA_MS_EF_V1_10,CURRICULO_COMPLETO,CURRICULO_REFERENCIA_MS_EF_V1_10,802
EF_AI,EF1,CURRICULAR,Ensino Religioso,ER,MS.EF01ER06.s.07,"Identificar as diferentes formas pelas quais as pessoas manifestam sentimentos, ideias, memórias, gostos e crenças em diferentes espaços.",Manifestações religiosas,"Sentimentos, lembranças, memórias e saberes",CURRICULO_REFERENCIA_MS_EF_V1_10,CURRICULO_COMPLETO,CURRICULO_REFERENCIA_MS_EF_V1_10,802
EF_AI,EF2,CURRICULAR,Ensino Religioso,ER,MS.EF02ER01.s.01,Reconhecer os diferentes espaços de convivência.,Identidades e alteridades,"O eu, a família e o ambiente de convivência",CURRICULO_REFERENCIA_MS_EF_V1_10,CURRICULO_COMPLETO,CURRICULO_REFERENCIA_MS_EF_V1_10,803
EF_AI,EF2,CURRICULAR,Ensino Religioso,ER,MS.EF02ER02.s.02,"Identificar costumes, crenças e formas diversas de viver em variados ambientes de convivência.",Identidades e alteridades,"O eu, a família e o ambiente de convivência",CURRICULO_REFERENCIA_MS_EF_V1_10,CURRICULO_COMPLETO,CURRICULO_REFERENCIA_MS_EF_V1_10,803
EF_AI,EF2,CURRICULAR,Ensino Religioso,ER,MS.EF02ER03.s.03,"Identificar as diferentes formas de registro das memórias pessoais, familiares e escolares (fotos, músicas, narrativas, álbuns...).",Identidades e alteridades,Memórias e símbolos,CURRICULO_REFERENCIA_MS_EF_V1_10,CURRICULO_COMPLETO,CURRICULO_REFERENCIA_MS_EF_V1_10,803
EF_AI,EF2,CURRICULAR,Ensino Religioso,ER,MS.EF02ER04.s.04,Identificar os símbolos presentes nos variados espaços de convivência.,Identidades e alteridades,Memórias e símbolos,CURRICULO_REFERENCIA_MS_EF_V1_10,CURRICULO_COMPLETO,CURRICULO_REFERENCIA_MS_EF_V1_10,803
EF_AI,EF2,CURRICULAR,Ensino Religioso,ER,MS.EF02ER05.s.05,"Identificar, distinguir e respeitar símbolos religiosos de distintas manifestações, tradições e instituições religiosas.",Identidades e alteridades,Símbolos religiosos,CURRICULO_REFERENCIA_MS_EF_V1_10,CURRICULO_COMPLETO,CURRICULO_REFERENCIA_MS_EF_V1_10,803
EF_AI,EF2,CURRICULAR,Ensino Religioso,ER,MS.EF02ER06.s.06,"Exemplificar alimentos considerados sagrados por diferentes culturas, tradições e expressões religiosas.",Manifestações religiosas Unidades Temáticas,Alimentos sagrados Objetos de Conhecimento,CURRICULO_REFERENCIA_MS_EF_V1_10,CURRICULO_COMPLETO,CURRICULO_REFERENCIA_MS_EF_V1_10,803
EF_AI,EF2,CURRICULAR,Ensino Religioso,ER,MS.EF02ER07.s.07,Identificar significados atribuídos a alimentos em diferentes manifestações e tradições religiosas.,Manifestações religiosas Unidades Temáticas,Alimentos sagrados Objetos de Conhecimento,CURRICULO_REFERENCIA_MS_EF_V1_10,CURRICULO_COMPLETO,CURRICULO_REFERENCIA_MS_EF_V1_10,804
EF_AI,EF3,CURRICULAR,Ensino Religioso,ER,MS.EF03ER01.s.01,Identificar e respeitar os diferentes espaços e territórios religiosos de diferentes tradições e movimentos religiosos.,Identidades e alteridades,Espaços e territórios religiosos,CURRICULO_REFERENCIA_MS_EF_V1_10,CURRICULO_COMPLETO,CURRICULO_REFERENCIA_MS_EF_V1_10,804
EF_AI,EF3,CURRICULAR,Ensino Religioso,ER,MS.EF03ER02.s.02,Caracterizar os espaços e territórios religiosos como locais de realização das práticas celebrativas.,Identidades e alteridades,Espaços e territórios religiosos,CURRICULO_REFERENCIA_MS_EF_V1_10,CURRICULO_COMPLETO,CURRICULO_REFERENCIA_MS_EF_V1_10,804
EF_AI,EF3,CURRICULAR,Ensino Religioso,ER,MS.EF03ER03.s.03,"Identificar e respeitar práticas celebrativas (cerimônias, orações, festividades, peregrinações, entre outras) de diferentes tradições religiosas.",Manifestações religiosas,Práticas celebrativas,CURRICULO_REFERENCIA_MS_EF_V1_10,CURRICULO_COMPLETO,CURRICULO_REFERENCIA_MS_EF_V1_10,804
EF_AI,EF3,CURRICULAR,Ensino Religioso,ER,MS.EF03ER04.s.04,Caracterizar as práticas celebrativas como parte integrante do conjunto das manifestações religiosas de diferentes culturas e sociedades.,Unidades Temáticas,Objetos de Conhecimento,CURRICULO_REFERENCIA_MS_EF_V1_10,CURRICULO_COMPLETO,CURRICULO_REFERENCIA_MS_EF_V1_10,804
EF_AI,EF3,CURRICULAR,Ensino Religioso,ER,MS.EF03ER05.s.05,"Reconhecer as indumentárias (roupas, acessórios, símbolos, pinturas corporais) utilizadas em diferentes manifestações e tradições religiosas.",Unidades Temáticas,Indumentárias religiosas,CURRICULO_REFERENCIA_MS_EF_V1_10,CURRICULO_COMPLETO,CURRICULO_REFERENCIA_MS_EF_V1_10,805
EF_AI,EF3,CURRICULAR,Ensino Religioso,ER,MS.EF03ER06.s.06,Caracterizar as indumentárias como elementos integrantes das identidades religiosas.,Unidades Temáticas,Indumentárias religiosas,CURRICULO_REFERENCIA_MS_EF_V1_10,CURRICULO_COMPLETO,CURRICULO_REFERENCIA_MS_EF_V1_10,805
EF_AI,EF4,CURRICULAR,Ensino Religioso,ER,MS.EF04ER01.s.01,"Identificar ritos presentes no cotidiano pessoal, familiar, escolar e comunitário.",Manifestações religiosas,Ritos religiosos,CURRICULO_REFERENCIA_MS_EF_V1_10,CURRICULO_COMPLETO,CURRICULO_REFERENCIA_MS_EF_V1_10,805
EF_AI,EF4,CURRICULAR,Ensino Religioso,ER,MS.EF04ER02.s.02,Identificar ritos e suas funções em diferentes manifestações e tradições religiosas.,Manifestações religiosas,Ritos religiosos,CURRICULO_REFERENCIA_MS_EF_V1_10,CURRICULO_COMPLETO,CURRICULO_REFERENCIA_MS_EF_V1_10,805
EF_AI,EF4,CURRICULAR,Ensino Religioso,ER,MS.EF04ER03.s.03,"Caracterizar ritos de iniciação e de passagem em diversos grupos religiosos (nascimento, casamento e morte).",Unidades Temáticas,Objetos de Conhecimento,CURRICULO_REFERENCIA_MS_EF_V1_10,CURRICULO_COMPLETO,CURRICULO_REFERENCIA_MS_EF_V1_10,805
EF_AI,EF4,CURRICULAR,Ensino Religioso,ER,MS.EF04ER04.s.04,"Identificar as diversas formas de expressão da espiritualidade (orações, cultos, gestos, cantos, dança, meditação) nas diferentes tradições religiosas.",Unidades Temáticas,Objetos de Conhecimento,CURRICULO_REFERENCIA_MS_EF_V1_10,CURRICULO_COMPLETO,CURRICULO_REFERENCIA_MS_EF_V1_10,806
EF_AI,EF4,CURRICULAR,Ensino Religioso,ER,MS.EF04ER05.s.05,"Identificar representações religiosas em diferentes expressões artísticas(pinturas, arquitetura, esculturas, ícones, símbolos, imagens), reconhecendo-as como parte da identidade de diferentes culturas e tradições religiosas.",Unidades Temáticas,Representações religiosas na arte,CURRICULO_REFERENCIA_MS_EF_V1_10,CURRICULO_COMPLETO,CURRICULO_REFERENCIA_MS_EF_V1_10,806
EF_AI,EF4,CURRICULAR,Ensino Religioso,ER,MS.EF04ER06.s.06,"Identificar nomes, significados e representações de divindades nos contextos familiar e comunitário.",Crenças religiosas e filosofias de vida,Ideia(s) de divindade(s),CURRICULO_REFERENCIA_MS_EF_V1_10,CURRICULO_COMPLETO,CURRICULO_REFERENCIA_MS_EF_V1_10,806
EF_AI,EF4,CURRICULAR,Ensino Religioso,ER,MS.EF04ER07.s.07,Reconhecer e respeitar as ideias de divindades de diferentes manifestações e tradições religiosas.,Crenças religiosas e filosofias de vida,Ideia(s) de divindade(s),CURRICULO_REFERENCIA_MS_EF_V1_10,CURRICULO_COMPLETO,CURRICULO_REFERENCIA_MS_EF_V1_10,806
EF_AI,EF5,CURRICULAR,Ensino Religioso,ER,MS.EF05ER01.s.01,Identificar e respeitar acontecimentos sagrados de diferentes culturas e tradições religiosas como recurso para preservar a memória.,Crenças religiosas e filosofias de vida,Narrativas religiosas,CURRICULO_REFERENCIA_MS_EF_V1_10,CURRICULO_COMPLETO,CURRICULO_REFERENCIA_MS_EF_V1_10,806
EF_AI,EF5,CURRICULAR,Ensino Religioso,ER,MS.EF05ER02.s.02,Identificar mitos de criação em diferentes culturas e tradições religiosas.,Unidades Temáticas,Mitos nas tradições religiosas Objetos de Conhecimento,CURRICULO_REFERENCIA_MS_EF_V1_10,CURRICULO_COMPLETO,CURRICULO_REFERENCIA_MS_EF_V1_10,806
EF_AI,EF5,CURRICULAR,Ensino Religioso,ER,MS.EF05ER03.s.03,"Reconhecer funções e mensagens religiosas contidas nos mitos de criação (concepções de mundo, natureza, ser humano, divindades, vida e morte).",Unidades Temáticas,Mitos nas tradições religiosas Objetos de Conhecimento,CURRICULO_REFERENCIA_MS_EF_V1_10,CURRICULO_COMPLETO,CURRICULO_REFERENCIA_MS_EF_V1_10,807
EF_AI,EF5,CURRICULAR,Ensino Religioso,ER,MS.EF05ER04.s.04,Reconhecer a importância da tradição oral para preservar memórias e acontecimentos religiosos.,Unidades Temáticas,Ancestralidade e tradição oral,CURRICULO_REFERENCIA_MS_EF_V1_10,CURRICULO_COMPLETO,CURRICULO_REFERENCIA_MS_EF_V1_10,807
EF_AI,EF5,CURRICULAR,Ensino Religioso,ER,MS.EF05ER05.s.05,"Identificar elementos da tradição oral nas culturas e religiosidades indígenas, afrobrasileiras, ciganas, entre outras.",Unidades Temáticas,Ancestralidade e tradição oral,CURRICULO_REFERENCIA_MS_EF_V1_10,CURRICULO_COMPLETO,CURRICULO_REFERENCIA_MS_EF_V1_10,807
EF_AI,EF5,CURRICULAR,Ensino Religioso,ER,MS.EF05ER06.s.06,Identificar o papel dos sábios e anciãos na comunicação e preservação da tradição oral.,Unidades Temáticas,Ancestralidade e tradição oral,CURRICULO_REFERENCIA_MS_EF_V1_10,CURRICULO_COMPLETO,CURRICULO_REFERENCIA_MS_EF_V1_10,807
EF_AI,EF5,CURRICULAR,Ensino Religioso,ER,MS.EF05ER07.s.07,"Reconhecer, em textos orais, ensinamentos relacionados a modos de ser e viver.",Unidades Temáticas,Ancestralidade e tradição oral,CURRICULO_REFERENCIA_MS_EF_V1_10,CURRICULO_COMPLETO,CURRICULO_REFERENCIA_MS_EF_V1_10,807
EF_AI,EF1,CURRICULAR,Geografia,GEO,MS.EF01GE01.s.01,"Descrever características observadas de seus lugares de vivência (moradia, escola etc.) e identificar semelhanças e diferenças entre esses lugares.",O sujeito e seu lugar no mundo,O modo de vida das crianças em diferentes lugares de vivência,CURRICULO_REFERENCIA_MS_EF_V1_10,CURRICULO_COMPLETO,CURRICULO_REFERENCIA_MS_EF_V1_10,652
EF_AI,EF1,CURRICULAR,Geografia,GEO,MS.EF01GE02.s.02,Identificar semelhanças e diferenças entre jogos e brincadeiras de diferentes épocas e lugares.,O sujeito e seu lugar no mundo,O modo de vida das crianças em diferentes lugares de vivência,CURRICULO_REFERENCIA_MS_EF_V1_10,CURRICULO_COMPLETO,CURRICULO_REFERENCIA_MS_EF_V1_10,652
EF_AI,EF1,CURRICULAR,Geografia,GEO,MS.EF01GE03.s.04,"Identificar e relatar semelhanças e diferenças de usos do espaço público (praças, parques) para o lazer e diferentes manifestações.",O sujeito e seu lugar no mundo Unidades Temáticas,Situações de convívio em diferentes lugares Objetos de Conhecimento,CURRICULO_REFERENCIA_MS_EF_V1_10,CURRICULO_COMPLETO,CURRICULO_REFERENCIA_MS_EF_V1_10,652
EF_AI,EF1,CURRICULAR,Geografia,GEO,MS.EF01GE04.s.03,"Discutir e elaborar, coletivamente, regras de convívio em diferentes espaços (sala de aula, escola etc.).",O sujeito e seu lugar no mundo,Situações de convívio em diferentes lugares,CURRICULO_REFERENCIA_MS_EF_V1_10,CURRICULO_COMPLETO,CURRICULO_REFERENCIA_MS_EF_V1_10,652
EF_AI,EF1,CURRICULAR,Geografia,GEO,MS.EF01GE05.s.09,"Observar e descrever ritmos naturais (dia e noite, variação de temperatura, umidade etc.) em diferentes escalas espaciais e temporais, comparando a sua realidade com outras.",Conexões e escalas Unidades Temáticas,Ciclos naturais e a vida cotidiana Objetos de Conhecimento,CURRICULO_REFERENCIA_MS_EF_V1_10,CURRICULO_COMPLETO,CURRICULO_REFERENCIA_MS_EF_V1_10,653
EF_AI,EF1,CURRICULAR,Geografia,GEO,MS.EF01GE06.s.05,"Descrever e comparar diferentes tipos de moradia ou objetos de uso cotidiano (brinquedos, roupas, mobiliários), considerando técnicas e materiais utilizados em sua produção.",Mundo do trabalho,Diferentes tipos de moradia existentes no seu dia a dia,CURRICULO_REFERENCIA_MS_EF_V1_10,CURRICULO_COMPLETO,CURRICULO_REFERENCIA_MS_EF_V1_10,653
EF_AI,EF1,CURRICULAR,Geografia,GEO,MS.EF01GE07.s.06,Descrever atividades de trabalho relacionadas com o dia a dia da sua comunidade.,Mundo do trabalho,Diferentes tipos de trabalho existentes no seu dia a dia,CURRICULO_REFERENCIA_MS_EF_V1_10,CURRICULO_COMPLETO,CURRICULO_REFERENCIA_MS_EF_V1_10,653
EF_AI,EF1,CURRICULAR,Geografia,GEO,MS.EF01GE08.s.07,"Criar mapas mentais e desenhos com base em itinerários, contos literários, histórias inventadas e brincadeiras.",Formas de representação e pensamento espacial,Pontos de referência,CURRICULO_REFERENCIA_MS_EF_V1_10,CURRICULO_COMPLETO,CURRICULO_REFERENCIA_MS_EF_V1_10,653
EF_AI,EF1,CURRICULAR,Geografia,GEO,MS.EF01GE09.s.08,"Elaborar e utilizar mapas simples para localizar elementos do local de vivência, considerando referenciais espaciais (frente e atrás, esquerda e direita, em cima e embaixo, dentro e fora) e tendo o corpo como referência.",Formas de representação e pensamento espacial,Pontos de referência,CURRICULO_REFERENCIA_MS_EF_V1_10,CURRICULO_COMPLETO,CURRICULO_REFERENCIA_MS_EF_V1_10,653
EF_AI,EF1,CURRICULAR,Geografia,GEO,MS.EF01GE10.s.10,"Descrever características de seus lugares de vivência relacionadas aos ritmos da natureza (chuva, vento, calor etc.).","Natureza, ambientes e qualidade de vida",Condições de vida nos lugares de vivência,CURRICULO_REFERENCIA_MS_EF_V1_10,CURRICULO_COMPLETO,CURRICULO_REFERENCIA_MS_EF_V1_10,654
EF_AI,EF1,CURRICULAR,Geografia,GEO,MS.EF01GE11.s.11,"Associar mudanças de vestuário e hábitos alimentares em sua comunidade ao longo do ano, decorrentes da variação de temperatura e umidade no ambiente.","Natureza, ambientes e qualidade de vida",Condições de vida nos lugares de vivência,CURRICULO_REFERENCIA_MS_EF_V1_10,CURRICULO_COMPLETO,CURRICULO_REFERENCIA_MS_EF_V1_10,654
EF_AI,EF2,CURRICULAR,Geografia,GEO,MS.EF02GE01.s.01,Descrever a história das migrações no bairro ou comunidade em que vive.,O sujeito e seu lugar no mundo Unidades Temáticas,Convivência e interações entre pessoas na comunidade Objetos de Conhecimento,CURRICULO_REFERENCIA_MS_EF_V1_10,CURRICULO_COMPLETO,CURRICULO_REFERENCIA_MS_EF_V1_10,654
EF_AI,EF2,CURRICULAR,Geografia,GEO,MS.EF02GE02.s.02,"Comparar costumes e tradições de diferentes populações inseridas no bairro ou comunidade em que vive, reconhecendo a importância do respeito às diferenças.",O sujeito e seu lugar no mundo,Convivência e interações entre pessoas na comunidade,CURRICULO_REFERENCIA_MS_EF_V1_10,CURRICULO_COMPLETO,CURRICULO_REFERENCIA_MS_EF_V1_10,655
EF_AI,EF2,CURRICULAR,Geografia,GEO,MS.EF02GE03.s.04,"Comparar diferentes meios de transporte e de comunicação, indicando o seu papel na conexão entre lugares, e discutir os riscos para a vida e para o ambiente e seu uso responsável.",Conexões e escalas Unidades Temáticas,Riscos e cuidados nos meios de transporte e de comunicação Objetos de Conhecimento,CURRICULO_REFERENCIA_MS_EF_V1_10,CURRICULO_COMPLETO,CURRICULO_REFERENCIA_MS_EF_V1_10,655
EF_AI,EF2,CURRICULAR,Geografia,GEO,MS.EF02GE04.s.05,"Reconhecer semelhanças e diferenças nos hábitos, nas relações com a natureza e no modo de viver de pessoas em diferentes lugares.",Conexões e escalas,Experiências da comunidade no tempo e no espaço,CURRICULO_REFERENCIA_MS_EF_V1_10,CURRICULO_COMPLETO,CURRICULO_REFERENCIA_MS_EF_V1_10,656
EF_AI,EF2,CURRICULAR,Geografia,GEO,MS.EF02GE05.s.03,"Analisar mudanças e permanências, comparando imagens de um mesmo lugar em diferentes tempos.",Conexões e escalas,A Paisagem e suas transformações,CURRICULO_REFERENCIA_MS_EF_V1_10,CURRICULO_COMPLETO,CURRICULO_REFERENCIA_MS_EF_V1_10,655
EF_AI,EF2,CURRICULAR,Geografia,GEO,MS.EF02GE06.s.09,"Relacionar o dia e a noite a diferentes tipos de atividades sociais (horário escolar, comercial, sono etc.).",Mundo do trabalho,Tipos de trabalho em lugares e tempos diferentes,CURRICULO_REFERENCIA_MS_EF_V1_10,CURRICULO_COMPLETO,CURRICULO_REFERENCIA_MS_EF_V1_10,657
EF_AI,EF2,CURRICULAR,Geografia,GEO,MS.EF02GE07.s.10,"Descrever as atividades econômicas (minerais, agropecuárias, industriais) de diferentes lugares, identificando os impactos ambientais.",Mundo do trabalho,Tipos de trabalho em lugares e tempos diferentes,CURRICULO_REFERENCIA_MS_EF_V1_10,CURRICULO_COMPLETO,CURRICULO_REFERENCIA_MS_EF_V1_10,657
EF_AI,EF2,CURRICULAR,Geografia,GEO,MS.EF02GE08.s.06,"Identificar e elaborar diferentes formas de representação (desenhos, mapas mentais, maquetes) para representar componentes da paisagem dos lugares de vivência.",Formas de representação e pensamento espacial,"Localização, orientação e representação espacial",CURRICULO_REFERENCIA_MS_EF_V1_10,CURRICULO_COMPLETO,CURRICULO_REFERENCIA_MS_EF_V1_10,656
EF_AI,EF2,CURRICULAR,Geografia,GEO,MS.EF02GE09.s.07,Identificar objetos e lugares de vivência (escola e moradia) em imagens aéreas e mapas (visão vertical) e fotografias (visão oblíqua).,Formas de representação e pensamento espacial,"Localização, orientação e representação espacial",CURRICULO_REFERENCIA_MS_EF_V1_10,CURRICULO_COMPLETO,CURRICULO_REFERENCIA_MS_EF_V1_10,656
EF_AI,EF2,CURRICULAR,Geografia,GEO,MS.EF02GE10.s.08,"Aplicar princípios de localização e posição de objetos (referenciais espaciais, como frente e atrás, esquerda e direita, em cima e embaixo, dentro e fora) por meio de representações espaciais da sala de aula e da escola.",Formas de representação e pensamento espacial Unidades Temáticas,"Localização, orientação e representação espacial Objetos de Conhecimento",CURRICULO_REFERENCIA_MS_EF_V1_10,CURRICULO_COMPLETO,CURRICULO_REFERENCIA_MS_EF_V1_10,656
EF_AI,EF2,CURRICULAR,Geografia,GEO,MS.EF02GE11.s.11,"Reconhecer a importância do solo e da água para a vida, identificando seus diferentes usos (plantação e extração de materiais, entre outras possibilidades) e os impactos desses usos no cotidiano da cidade e do campo.","Natureza, ambientes e qualidade de vida",Os usos dos recursos naturais: solo e água no campo e na cidade,CURRICULO_REFERENCIA_MS_EF_V1_10,CURRICULO_COMPLETO,CURRICULO_REFERENCIA_MS_EF_V1_10,657
EF_AI,EF3,CURRICULAR,Geografia,GEO,MS.EF03GE00.n.06,"Criar mapas mentais e desenhos com base em itinerários, contos literários, histórias inventadas e brincadeiras.",Formas de representação e pensamento espacial,Representações cartográficas,CURRICULO_REFERENCIA_MS_EF_V1_10,CURRICULO_COMPLETO,CURRICULO_REFERENCIA_MS_EF_V1_10,659
EF_AI,EF3,CURRICULAR,Geografia,GEO,MS.EF03GE01.s.01,"Identificar e comparar aspectos culturais dos grupos sociais de seus lugares de vivência, seja na cidade, seja no campo.",O sujeito e seu lugar no mundo,A cidade e o campo: aproximações e diferenças,CURRICULO_REFERENCIA_MS_EF_V1_10,CURRICULO_COMPLETO,CURRICULO_REFERENCIA_MS_EF_V1_10,658
EF_AI,EF3,CURRICULAR,Geografia,GEO,MS.EF03GE02.s.02,"Identificar, em seus lugares de vivência, marcas de contribuição cultural e econômica de grupos de diferentes origens.",O sujeito e seu lugar no mundo,A cidade e o campo: aproximações e diferenças,CURRICULO_REFERENCIA_MS_EF_V1_10,CURRICULO_COMPLETO,CURRICULO_REFERENCIA_MS_EF_V1_10,658
EF_AI,EF3,CURRICULAR,Geografia,GEO,MS.EF03GE03.s.03,Reconhecer os diferentes modos de vida de povos e comunidades tradicionais em distintos lugares.,O sujeito e seu lugar no mundo Unidades Temáticas,A cidade e o campo: aproximações e diferenças Objetos de Conhecimento,CURRICULO_REFERENCIA_MS_EF_V1_10,CURRICULO_COMPLETO,CURRICULO_REFERENCIA_MS_EF_V1_10,658
EF_AI,EF3,CURRICULAR,Geografia,GEO,MS.EF03GE04.s.04,"Explicar como os processos naturais e históricos atuam na produção e na mudança das paisagens naturais e antrópicas nos seus lugares de vivência, comparando-os a outros lugares.",Conexões e escalas,Paisagens naturais e antrópicas em transformação,CURRICULO_REFERENCIA_MS_EF_V1_10,CURRICULO_COMPLETO,CURRICULO_REFERENCIA_MS_EF_V1_10,659
EF_AI,EF3,CURRICULAR,Geografia,GEO,MS.EF03GE05.s.05,"Identificar alimentos, minerais e outros produtos cultivados e extraídos da natureza, comparando as atividades de trabalho em diferentes lugares.",Mundo do trabalho,Matéria-prima e indústria,CURRICULO_REFERENCIA_MS_EF_V1_10,CURRICULO_COMPLETO,CURRICULO_REFERENCIA_MS_EF_V1_10,659
EF_AI,EF3,CURRICULAR,Geografia,GEO,MS.EF03GE06.s.07,Identificar e interpretar imagens bidimensionais e tridimensionais em diferentes tipos de representação cartográfica.,Formas de representação e pensamento espacial,Representações cartográficas,CURRICULO_REFERENCIA_MS_EF_V1_10,CURRICULO_COMPLETO,CURRICULO_REFERENCIA_MS_EF_V1_10,659
EF_AI,EF3,CURRICULAR,Geografia,GEO,MS.EF03GE07.s.08,Reconhecer e elaborar legendas com símbolos de diversos tipos de representações em diferentes escalas cartográficas.,Formas de representação e pensamento espacial,Representações cartográficas,CURRICULO_REFERENCIA_MS_EF_V1_10,CURRICULO_COMPLETO,CURRICULO_REFERENCIA_MS_EF_V1_10,659
EF_AI,EF3,CURRICULAR,Geografia,GEO,MS.EF03GE08.s.12,"Relacionar a produção de lixo doméstico ou da escola aos problemas causados pelo consumo excessivo e construir propostas para o consumo consciente, considerando a ampliação de hábitos de redução, reuso e reciclagem/descarte de materiais consumidos em casa, na escola e/ou no entorno.","Natureza, ambientes e qualidade de vida","Produção, circulação e consumo",CURRICULO_REFERENCIA_MS_EF_V1_10,CURRICULO_COMPLETO,CURRICULO_REFERENCIA_MS_EF_V1_10,660
EF_AI,EF3,CURRICULAR,Geografia,GEO,MS.EF03GE09.s.09,"Investigar os usos dos recursos naturais, com destaque para os usos da água em atividades cotidianas (alimentação, higiene, cultivo de plantas etc.), e discutir os problemas ambientais provocados por esses usos.","Natureza, ambientes e qualidade de vida Unidades Temáticas",Impactos das atividades humanas Objetos de Conhecimento,CURRICULO_REFERENCIA_MS_EF_V1_10,CURRICULO_COMPLETO,CURRICULO_REFERENCIA_MS_EF_V1_10,659
EF_AI,EF3,CURRICULAR,Geografia,GEO,MS.EF03GE10.s.10,Identificar os cuidados necessários para utilização da água na agricultura e na geração de energia de modo a garantir a manutenção do provimento de água potável.,"Natureza, ambientes e qualidade de vida",Impactos das atividades humanas,CURRICULO_REFERENCIA_MS_EF_V1_10,CURRICULO_COMPLETO,CURRICULO_REFERENCIA_MS_EF_V1_10,660
EF_AI,EF3,CURRICULAR,Geografia,GEO,MS.EF03GE11.s.11,"Comparar os impactos das atividades econômicas urbanas e rurais sobre o ambiente físico natural, assim como os riscos provenientes de ferramentas e máquinas.","Natureza, ambientes e qualidade de vida",Impactos das atividades humanas,CURRICULO_REFERENCIA_MS_EF_V1_10,CURRICULO_COMPLETO,CURRICULO_REFERENCIA_MS_EF_V1_10,660
EF_AI,EF4,CURRICULAR,Geografia,GEO,MS.EF04GE01.s.01,"Selecionar, em seus lugares de vivência e em suas histórias familiares e/ou da comunidade, elementos de distintas culturas (indígenas, afro-brasileiras, de outras regiões do país, latinoamericanas, europeias, asiáticas etc.), valorizando o que é próprio em cada uma delas e sua contribuição para a formação da cultura local, regional e brasileira.",O sujeito e seu lugar no mundo Unidades Temáticas,Território e diversidade cultural Objetos de Conhecimento,CURRICULO_REFERENCIA_MS_EF_V1_10,CURRICULO_COMPLETO,CURRICULO_REFERENCIA_MS_EF_V1_10,660
EF_AI,EF4,CURRICULAR,Geografia,GEO,MS.EF04GE02.s.02,Descrever processos migratórios e suas contribuições para a formação da sociedade brasileira.,O sujeito e seu lugar no mundo,Processos migratórios no Brasil,CURRICULO_REFERENCIA_MS_EF_V1_10,CURRICULO_COMPLETO,CURRICULO_REFERENCIA_MS_EF_V1_10,661
EF_AI,EF4,CURRICULAR,Geografia,GEO,MS.EF04GE03.s.11,"Conhecer funções e papéis dos órgãos do poder público municipal e canais de participação social na gestão do Município, incluindo a Câmara de Vereadores, Conselhos Municipais e Associações de bairros.",O sujeito e seu lugar no mundo,Instâncias do poder público e canais de participação social,CURRICULO_REFERENCIA_MS_EF_V1_10,CURRICULO_COMPLETO,CURRICULO_REFERENCIA_MS_EF_V1_10,664
EF_AI,EF4,CURRICULAR,Geografia,GEO,MS.EF04GE04.s.05,"Reconhecer especificidades e analisar a interdependência do campo e da cidade, considerando fluxos econômicos, de informações, de ideias e de pessoas.",Conexões e escalas,Relação campo e cidade,CURRICULO_REFERENCIA_MS_EF_V1_10,CURRICULO_COMPLETO,CURRICULO_REFERENCIA_MS_EF_V1_10,662
EF_AI,EF4,CURRICULAR,Geografia,GEO,MS.EF04GE05.s.08,"Distinguir unidades políticoadministrativas oficiais nacionais (Distrito, Município, Unidade da Federação e grande região), suas fronteiras e sua hierarquia, localizando seus lugares de vivência.",Conexões e escalas,Unidades políticoadministrativas do Brasil,CURRICULO_REFERENCIA_MS_EF_V1_10,CURRICULO_COMPLETO,CURRICULO_REFERENCIA_MS_EF_V1_10,663
EF_AI,EF4,CURRICULAR,Geografia,GEO,MS.EF04GE06.s.03,"Identificar e descrever territórios étnico-culturais existentes no Brasil, tais como terras indígenas e de comunidades remanescentes de quilombos, reconhecendo a legitimidade da demarcação desses territórios.",Conexões e escalas Unidades Temáticas,Territórios étnicoculturais Objetos de Conhecimento,CURRICULO_REFERENCIA_MS_EF_V1_10,CURRICULO_COMPLETO,CURRICULO_REFERENCIA_MS_EF_V1_10,661
EF_AI,EF4,CURRICULAR,Geografia,GEO,MS.EF04GE07.s.06,Comparar as características do trabalho no campo e na cidade.,Mundo do trabalho Unidades Temáticas,Trabalho no campo e na cidade Objetos de Conhecimento,CURRICULO_REFERENCIA_MS_EF_V1_10,CURRICULO_COMPLETO,CURRICULO_REFERENCIA_MS_EF_V1_10,662
EF_AI,EF4,CURRICULAR,Geografia,GEO,MS.EF04GE08.s.07,"Descrever e discutir o processo de produção (transformação de matériasprimas), circulação e consumo de diferentes produtos.",Mundo do trabalho,"Produção, circulação e consumo",CURRICULO_REFERENCIA_MS_EF_V1_10,CURRICULO_COMPLETO,CURRICULO_REFERENCIA_MS_EF_V1_10,663
EF_AI,EF4,CURRICULAR,Geografia,GEO,MS.EF04GE09.s.09,Utilizar as direções cardeais na localização de componentes físicos e humanos nas paisagens rurais e urbanas.,Formas de representação e pensamento espacial,Sistema de orientação,CURRICULO_REFERENCIA_MS_EF_V1_10,CURRICULO_COMPLETO,CURRICULO_REFERENCIA_MS_EF_V1_10,663
EF_AI,EF4,CURRICULAR,Geografia,GEO,MS.EF04GE10.s.10,"Comparar tipos variados de mapas, identificando suas características, elaboradores, finalidades, diferenças e semelhanças.",Formas de representação e pensamento espacial Unidades Temáticas,Elementos constitutivos dos mapas Objetos de Conhecimento,CURRICULO_REFERENCIA_MS_EF_V1_10,CURRICULO_COMPLETO,CURRICULO_REFERENCIA_MS_EF_V1_10,663
EF_AI,EF4,CURRICULAR,Geografia,GEO,MS.EF04GE11.s.04,"Identificar as características das paisagens naturais e antrópicas (relevo, cobertura vegetal, rios etc) no ambiente em que vive, bem como a ação humana na conservação ou degradação dessas áreas.","Natureza, ambientes e qualidade de vida",Conservação e degradação da natureza,CURRICULO_REFERENCIA_MS_EF_V1_10,CURRICULO_COMPLETO,CURRICULO_REFERENCIA_MS_EF_V1_10,662
EF_AI,EF5,CURRICULAR,Geografia,GEO,MS.EF05GE00.n.01,"Distinguir unidades políticoadministrativas oficiais nacionais (Distrito, Município, Unidade da Federação e grande região), suas fronteiras e sua hierarquia, localizando seus lugares de vivência.",Conexões e escalas,Unidades políticoadministrativas do Brasil,CURRICULO_REFERENCIA_MS_EF_V1_10,CURRICULO_COMPLETO,CURRICULO_REFERENCIA_MS_EF_V1_10,664
EF_AI,EF5,CURRICULAR,Geografia,GEO,MS.EF05GE00.n.06,"Identificar os elementos de um mapa e interpretar legendas, símbolos e cores.",Formas de representação e pensamento espacial,Estudo da Cartografia,CURRICULO_REFERENCIA_MS_EF_V1_10,CURRICULO_COMPLETO,CURRICULO_REFERENCIA_MS_EF_V1_10,666
EF_AI,EF5,CURRICULAR,Geografia,GEO,MS.EF05GE00.n.09,"Identificar as características das paisagens naturais e antrópicas (relevo, cobertura vegetal, hidrografia e clima) no ambiente do Mato Grosso do Sul, bem como a ação humana na conservação ou degradação dessas áreas.","Natureza, ambientes e qualidade de vida Unidades Temáticas",Conservação e degradação da natureza Objetos de Conhecimento,CURRICULO_REFERENCIA_MS_EF_V1_10,CURRICULO_COMPLETO,CURRICULO_REFERENCIA_MS_EF_V1_10,666
EF_AI,EF5,CURRICULAR,Geografia,GEO,MS.EF05GE01.s.02,"Descrever e analisar dinâmicas populacionais na Unidade da Federação em que vive, estabelecendo relações entre migrações e condições de infraestrutura.",O sujeito e seu lugar no mundo Unidades Temáticas,Dinâmica populacional Objetos de Conhecimento,CURRICULO_REFERENCIA_MS_EF_V1_10,CURRICULO_COMPLETO,CURRICULO_REFERENCIA_MS_EF_V1_10,664
EF_AI,EF5,CURRICULAR,Geografia,GEO,MS.EF05GE02.s.03,Identificar diferenças étnicoraciais e étnico-culturais e desigualdades sociais entre grupos de diferentes territórios.,O sujeito e seu lugar no mundo,Diferenças étnicoraciais e étnicoculturais e desigualdades sociais,CURRICULO_REFERENCIA_MS_EF_V1_10,CURRICULO_COMPLETO,CURRICULO_REFERENCIA_MS_EF_V1_10,665
EF_AI,EF5,CURRICULAR,Geografia,GEO,MS.EF05GE03.s.04,"Identificar as formas e funções das cidades e analisar as mudanças sociais, econômicas e ambientais provocadas pelo seu crescimento.",Conexões e escalas,"Território, redes e urbanização",CURRICULO_REFERENCIA_MS_EF_V1_10,CURRICULO_COMPLETO,CURRICULO_REFERENCIA_MS_EF_V1_10,665
EF_AI,EF5,CURRICULAR,Geografia,GEO,MS.EF05GE04.s.05,Reconhecer as características da cidade e analisar as interações entre a cidade e o campo e entre cidades na rede urbana.,Conexões e escalas Unidades Temáticas,"Território, redes e urbanização Objetos de Conhecimento",CURRICULO_REFERENCIA_MS_EF_V1_10,CURRICULO_COMPLETO,CURRICULO_REFERENCIA_MS_EF_V1_10,665
EF_AI,EF5,CURRICULAR,Geografia,GEO,MS.EF05GE05.s.10,"Identificar e comparar as mudanças dos tipos de trabalho e desenvolvimento tecnológico na agropecuária, na indústria, no comércio e nos serviços.",Mundo do trabalho,Trabalho e inovação tecnológica,CURRICULO_REFERENCIA_MS_EF_V1_10,CURRICULO_COMPLETO,CURRICULO_REFERENCIA_MS_EF_V1_10,667
EF_AI,EF5,CURRICULAR,Geografia,GEO,MS.EF05GE06.s.11,Identificar e comparar transformações dos meios de transporte e de comunicação.,Mundo do trabalho,Trabalho e inovação tecnológica,CURRICULO_REFERENCIA_MS_EF_V1_10,CURRICULO_COMPLETO,CURRICULO_REFERENCIA_MS_EF_V1_10,667
EF_AI,EF5,CURRICULAR,Geografia,GEO,MS.EF05GE07.s.12,"Identificar os diferentes tipos de energia utilizados na produção industrial, agrícola e extrativa e no cotidiano das populações.",Mundo do trabalho,Trabalho e inovação tecnológica,CURRICULO_REFERENCIA_MS_EF_V1_10,CURRICULO_COMPLETO,CURRICULO_REFERENCIA_MS_EF_V1_10,667
EF_AI,EF5,CURRICULAR,Geografia,GEO,MS.EF05GE08.s.08,"Analisar transformações de paisagens nas cidades, comparando sequência de fotografias, fotografias aéreas e imagens de satélite de épocas diferentes.",Formas de representação e pensamento espacial,Mapas e imagens de satélite,CURRICULO_REFERENCIA_MS_EF_V1_10,CURRICULO_COMPLETO,CURRICULO_REFERENCIA_MS_EF_V1_10,666
EF_AI,EF5,CURRICULAR,Geografia,GEO,MS.EF05GE09.s.07,"Estabelecer conexões e hierarquias entre diferentes cidades, utilizando mapas temáticos e representações gráficas.",Formas de representação e pensamento espacial,Estudo da Cartografia,CURRICULO_REFERENCIA_MS_EF_V1_10,CURRICULO_COMPLETO,CURRICULO_REFERENCIA_MS_EF_V1_10,666
EF_AI,EF5,CURRICULAR,Geografia,GEO,MS.EF05GE10.s.13,"Reconhecer e comparar atributos da qualidade ambiental e algumas formas de poluição dos cursos de água e dos oceanos (esgotos, efluentes industriais, marés negras etc.).","Natureza, ambientes e qualidade de vida Unidades Temáticas",Qualidade ambiental Objetos de Conhecimento,CURRICULO_REFERENCIA_MS_EF_V1_10,CURRICULO_COMPLETO,CURRICULO_REFERENCIA_MS_EF_V1_10,667
EF_AI,EF5,CURRICULAR,Geografia,GEO,MS.EF05GE11.s.14,"Identificar e descrever problemas ambientais que ocorrem no entorno da escola e da residência (lixões, indústrias poluentes, destruição do patrimônio histórico etc.), propondo soluções (inclusive tecnológicas) para esses problemas.","Natureza, ambientes e qualidade de vida",Diferentes tipos de poluição,CURRICULO_REFERENCIA_MS_EF_V1_10,CURRICULO_COMPLETO,CURRICULO_REFERENCIA_MS_EF_V1_10,668
EF_AI,EF5,CURRICULAR,Geografia,GEO,MS.EF05GE12.s.15,"Identificar órgãos do poder público e canais de participação social responsáveis por buscar soluções para a melhoria da qualidade de vida (em áreas como meio ambiente, mobilidade, moradia e direito à cidade) e discutir as propostas implementadas por esses órgãos que afetam a comunidade em que vive.","Natureza, ambientes e qualidade de vida",Gestão pública da qualidade de vida,CURRICULO_REFERENCIA_MS_EF_V1_10,CURRICULO_COMPLETO,CURRICULO_REFERENCIA_MS_EF_V1_10,668
EF_AI,EF1,CURRICULAR,História,HIS,MS.EF01HI01.s.01,Identificar aspectos do seu crescimento por meio do registro das lembranças particulares ou de lembranças dos membros de sua família e/ou de sua comunidade.,Mundo pessoal: meu lugar no mundo,"As fases da vida e a ideia de temporalidade (passado, presente, futuro)",CURRICULO_REFERENCIA_MS_EF_V1_10,CURRICULO_COMPLETO,CURRICULO_REFERENCIA_MS_EF_V1_10,693
EF_AI,EF1,CURRICULAR,História,HIS,MS.EF01HI02.s.02,Identificar a relação entre as suas histórias e as histórias de sua família e de sua comunidade.,Mundo pessoal: meu lugar no mundo,As diferentes formas de organização da família e da comunidade: os vínculos pessoais e as relações de amizade,CURRICULO_REFERENCIA_MS_EF_V1_10,CURRICULO_COMPLETO,CURRICULO_REFERENCIA_MS_EF_V1_10,693
EF_AI,EF1,CURRICULAR,História,HIS,MS.EF01HI03.s.03,"Descrever e distinguir os seus papéis e responsabilidades relacionados à família, à escola e à comunidade.",Mundo pessoal: meu lugar no mundo Unidades Temáticas,As diferentes formas de organização da família e da comunidade: os vínculos pessoais e as relações de amizade Objetos de Conhecimento,CURRICULO_REFERENCIA_MS_EF_V1_10,CURRICULO_COMPLETO,CURRICULO_REFERENCIA_MS_EF_V1_10,693
EF_AI,EF1,CURRICULAR,História,HIS,MS.EF01HI04.s.04,"Identificar as diferenças entre os variados ambientes em que vive (doméstico, escolar e da comunidade), reconhecendo as especificidades dos hábitos e das regras que os regem.",Mundo pessoal: meu lugar no mundo,A escola e a diversidade do grupo social envolvido,CURRICULO_REFERENCIA_MS_EF_V1_10,CURRICULO_COMPLETO,CURRICULO_REFERENCIA_MS_EF_V1_10,694
EF_AI,EF1,CURRICULAR,História,HIS,MS.EF01HI05.s.05,Identificar semelhanças e diferenças entre jogos e brincadeiras atuais e de outras épocas e lugares.,"Mundo pessoal: eu, meu grupo social e meu tempo","A vida em casa, a vida na escola e formas de representação social e espacial: os jogos e brincadeiras como forma de interação social e espacial",CURRICULO_REFERENCIA_MS_EF_V1_10,CURRICULO_COMPLETO,CURRICULO_REFERENCIA_MS_EF_V1_10,694
EF_AI,EF1,CURRICULAR,História,HIS,MS.EF01HI06.s.06,Conhecer as histórias da família e da escola e identificar o papel desempenhado por diferentes sujeitos em diferentes espaços.,"Mundo pessoal: eu, meu grupo social e meu tempo Unidades Temáticas",A vida em família: diferentes configurações e vínculos Objetos de Conhecimento,CURRICULO_REFERENCIA_MS_EF_V1_10,CURRICULO_COMPLETO,CURRICULO_REFERENCIA_MS_EF_V1_10,694
EF_AI,EF1,CURRICULAR,História,HIS,MS.EF01HI07.s.07,Identificar mudanças e permanências nas formas de organização familiar.,"Mundo pessoal: eu, meu grupo social e meu tempo",A vida em família: diferentes configurações e vínculos,CURRICULO_REFERENCIA_MS_EF_V1_10,CURRICULO_COMPLETO,CURRICULO_REFERENCIA_MS_EF_V1_10,695
EF_AI,EF1,CURRICULAR,História,HIS,MS.EF01HI08.s.08,"Reconhecer o significado das comemorações e festas escolares, diferenciando-as das datas festivas comemoradas no âmbito familiar ou da comunidade.","Mundo pessoal: eu, meu grupo social e meu tempo","A escola, sua representação espacial, sua história e seu papel na comunidade",CURRICULO_REFERENCIA_MS_EF_V1_10,CURRICULO_COMPLETO,CURRICULO_REFERENCIA_MS_EF_V1_10,695
EF_AI,EF2,CURRICULAR,História,HIS,MS.EF02HI01.s.01,Reconhecer espaços de sociabilidade e identificar os motivos que aproximam e separam as pessoas em diferentes grupos sociais ou de parentesco.,A comunidade e seus registros,"A noção do “Eu” e do “Outro”: comunidade, convivências e interações entre pessoas",CURRICULO_REFERENCIA_MS_EF_V1_10,CURRICULO_COMPLETO,CURRICULO_REFERENCIA_MS_EF_V1_10,696
EF_AI,EF2,CURRICULAR,História,HIS,MS.EF02HI02.s.02,Identificar e descrever práticas e papéis sociais que as pessoas exercem em diferentes comunidades.,A comunidade e seus registros,"A noção do “Eu” e do “Outro”: comunidade, convivências e interações entre pessoas",CURRICULO_REFERENCIA_MS_EF_V1_10,CURRICULO_COMPLETO,CURRICULO_REFERENCIA_MS_EF_V1_10,696
EF_AI,EF2,CURRICULAR,História,HIS,MS.EF02HI03.s.03,"Selecionar situações cotidianas que remetam à percepção de mudança, pertencimento e memória.",A comunidade e seus registros Unidades Temáticas,"A noção do “Eu” e do “Outro”: comunidade, convivências e interações entre pessoas Objetos de Conhecimento",CURRICULO_REFERENCIA_MS_EF_V1_10,CURRICULO_COMPLETO,CURRICULO_REFERENCIA_MS_EF_V1_10,696
EF_AI,EF2,CURRICULAR,História,HIS,MS.EF02HI04.s.04,"Selecionar e compreender o significado de objetos e documentos pessoais como fontes de memórias e histórias nos âmbitos pessoal, familiar, escolar e comunitário.",A comunidade e seus registros,A noção do “Eu” e do “Outro”: registros ccc-de experiências pessoais e da comunidade no tempo e no espaço,CURRICULO_REFERENCIA_MS_EF_V1_10,CURRICULO_COMPLETO,CURRICULO_REFERENCIA_MS_EF_V1_10,697
EF_AI,EF2,CURRICULAR,História,HIS,MS.EF02HI05.s.05,"Selecionar objetos e documentos pessoais e de grupos próximos ao seu convívio e compreender sua função, seu uso e seu significado.",A comunidade e seus registros Unidades Temáticas,Formas de registrar e narrar histórias (marcos de memória materiais e imateriais) Objetos de Conhecimento,CURRICULO_REFERENCIA_MS_EF_V1_10,CURRICULO_COMPLETO,CURRICULO_REFERENCIA_MS_EF_V1_10,697
EF_AI,EF2,CURRICULAR,História,HIS,MS.EF02HI06.s.06,"Identificar e organizar, temporalmente, fatos da vida cotidiana, usando noções relacionadas ao tempo (antes, durante, ao mesmo tempo e depois).",A comunidade e seus registros,O tempo como medida,CURRICULO_REFERENCIA_MS_EF_V1_10,CURRICULO_COMPLETO,CURRICULO_REFERENCIA_MS_EF_V1_10,698
EF_AI,EF2,CURRICULAR,História,HIS,MS.EF02HI07.s.07,"Identificar e utilizar diferentes marcadores do tempo presentes na comunidade, como relógio e calendário.",A comunidade e seus registros,O tempo como medida,CURRICULO_REFERENCIA_MS_EF_V1_10,CURRICULO_COMPLETO,CURRICULO_REFERENCIA_MS_EF_V1_10,698
EF_AI,EF2,CURRICULAR,História,HIS,MS.EF02HI08.s.08,Compilar histórias da família e/ou da comunidade registradas em diferentes fontes.,As formas de registrar as experiências da comunidade Unidades Temáticas,"As fontes: relatos orais, objetos, imagens (pinturas, fotografias, vídeos), músicas, escrita, tecnologias digitais de informação e comunicação e inscrições nas Objetos de Conhecimento paredes, ruas e espaços sociais",CURRICULO_REFERENCIA_MS_EF_V1_10,CURRICULO_COMPLETO,CURRICULO_REFERENCIA_MS_EF_V1_10,698
EF_AI,EF2,CURRICULAR,História,HIS,MS.EF02HI09.s.09,"Identificar objetos e documentos pessoais que remetam à própria experiência no âmbito da família e/ou da comunidade, discutindo as razões pelas quais alguns objetos são preservados e outros são descartados.",As formas de registrar as experiências da comunidade,"As fontes: relatos orais, objetos, imagens (pinturas, fotografias, vídeos), músicas, escrita, tecnologias digitais de informação e comunicação e inscrições nas paredes, ruas e espaços sociais",CURRICULO_REFERENCIA_MS_EF_V1_10,CURRICULO_COMPLETO,CURRICULO_REFERENCIA_MS_EF_V1_10,699
EF_AI,EF2,CURRICULAR,História,HIS,MS.EF02HI10.s.10,"Identificar diferentes formas de trabalho existentes na comunidade em que vive, seus significados, suas especificidades e importância.",O trabalho e a sustentabilidade na comunidade Unidades Temáticas,A sobrevivência e a relação com a natureza Objetos de Conhecimento,CURRICULO_REFERENCIA_MS_EF_V1_10,CURRICULO_COMPLETO,CURRICULO_REFERENCIA_MS_EF_V1_10,699
EF_AI,EF2,CURRICULAR,História,HIS,MS.EF02HI11.s.11,Identificar impactos no ambiente causados pelas diferentes formas de trabalho existentes na comunidade em que vive.,O trabalho e a sustentabilidade na comunidade,A sobrevivência e a relação com a natureza,CURRICULO_REFERENCIA_MS_EF_V1_10,CURRICULO_COMPLETO,CURRICULO_REFERENCIA_MS_EF_V1_10,700
EF_AI,EF3,CURRICULAR,História,HIS,MS.EF03HI01.s.01,"Identificar os grupos populacionais que formam a cidade, o município e a região, as relações estabelecidas entre eles e os eventos que marcam a formação da cidade, como fenômenos migratórios (vida rural/vida urbana), desmatamentos, estabelecimento de grandes empresas etc.",As pessoas e os grupos que compõem a cidade e o município Unidades Temáticas,"O “Eu”, o “Outro” e os diferentes grupos sociais e étnicos que compõem a cidade e os municípios: os desafios sociais, culturais e ambientais do lugar onde vive Objetos de Conhecimento",CURRICULO_REFERENCIA_MS_EF_V1_10,CURRICULO_COMPLETO,CURRICULO_REFERENCIA_MS_EF_V1_10,700
EF_AI,EF3,CURRICULAR,História,HIS,MS.EF03HI02.s.02,"Selecionar, por meio da consulta de fontes de diferentes naturezas, e registrar acontecimentos ocorridos ao longo do tempo na cidade ou região em que vive.",As pessoas e os grupos que compõem a cidade e o município Unidades Temáticas,"O “Eu”, o “Outro” e os diferentes grupos sociais e étnicos que compõem a cidade e os municípios: os desafios sociais, culturais e ambientais do lugar onde vive Objetos de Conhecimento",CURRICULO_REFERENCIA_MS_EF_V1_10,CURRICULO_COMPLETO,CURRICULO_REFERENCIA_MS_EF_V1_10,701
EF_AI,EF3,CURRICULAR,História,HIS,MS.EF03HI03.s.03,"Identificar e comparar pontos de vista em relação a eventos significativos do local em que vive, aspectos relacionados a condições sociais e à presença de diferentes grupos sociais e culturais, com especial destaque para as culturas africanas, indígenas e de migrantes.",As pessoas e os grupos que compõem a cidade e o município Unidades Temáticas,"O “Eu”, o “Outro” e os diferentes grupos sociais e étnicos que compõem a cidade e os municípios: os desafios sociais, culturais e ambientais do lugar onde vive Objetos de Conhecimento",CURRICULO_REFERENCIA_MS_EF_V1_10,CURRICULO_COMPLETO,CURRICULO_REFERENCIA_MS_EF_V1_10,702
EF_AI,EF3,CURRICULAR,História,HIS,MS.EF03HI04.s.04,"Identificar os patrimônios históricos e culturais de sua cidade ou região e discutir as razões culturais, sociais e políticas para que assim sejam considerados.",As pessoas e os grupos que compõem a cidade e o município,Os patrimônios históricos e culturais da cidade e/ou do município em que vive,CURRICULO_REFERENCIA_MS_EF_V1_10,CURRICULO_COMPLETO,CURRICULO_REFERENCIA_MS_EF_V1_10,703
EF_AI,EF3,CURRICULAR,História,HIS,MS.EF03HI05.s.05,Identificar os marcos históricos do lugar em que vive e compreender seus significados.,O lugar em que vive Unidades Temáticas,"A produção dos marcos da memória: os lugares de memória (ruas, praças, escolas, monumentos, museus etc.) Objetos de Conhecimento",CURRICULO_REFERENCIA_MS_EF_V1_10,CURRICULO_COMPLETO,CURRICULO_REFERENCIA_MS_EF_V1_10,703
EF_AI,EF3,CURRICULAR,História,HIS,MS.EF03HI06.s.06,"Identificar os registros de memória na cidade (nomes de ruas, monumentos, edifícios etc.), discutindo os critérios que explicam a escolha desses nomes.",O lugar em que vive,"A produção dos marcos da memória: os lugares de memória (ruas, praças, escolas, monumentos, museus etc.)",CURRICULO_REFERENCIA_MS_EF_V1_10,CURRICULO_COMPLETO,CURRICULO_REFERENCIA_MS_EF_V1_10,704
EF_AI,EF3,CURRICULAR,História,HIS,MS.EF03HI07.s.07,"Identificar semelhanças e diferenças existentes entre comunidades de sua cidade ou região, e descrever o papel dos diferentes grupos sociais que as formam.",O lugar em que vive Unidades Temáticas,A produção dos marcos da memória: formação cultural da população Objetos de Conhecimento,CURRICULO_REFERENCIA_MS_EF_V1_10,CURRICULO_COMPLETO,CURRICULO_REFERENCIA_MS_EF_V1_10,704
EF_AI,EF3,CURRICULAR,História,HIS,MS.EF03HI08.s.08,"Identificar modos de vida na cidade e no campo no presente, comparando-os com os do passado.",O lugar em que vive Unidades Temáticas,"A produção dos marcos da memória: a cidade e o campo, aproximações e diferenças Objetos de Conhecimento",CURRICULO_REFERENCIA_MS_EF_V1_10,CURRICULO_COMPLETO,CURRICULO_REFERENCIA_MS_EF_V1_10,705
EF_AI,EF3,CURRICULAR,História,HIS,MS.EF03HI09.s.09,"Mapear os espaços públicos no lugar em que vive (ruas, praças, escolas, hospitais, prédios da Prefeitura e da Câmara de Vereadores etc.) e identificar suas funções.",A noção de espaço público e privado,"A cidade, seus espaços públicos e privados e suas áreas de conservação ambiental",CURRICULO_REFERENCIA_MS_EF_V1_10,CURRICULO_COMPLETO,CURRICULO_REFERENCIA_MS_EF_V1_10,706
EF_AI,EF3,CURRICULAR,História,HIS,MS.EF03HI10.s.10,"Identificar as diferenças entre o espaço doméstico, os espaços públicos e as áreas de conservação ambiental, compreendendo a importância dessa distinção.",A noção de espaço público e privado Unidades Temáticas,"A cidade, seus espaços públicos e privados e suas áreas de conservação ambiental Objetos de Conhecimento",CURRICULO_REFERENCIA_MS_EF_V1_10,CURRICULO_COMPLETO,CURRICULO_REFERENCIA_MS_EF_V1_10,706
EF_AI,EF3,CURRICULAR,História,HIS,MS.EF03HI11.s.11,"Identificar diferenças entre formas de trabalho realizadas na cidade e no campo, considerando também o uso da tecnologia nesses diferentes contextos.",A noção de espaço público e privado,"A cidade e suas atividades: trabalho, cultura e lazer",CURRICULO_REFERENCIA_MS_EF_V1_10,CURRICULO_COMPLETO,CURRICULO_REFERENCIA_MS_EF_V1_10,707
EF_AI,EF3,CURRICULAR,História,HIS,MS.EF03HI12.s.12,"Comparar as relações de trabalho e lazer do presente com as de outros tempos e espaços, analisando mudanças e permanências. HISTÓRIA- 4° ANO",A noção de espaço público e privado Unidades Temáticas Unidades Temáticas,"A cidade e suas atividades: trabalho, cultura e lazer Objetos de Conhecimento Objetos de Conhecimento",CURRICULO_REFERENCIA_MS_EF_V1_10,CURRICULO_COMPLETO,CURRICULO_REFERENCIA_MS_EF_V1_10,707
EF_AI,EF3,CURRICULAR,História,HIS,MS.EF04HI00.n.12,"Analisar, na sociedade Sulmato-grossense o fenômeno da confluência de diferentes grupos étnicos, associados à ondas migratórias (interna e internacional), e compreender a influência do intercâmbio com países vizinhos.",As questões históricas relativas às migrações,Os processos migratórios na história de Mato Grosso do Sul: a formação de sua identidade e suas características regionais.,CURRICULO_REFERENCIA_MS_EF_V1_10,CURRICULO_COMPLETO,CURRICULO_REFERENCIA_MS_EF_V1_10,714
EF_AI,EF3,CURRICULAR,História,HIS,MS.EF04HI01.s.01,"Reconhecer a história como resultado da ação do ser humano no tempo e no espaço, com base na identificação de mudanças e permanências ao longo do tempo.",Transformações e permanências nas trajetórias dos grupos humanos,"A ação das pessoas, grupos sociais e comunidades no tempo e no espaço: nomadismo, agricultura, escrita, navegações, indústria, entre outras.",CURRICULO_REFERENCIA_MS_EF_V1_10,CURRICULO_COMPLETO,CURRICULO_REFERENCIA_MS_EF_V1_10,708
EF_AI,EF3,CURRICULAR,História,HIS,MS.EF04HI02.s.02,"Identificar mudanças e permanências ao longo do tempo, discutindo os sentidos dos grandes marcos da história da humanidade (nomadismo, desenvolvimento da HISTÓRIA- 4° ANO agricultura e do pastoreio, criação da indústria etc.).",Transformações e permanências nas trajetórias dos grupos humanos Unidades Temáticas,"A ação das pessoas, grupos sociais e comunidades no tempo e no espaço: nomadismo, agricultura, escrita, navegações, indústria, entre outras. Objetos de Conhecimento",CURRICULO_REFERENCIA_MS_EF_V1_10,CURRICULO_COMPLETO,CURRICULO_REFERENCIA_MS_EF_V1_10,708
EF_AI,EF3,CURRICULAR,História,HIS,MS.EF04HI03.s.03,"Identificar as transformações ocorridas na cidade ao longo do tempo e discutir suas interferências nos modos de vida de seus habitantes, tomando como ponto de partida o presente.",Transformações e permanências nas trajetórias dos grupos humanos,O passado e o presente: a noção de permanência e as lentas transformações sociais e culturais,CURRICULO_REFERENCIA_MS_EF_V1_10,CURRICULO_COMPLETO,CURRICULO_REFERENCIA_MS_EF_V1_10,709
EF_AI,EF3,CURRICULAR,História,HIS,MS.EF04HI04.s.04,Identificar as relações entre os indivíduos e a natureza e discutir o significado do nomadismo e da fixação das primeiras comunidades humanas. HISTÓRIA- 4° ANO,"Circulação de pessoas, produtos e culturas Unidades Temáticas",A circulação de pessoas e as transformações no meio natural Objetos de Conhecimento,CURRICULO_REFERENCIA_MS_EF_V1_10,CURRICULO_COMPLETO,CURRICULO_REFERENCIA_MS_EF_V1_10,709
EF_AI,EF3,CURRICULAR,História,HIS,MS.EF04HI05.s.05,"Relacionar os processos de ocupação do campo a intervenções na natureza, avaliando os resultados dessas intervenções.","Circulação de pessoas, produtos e culturas",A circulação de pessoas e as transformações no meio natural,CURRICULO_REFERENCIA_MS_EF_V1_10,CURRICULO_COMPLETO,CURRICULO_REFERENCIA_MS_EF_V1_10,710
EF_AI,EF3,CURRICULAR,História,HIS,MS.EF04HI06.s.06,"Identificar as transformações ocorridas nos processos de deslocamento das pessoas e mercadorias, analisando as formas de adaptação ou marginalização. HISTÓRIA- 4° ANO","Circulação de pessoas, produtos e culturas Unidades Temáticas",A invenção do comércio e a circulação de produtos Objetos de Conhecimento,CURRICULO_REFERENCIA_MS_EF_V1_10,CURRICULO_COMPLETO,CURRICULO_REFERENCIA_MS_EF_V1_10,710
EF_AI,EF3,CURRICULAR,História,HIS,MS.EF04HI07.s.07,"Identificar e descrever a importância dos caminhos terrestres, fluviais e marítimos para a dinâmica da vida comercial. HISTÓRIA- 4° ANO","Circulação de pessoas, produtos e culturas Unidades Temáticas","As rotas terrestres, fluviais e marítimas e seus impactos para a formação de cidades e as transformações do meio natural Objetos de Conhecimento",CURRICULO_REFERENCIA_MS_EF_V1_10,CURRICULO_COMPLETO,CURRICULO_REFERENCIA_MS_EF_V1_10,711
EF_AI,EF3,CURRICULAR,História,HIS,MS.EF04HI08.s.08,"Identificar as transformações ocorridas nos meios de comunicação (cultura oral, imprensa, rádio, televisão, cinema, internet e demais tecnologias digitais de informação e comunicação) e discutir seus significados para os diferentes grupos ou estratos sociais.","Circulação de pessoas, produtos e culturas",O mundo da tecnologia: a integração de pessoas e as exclusões sociais e culturais,CURRICULO_REFERENCIA_MS_EF_V1_10,CURRICULO_COMPLETO,CURRICULO_REFERENCIA_MS_EF_V1_10,712
EF_AI,EF3,CURRICULAR,História,HIS,MS.EF04HI09.s.09,Identificar as motivações dos processos migratórios em diferentes tempos e espaços e avaliar o papel desempenhado pela migração nas regiões de destino. HISTÓRIA- 4° ANO,As questões históricas relativas às migrações Unidades Temáticas,O surgimento da espécie humana no continente africano e sua expansão pelo mundo Objetos de Conhecimento,CURRICULO_REFERENCIA_MS_EF_V1_10,CURRICULO_COMPLETO,CURRICULO_REFERENCIA_MS_EF_V1_10,712
EF_AI,EF3,CURRICULAR,História,HIS,MS.EF04HI10.s.10,Analisar diferentes fluxos populacionais e suas contribuições para a formação da sociedade brasileira.,As questões históricas relativas às migrações,"Os processos migratórios para a formação do Brasil: os grupos indígenas, a presença portuguesa e a diáspora forçada dos africanos Os processos migratórios do final do século XIX e início do século XX no Brasil As dinâmicas internas de migração no Brasil a partir dos anos Os processos",CURRICULO_REFERENCIA_MS_EF_V1_10,CURRICULO_COMPLETO,CURRICULO_REFERENCIA_MS_EF_V1_10,713
EF_AI,EF3,CURRICULAR,História,HIS,MS.EF04HI11.s.11,"Analisar, na sociedade em que vive, a existência ou não de mudanças associadas à migração (interna e internacional). HISTÓRIA- 4° ANO",As questões históricas relativas às migrações Unidades Temáticas,"Os processos migratórios para a formação do Brasil: os grupos indígenas, a presença portuguesa e a diáspora forçada dos africanos. Os processos migratórios do final do século XIX e início do século XX no Brasil. As dinâmicas internas de migração no Brasil a partir dos anos 1960 Objetos de Conhecimento",CURRICULO_REFERENCIA_MS_EF_V1_10,CURRICULO_COMPLETO,CURRICULO_REFERENCIA_MS_EF_V1_10,713
EF_AI,EF5,CURRICULAR,História,HIS,MS.EF05HI01.s.01,"Identificar os processos de formação das culturas e dos povos, relacionando-os com o espaço geográfico ocupado.",Povos e culturas: meu lugar no mundo e meu grupo social Unidades Temáticas,O que forma um povo: do nomadismo aos primeiros povos sedentarizados Objetos de Conhecimento,CURRICULO_REFERENCIA_MS_EF_V1_10,CURRICULO_COMPLETO,CURRICULO_REFERENCIA_MS_EF_V1_10,714
EF_AI,EF5,CURRICULAR,História,HIS,MS.EF05HI02.s.02,Identificar os mecanismos de organização do poder político com vistas à compreensão da ideia de Estado e/ou de outras formas de ordenação social.,Povos e culturas: meu lugar no mundo e meu grupo social,As formas de organização social e política: a noção de Estado,CURRICULO_REFERENCIA_MS_EF_V1_10,CURRICULO_COMPLETO,CURRICULO_REFERENCIA_MS_EF_V1_10,715
EF_AI,EF5,CURRICULAR,História,HIS,MS.EF05HI03.s.03,Analisar o papel das culturas e das religiões na composição identitária dos povos antigos.,Povos e culturas: meu lugar no mundo e meu grupo social Unidades Temáticas,O papel das religiões e da cultura para a formação dos povos antigos Objetos de Conhecimento,CURRICULO_REFERENCIA_MS_EF_V1_10,CURRICULO_COMPLETO,CURRICULO_REFERENCIA_MS_EF_V1_10,715
EF_AI,EF5,CURRICULAR,História,HIS,MS.EF05HI04.s.04,"Associar a noção de cidadania com os princípios de respeito à diversidade, à pluralidade e aos direitos humanos.",Povos e culturas: meu lugar no mundo e meu grupo social,"Cidadania, diversidade cultural e respeito às diferenças sociais, culturais e históricas",CURRICULO_REFERENCIA_MS_EF_V1_10,CURRICULO_COMPLETO,CURRICULO_REFERENCIA_MS_EF_V1_10,716
EF_AI,EF5,CURRICULAR,História,HIS,MS.EF05HI05.s.05,"Associar o conceito de cidadania à conquista de direitos dos povos e das sociedades, compreendendoo como conquista histórica.",Povos e culturas: meu lugar no mundo e meu grupo social Unidades Temáticas,"Cidadania, diversidade cultural e respeito às diferenças sociais, culturais e históricas Objetos de Conhecimento",CURRICULO_REFERENCIA_MS_EF_V1_10,CURRICULO_COMPLETO,CURRICULO_REFERENCIA_MS_EF_V1_10,716
EF_AI,EF5,CURRICULAR,História,HIS,MS.EF05HI06.s.06,"Comparar o uso de diferentes linguagens e tecnologias no processo de comunicação e avaliar os significados sociais, políticos e culturais atribuídos a elas.",Registros da história: linguagens e culturas Unidades Temáticas,"As tradições orais e a valorização da memória O surgimento da escrita e a noção de fonte para a transmissão de saberes, culturas e histórias Objetos de Conhecimento",CURRICULO_REFERENCIA_MS_EF_V1_10,CURRICULO_COMPLETO,CURRICULO_REFERENCIA_MS_EF_V1_10,717
EF_AI,EF5,CURRICULAR,História,HIS,MS.EF05HI07.s.07,"Identificar os processos de produção, hierarquização e difusão dos marcos de memória e discutir a presença e/ou a ausência de diferentes grupos que compõem a sociedade na nomeação desses marcos de memória.",Registros da história: linguagens e culturas,"As tradições orais e a valorização da memória O surgimento da escrita e a noção de fonte para a transmissão de saberes, culturas e histórias",CURRICULO_REFERENCIA_MS_EF_V1_10,CURRICULO_COMPLETO,CURRICULO_REFERENCIA_MS_EF_V1_10,718
EF_AI,EF5,CURRICULAR,História,HIS,MS.EF05HI08.s.08,"Identificar formas de marcação da passagem do tempo em distintas sociedades, incluindo os povos indígenas originários e os povos africanos.",Registros da história: linguagens e culturas Unidades Temáticas,"As tradições orais e a valorização da memória O surgimento da escrita e a noção de fonte para a transmissão de saberes, culturas e histórias Objetos de Conhecimento As tradições orais e a",CURRICULO_REFERENCIA_MS_EF_V1_10,CURRICULO_COMPLETO,CURRICULO_REFERENCIA_MS_EF_V1_10,718
EF_AI,EF5,CURRICULAR,História,HIS,MS.EF05HI09.s.09,"Comparar pontos de vista sobre temas que impactam a vida cotidiana no tempo presente, por meio do acesso a diferentes fontes, incluindo orais.",Registros da história: linguagens e culturas Unidades Temáticas,"As tradições orais e a valorização da memória. O surgimento da escrita e a noção de fonte para a transmissão de saberes, culturas e histórias Objetos de Conhecimento",CURRICULO_REFERENCIA_MS_EF_V1_10,CURRICULO_COMPLETO,CURRICULO_REFERENCIA_MS_EF_V1_10,719
EF_AI,EF5,CURRICULAR,História,HIS,MS.EF05HI10.s.10,Inventariar os patrimônios materiais e imateriais da humanidade e analisar mudanças e permanências desses patrimônios ao longo do tempo.,Registros da história: linguagens e culturas,Os patrimônios materiais e imateriais da humanidade,CURRICULO_REFERENCIA_MS_EF_V1_10,CURRICULO_COMPLETO,CURRICULO_REFERENCIA_MS_EF_V1_10,720
EF_AI,EF1,CURRICULAR,Língua Espanhola,LE,MS.EF01LE00.n.01,"Interagir em Língua Espanhola fazendo uso da repetição de sons e vocábulos, tais como: Los saludos, los colores, los números ( 0-10) , la família, los juguetes y cuerpo humano de modo a criar vínculo com a língua em questão",Interação discursiva,Vocabulários cotidianos,CURRICULO_REFERENCIA_MS_EF_V1_10,CURRICULO_COMPLETO,CURRICULO_REFERENCIA_MS_EF_V1_10,421
EF_AI,EF1,CURRICULAR,Língua Espanhola,LE,MS.EF01LE00.n.02,"Propiciar repertório sociocultural com uso de imagens, flashcards a fim de ampliar vocabulário.",Interação discursiva,Repertório sociocultural,CURRICULO_REFERENCIA_MS_EF_V1_10,CURRICULO_COMPLETO,CURRICULO_REFERENCIA_MS_EF_V1_10,421
EF_AI,EF1,CURRICULAR,Língua Espanhola,LE,MS.EF01LE00.n.03,Compreender as expressões em língua espanhola utilizadas em salas de aula a fim de estimular a comunicação.,Interação discursiva,Funções e usos da língua espanhola em sala de aula,CURRICULO_REFERENCIA_MS_EF_V1_10,CURRICULO_COMPLETO,CURRICULO_REFERENCIA_MS_EF_V1_10,421
EF_AI,EF1,CURRICULAR,Língua Espanhola,LE,MS.EF01LE00.n.04,"Utilizar, em contexto lúdico, movimentos, gestos, olhares e mímicas em brincadeiras, jogos e atividades artísticas como dança, teatro de fantoches e música, de modo a interagir socialmente. LEITURA",Compreensão auditiva,"Estratégias de compreensão de vocábulos e sons, simultaneamente",CURRICULO_REFERENCIA_MS_EF_V1_10,CURRICULO_COMPLETO,CURRICULO_REFERENCIA_MS_EF_V1_10,421
EF_AI,EF1,CURRICULAR,Língua Espanhola,LE,MS.EF01LE00.n.05,"Analisar pequenos textos ou histórias literárias conhecidas na língua portuguesa buscando assimilá-las à língua espanhola para entendimento, compreensão e conhecimento das novas palavras. ESCRITA",Estratégias de leitura,Compreensão textual,CURRICULO_REFERENCIA_MS_EF_V1_10,CURRICULO_COMPLETO,CURRICULO_REFERENCIA_MS_EF_V1_10,421
EF_AI,EF1,CURRICULAR,Língua Espanhola,LE,MS.EF01LE00.n.06,"Vivenciar situações de uso da escrita percebendo a semelhança gráfica, à imagem e ao som. DIMENSÃO INTERCULTURAL",Estratégias de escrita Unidades Temáticas,Uso da linguagem Objetos de Conhecimento,CURRICULO_REFERENCIA_MS_EF_V1_10,CURRICULO_COMPLETO,CURRICULO_REFERENCIA_MS_EF_V1_10,421
EF_AI,EF1,CURRICULAR,Língua Espanhola,LE,MS.EF01LE00.n.07,"Utilizar as diferentes linguagens (corporal, musical, plástica, oral e escrita) ajustadas às diferentes intenções e situações de comunicação, de forma a compreender e ser compreendido",A língua espanhola no cotidiano da criança,Presença da língua espanhola como dimensão intercultural,CURRICULO_REFERENCIA_MS_EF_V1_10,CURRICULO_COMPLETO,CURRICULO_REFERENCIA_MS_EF_V1_10,422
EF_AI,EF2,CURRICULAR,Língua Espanhola,LE,MS.EF02LE00.n.01,"Recordar por meio de revisão oral, leitura e de escrita, o conteúdo assimilado durante o ano letivo anterior para aprimoramento da língua. ORALIDADE",A língua espanhola no cotidiano da criança,Repertório sociocultural,CURRICULO_REFERENCIA_MS_EF_V1_10,CURRICULO_COMPLETO,CURRICULO_REFERENCIA_MS_EF_V1_10,422
EF_AI,EF2,CURRICULAR,Língua Espanhola,LE,MS.EF02LE00.n.02,"Interagir em Língua espanhola, fazendo uso da repetição de sons e vocábulos, tais como: mi escuela, los números ( 0-30), los aninales y donde viven, vivendas y partes de uma casa, ésta es mi casa, medios de transporte, mi ciudad y el paisaje, de modo a criar vínculo com a língua em questão.",Interação discursiva,Vocabulários cotidianos,CURRICULO_REFERENCIA_MS_EF_V1_10,CURRICULO_COMPLETO,CURRICULO_REFERENCIA_MS_EF_V1_10,422
EF_AI,EF2,CURRICULAR,Língua Espanhola,LE,MS.EF02LE00.n.03,"Utilizar repertório sociocultural por meio de vocabulários e situações que envolvam interação discursiva com o uso de imagens, flashcards a fim de construir novos conhecimentos.",Interação discursiva Unidades Temáticas,Repertório sociocultural Objetos de Conhecimento,CURRICULO_REFERENCIA_MS_EF_V1_10,CURRICULO_COMPLETO,CURRICULO_REFERENCIA_MS_EF_V1_10,422
EF_AI,EF2,CURRICULAR,Língua Espanhola,LE,MS.EF02LE00.n.04,Utilizar as expressões em língua espanhola compreendidas em salas de aula a fim de estimular a comunicação.,Interação discursiva,Funções e usos da língua Espanhola em sala de aula,CURRICULO_REFERENCIA_MS_EF_V1_10,CURRICULO_COMPLETO,CURRICULO_REFERENCIA_MS_EF_V1_10,423
EF_AI,EF2,CURRICULAR,Língua Espanhola,LE,MS.EF02LE00.n.05,"Cantar cantigas e canções em língua espanhola, obedecendo ao ritmo e à melodia.",Interação discursiva,Produção de texto oral,CURRICULO_REFERENCIA_MS_EF_V1_10,CURRICULO_COMPLETO,CURRICULO_REFERENCIA_MS_EF_V1_10,423
EF_AI,EF2,CURRICULAR,Língua Espanhola,LE,MS.EF02LE00.n.06,"Utilizar, em contexto lúdico (jogos e atividades artísticas, teatro de fantoches e música), movimentos, gestos, olhares e mímicas, de modo a interagir socialmente. LEITURA",Compreensão auditiva,"Estratégias de compreensão de vocábulos e sons, simultaneamente",CURRICULO_REFERENCIA_MS_EF_V1_10,CURRICULO_COMPLETO,CURRICULO_REFERENCIA_MS_EF_V1_10,423
EF_AI,EF2,CURRICULAR,Língua Espanhola,LE,MS.EF02LE00.n.07,"Planejar e produzir, em colaboração com os colegas, pequenos relatos utilizando o vocabulário estudado.",Estratégias de leitura,Compreensão textual,CURRICULO_REFERENCIA_MS_EF_V1_10,CURRICULO_COMPLETO,CURRICULO_REFERENCIA_MS_EF_V1_10,423
EF_AI,EF2,CURRICULAR,Língua Espanhola,LE,MS.EF02LE00.n.08,"Apreciar poemas e outros textos versificados, observando rimas, sonoridades, jogos de palavras, reconhecendo seu pertencimento ao mundo imaginário e sua dimensão de encantamento, jogo e fruição. ESCRITA",Leitura literária,Apreciação estética,CURRICULO_REFERENCIA_MS_EF_V1_10,CURRICULO_COMPLETO,CURRICULO_REFERENCIA_MS_EF_V1_10,423
EF_AI,EF2,CURRICULAR,Língua Espanhola,LE,MS.EF02LE00.n.09,Vivenciar situações de uso da escrita percebendo a semelhança gráfica à imagem. CONHECIMENTOS LINGUÍSTICOS,Estratégias de pré-escrita,Uso da linguagem,CURRICULO_REFERENCIA_MS_EF_V1_10,CURRICULO_COMPLETO,CURRICULO_REFERENCIA_MS_EF_V1_10,423
EF_AI,EF2,CURRICULAR,Língua Espanhola,LE,MS.EF02LE00.n.10,Nomear as letras do alfabeto e recitá-lo na ordem das letras.,Gramática Unidades Temáticas,Alfabeto Objetos de Conhecimento,CURRICULO_REFERENCIA_MS_EF_V1_10,CURRICULO_COMPLETO,CURRICULO_REFERENCIA_MS_EF_V1_10,423
EF_AI,EF2,CURRICULAR,Língua Espanhola,LE,MS.EF02LE00.n.11,"Indicar atributos para colegas, família e objetos em língua espanhola, como forma de associação. DIMENSÃO INTERCULTURAL",Gramática,Adjetivos,CURRICULO_REFERENCIA_MS_EF_V1_10,CURRICULO_COMPLETO,CURRICULO_REFERENCIA_MS_EF_V1_10,424
EF_AI,EF2,CURRICULAR,Língua Espanhola,LE,MS.EF02LE00.n.12,"Utilizar as diferentes linguagens (corporal, musical, plástica, oral e escrita) ajustadas às diferentes intenções e situações de comunicação, de forma a compreender e ser compreendido",A língua espanhola no cotidiano da criança,"Presença da língua espanhola no cotidiano, conforme a faixa etária",CURRICULO_REFERENCIA_MS_EF_V1_10,CURRICULO_COMPLETO,CURRICULO_REFERENCIA_MS_EF_V1_10,424
EF_AI,EF3,CURRICULAR,Língua Espanhola,LE,MS.EF03LE00.n.01,"Recordar por meio de revisão oral, escrita e de leitura, o conteúdo aprendido durante o ano letivo anterior para aprimoramento. ORALIDADE",A língua espanhola no cotidiano da criança,Repertório sociocultural,CURRICULO_REFERENCIA_MS_EF_V1_10,CURRICULO_COMPLETO,CURRICULO_REFERENCIA_MS_EF_V1_10,424
EF_AI,EF3,CURRICULAR,Língua Espanhola,LE,MS.EF03LE00.n.02,"Interagir em Língua Espanhola fazendo uso da repetição de sons e vocábulos, tais como: La fiesta de cumpleaños, los días de la semana, meses del año, estaciones del año ,las horas (enteras), las profesiones, los números ( 0-50), el vestuário y el viaje de modo a criar vínculo com a língua em questão.",Interação discursiva,Vocabulários cotidianos,CURRICULO_REFERENCIA_MS_EF_V1_10,CURRICULO_COMPLETO,CURRICULO_REFERENCIA_MS_EF_V1_10,424
EF_AI,EF3,CURRICULAR,Língua Espanhola,LE,MS.EF03LE00.n.03,Utilizar o Calendário diário de sala para contextualizar vocábulos e expressões em Espanhol,Interação discursiva Unidades Temáticas,"Dias da semana, Meses do ano, Horário escolar Objetos de Conhecimento",CURRICULO_REFERENCIA_MS_EF_V1_10,CURRICULO_COMPLETO,CURRICULO_REFERENCIA_MS_EF_V1_10,424
EF_AI,EF3,CURRICULAR,Língua Espanhola,LE,MS.EF03LE00.n.04,"Propiciar repertório sociocultural por meio de pequenos diálogos e com uso de imagens, flashcards a fim de ampliar seu vocabulário.",Interação discursiva,Repertório sociocultural,CURRICULO_REFERENCIA_MS_EF_V1_10,CURRICULO_COMPLETO,CURRICULO_REFERENCIA_MS_EF_V1_10,425
EF_AI,EF3,CURRICULAR,Língua Espanhola,LE,MS.EF03LE00.n.05,Utilizar as expressões em língua espanhola em sala de aula para conversas formais e informais.,Interação discursiva,Funções e usos da língua espanhola em sala de aula,CURRICULO_REFERENCIA_MS_EF_V1_10,CURRICULO_COMPLETO,CURRICULO_REFERENCIA_MS_EF_V1_10,425
EF_AI,EF3,CURRICULAR,Língua Espanhola,LE,MS.EF03LE00.n.06,"Utilizar, em contexto lúdico, movimentos, gestos, olhares e mímicas em brincadeiras, jogos e atividades artísticas como dança, teatro de fantoches e música, de modo a interagir socialmente. LEITURA",Compreensão auditiva,"Estratégias de compreensão de vocábulos e sons, simultaneamente",CURRICULO_REFERENCIA_MS_EF_V1_10,CURRICULO_COMPLETO,CURRICULO_REFERENCIA_MS_EF_V1_10,425
EF_AI,EF3,CURRICULAR,Língua Espanhola,LE,MS.EF03LE00.n.07,"Analisar lendas e textos de países da América do Sul buscando assimilá-las para entendimento, compreensão e conhecimento das novas palavras.",Estratégias de leitura,Compreensão textual,CURRICULO_REFERENCIA_MS_EF_V1_10,CURRICULO_COMPLETO,CURRICULO_REFERENCIA_MS_EF_V1_10,425
EF_AI,EF3,CURRICULAR,Língua Espanhola,LE,MS.EF03LE00.n.08,"Identificar elementos de uma narrativa lida, ou escutada, incluindo personagens, enredo, tempo e espaço. ESCRITA",Estratégias de leitura,Compreensão textual,CURRICULO_REFERENCIA_MS_EF_V1_10,CURRICULO_COMPLETO,CURRICULO_REFERENCIA_MS_EF_V1_10,425
EF_AI,EF3,CURRICULAR,Língua Espanhola,LE,MS.EF03LE00.n.09,Criar o Calendário diário de sala para contextualizar vocábulos e expressões em Espanhol,Práticas de escrita,"Dias da semana, Meses do ano, Horário escolar",CURRICULO_REFERENCIA_MS_EF_V1_10,CURRICULO_COMPLETO,CURRICULO_REFERENCIA_MS_EF_V1_10,425
EF_AI,EF3,CURRICULAR,Língua Espanhola,LE,MS.EF03LE00.n.10,"Identificar e utilizar corretamente o vocabulário oferecido, aplicando-o em contextos de atividades escritas. CONHECIMENTOS LINGUÍSTICOS",Estratégias de escrita Unidades Temáticas,Uso da linguagem Objetos de Conhecimento,CURRICULO_REFERENCIA_MS_EF_V1_10,CURRICULO_COMPLETO,CURRICULO_REFERENCIA_MS_EF_V1_10,425
EF_AI,EF3,CURRICULAR,Língua Espanhola,LE,MS.EF03LE00.n.11,Identificar e utilizar os valores numéricos para aplicá-los em contextos diversos.,Gramática,Números de 0 a 50,CURRICULO_REFERENCIA_MS_EF_V1_10,CURRICULO_COMPLETO,CURRICULO_REFERENCIA_MS_EF_V1_10,426
EF_AI,EF3,CURRICULAR,Língua Espanhola,LE,MS.EF03LE00.n.12,"Indicar e fornecer dados que permitem responder à pergunta de sobre quando decorreu, decorre ou decorrerá a ação.",Gramática,Advérbios de Tempo,CURRICULO_REFERENCIA_MS_EF_V1_10,CURRICULO_COMPLETO,CURRICULO_REFERENCIA_MS_EF_V1_10,426
EF_AI,EF3,CURRICULAR,Língua Espanhola,LE,MS.EF03LE00.n.13,"Empregar, de forma inteligível, os verbos ser y estar para descrever rotinas. DIMENSÃO INTERCULTURAL",Gramática,Verbos Ser e Estar,CURRICULO_REFERENCIA_MS_EF_V1_10,CURRICULO_COMPLETO,CURRICULO_REFERENCIA_MS_EF_V1_10,426
EF_AI,EF3,CURRICULAR,Língua Espanhola,LE,MS.EF03LE00.n.14,"Utilizar as diferentes linguagens (corporal, musical, plástica, oral e escrita) ajustadas às diferentes intenções e situações de comunicação, de forma a compreender e ser compreendido.",A Língua Espanhola no cotidiano da criança,"Presença da língua espanhola no cotidiano, conforme a faixa etária",CURRICULO_REFERENCIA_MS_EF_V1_10,CURRICULO_COMPLETO,CURRICULO_REFERENCIA_MS_EF_V1_10,426
EF_AI,EF4,CURRICULAR,Língua Espanhola,LE,MS.EF04LE00.n. 01,"Recordar por meio de revisão oral, escrita e de leitura, o conteúdo aprendido durante o ano letivo anterior para aprimoramento. ORALIDADE",A língua espanhola no cotidiano da criança Unidades Temáticas,Repertório sociocultural Objetos de Conhecimento,CURRICULO_REFERENCIA_MS_EF_V1_10,CURRICULO_COMPLETO,CURRICULO_REFERENCIA_MS_EF_V1_10,426
EF_AI,EF4,CURRICULAR,Língua Espanhola,LE,MS.EF04LE00.n. 02,"Interagir em Língua Espanhola fazendo uso da repetição de sons e vocábulos, tais como: Los deportes, los alimentos,las bebidas, la cena, los numerales (0 a 100) y las horas, sitios de una ciudad, ir de compras y cumpleaños feliz, de modo a criar vínculo com a língua em questão.",Interação discursiva,Vocabulários cotidianos,CURRICULO_REFERENCIA_MS_EF_V1_10,CURRICULO_COMPLETO,CURRICULO_REFERENCIA_MS_EF_V1_10,427
EF_AI,EF4,CURRICULAR,Língua Espanhola,LE,MS.EF04LE00.n. 03,"Utilizar os conteúdos já estudados nos anos anteriores, fim de socializar informações pessoais.",Interação discursiva,Información Personal,CURRICULO_REFERENCIA_MS_EF_V1_10,CURRICULO_COMPLETO,CURRICULO_REFERENCIA_MS_EF_V1_10,427
EF_AI,EF4,CURRICULAR,Língua Espanhola,LE,MS.EF04LE00.n.04,"Propiciar repertório sociocultural por meio de pequenos diálogos, imagens, flashcards, textos e filmes a fim de ampliar vocabulário.",Interação discursiva,Repertório sociocultural,CURRICULO_REFERENCIA_MS_EF_V1_10,CURRICULO_COMPLETO,CURRICULO_REFERENCIA_MS_EF_V1_10,427
EF_AI,EF4,CURRICULAR,Língua Espanhola,LE,MS.EF04LE00.n.05,Utilizar as expressões em língua espanhola em sala de aula para conversas formais e informais e fazer pedidos de forma polida.,Interação discursiva,Funções e usos da língua Espanhola em sala de aula,CURRICULO_REFERENCIA_MS_EF_V1_10,CURRICULO_COMPLETO,CURRICULO_REFERENCIA_MS_EF_V1_10,427
EF_AI,EF4,CURRICULAR,Língua Espanhola,LE,MS.EF04LE00.n.06,"Assistir, em vídeo digital, à programas de culinária infantil e, a partir dele, planejar e produzir receitas em áudio ou vídeo.",Interação discursiva,Produção de texto oral,CURRICULO_REFERENCIA_MS_EF_V1_10,CURRICULO_COMPLETO,CURRICULO_REFERENCIA_MS_EF_V1_10,427
EF_AI,EF4,CURRICULAR,Língua Espanhola,LE,MS.EF04LE00.n.07,"Reconhecer os vocábulos cotidianos em diálogos e conversas, com apoio de imagens, textos e atividades lúdicas a fim de utilizá-los adequadamente de acordo com cada contexto. LEITURA",Compreensão oral,Estratégias de compreensão de vocabulários,CURRICULO_REFERENCIA_MS_EF_V1_10,CURRICULO_COMPLETO,CURRICULO_REFERENCIA_MS_EF_V1_10,427
EF_AI,EF4,CURRICULAR,Língua Espanhola,LE,MS.EF04LE00.n.08,"Analisar lendas e textos de países da América do Sul buscando assimilá-las para entendimento, compreensão e conhecimento das novas palavras. ESCRITA",Estratégias de leitura Unidades Temáticas,Compreensão textual Objetos de Conhecimento,CURRICULO_REFERENCIA_MS_EF_V1_10,CURRICULO_COMPLETO,CURRICULO_REFERENCIA_MS_EF_V1_10,427
EF_AI,EF4,CURRICULAR,Língua Espanhola,LE,MS.EF04LE00.n.09,Utilizar as expressões em língua espanhola em sala de aula para reproduzir conversas formais e informais e fazer pedidos de forma polida.,Prática de escrita,Funções e usos da língua espanhola em sala de aula,CURRICULO_REFERENCIA_MS_EF_V1_10,CURRICULO_COMPLETO,CURRICULO_REFERENCIA_MS_EF_V1_10,428
EF_AI,EF4,CURRICULAR,Língua Espanhola,LE,MS.EF04LE00.n.10,"Identificar e utilizar corretamente o vocabulário oferecido, aplicando-o em contextos de atividades escritas como pequenos diálogos e historinhas. CONHECIMENTOS LINGUÍSTICOS",Estratégia e prática de escrita,Uso da linguagem,CURRICULO_REFERENCIA_MS_EF_V1_10,CURRICULO_COMPLETO,CURRICULO_REFERENCIA_MS_EF_V1_10,428
EF_AI,EF4,CURRICULAR,Língua Espanhola,LE,MS.EF04LE00.n.11,Executar lateralidade de modo a nortear a si mesmo quanto a sua localização.,Gramática,Dirección,CURRICULO_REFERENCIA_MS_EF_V1_10,CURRICULO_COMPLETO,CURRICULO_REFERENCIA_MS_EF_V1_10,428
EF_AI,EF4,CURRICULAR,Língua Espanhola,LE,MS.EF04LE00.n.12,"Identificar e utilizar o verbo no presente de indicativo, para transmitir um acontecimento certo e real.",Gramática,Presente de indicativo,CURRICULO_REFERENCIA_MS_EF_V1_10,CURRICULO_COMPLETO,CURRICULO_REFERENCIA_MS_EF_V1_10,428
EF_AI,EF4,CURRICULAR,Língua Espanhola,LE,MS.EF04LE00.n.13,"Identificar e utilizar os substantivos, artigos e pronomes aplicando-os em contextos de atividades escritas como pequenos diálogos e historinhas .",Gramática,"Substantivo, artigo e pronome pessoal.",CURRICULO_REFERENCIA_MS_EF_V1_10,CURRICULO_COMPLETO,CURRICULO_REFERENCIA_MS_EF_V1_10,428
EF_AI,EF5,CURRICULAR,Língua Espanhola,LE,MS.EF05LE00.n. 03,Utilizar as expressões em língua espanhola em sala de aula para conversas formais e informais.,Interação discursiva,Funções e usos da língua espanhola em sala de aula,CURRICULO_REFERENCIA_MS_EF_V1_10,CURRICULO_COMPLETO,CURRICULO_REFERENCIA_MS_EF_V1_10,429
EF_AI,EF5,CURRICULAR,Língua Espanhola,LE,MS.EF05LE00.n.01,"Recordar por meio de revisão oral, escrita e de leitura, o conteúdo aprendido durante o ano letivo anterior para aprimoramento. ORALIDADE",A língua espanhola no cotidiano da criança Unidades Temáticas,Repertório sociocultural Objetos de Conhecimento,CURRICULO_REFERENCIA_MS_EF_V1_10,CURRICULO_COMPLETO,CURRICULO_REFERENCIA_MS_EF_V1_10,428
EF_AI,EF5,CURRICULAR,Língua Espanhola,LE,MS.EF05LE00.n.02,"Interagir em Língua espanhola, fazendo uso da repetição de sons e vocábulos, tais como: que ropa me pongo?, meteorologia, los medios de comunicación, el medio ambiente, fiestas populares , los deportes, los sentimentos, los números (0 a 200) , de modo a criar vínculo com a língua em questão.",Interação discursiva,Vocabulários cotidianos,CURRICULO_REFERENCIA_MS_EF_V1_10,CURRICULO_COMPLETO,CURRICULO_REFERENCIA_MS_EF_V1_10,429
EF_AI,EF5,CURRICULAR,Língua Espanhola,LE,MS.EF05LE00.n.04,"Propiciar repertório sociocultural por meio de pequenos diálogos, imagens, flashcards, textos e filmes a fim de ampliar vocabulário.",Interação discursiva,Repertório sociocultural,CURRICULO_REFERENCIA_MS_EF_V1_10,CURRICULO_COMPLETO,CURRICULO_REFERENCIA_MS_EF_V1_10,429
EF_AI,EF5,CURRICULAR,Língua Espanhola,LE,MS.EF05LE00.n.05,Utilizar as expressões em língua espanhola em sala de aula para conversas formais e informais.,Interação discursiva,Funções e usos da língua espanhola em sala de aula,CURRICULO_REFERENCIA_MS_EF_V1_10,CURRICULO_COMPLETO,CURRICULO_REFERENCIA_MS_EF_V1_10,429
EF_AI,EF5,CURRICULAR,Língua Espanhola,LE,MS.EF05LE00.n.06,"Assistir, em vídeo digital, a programa infantil com instrução de montagem, de jogos e brincadeiras e, a partir dele, planejar e produzir tutoriais em áudio ou vídeo.",Interação discursiva,Produção de texto oral,CURRICULO_REFERENCIA_MS_EF_V1_10,CURRICULO_COMPLETO,CURRICULO_REFERENCIA_MS_EF_V1_10,429
EF_AI,EF5,CURRICULAR,Língua Espanhola,LE,MS.EF05LE00.n.07,"Reconhecer os vocábulos cotidianos em diálogos e conversas, com apoio de imagens, textos e atividades lúdicas a fim de utilizá-los adequadamente de acordo com cada contexto.",Compreensão oral,Estratégias de compreensão de vocabulários,CURRICULO_REFERENCIA_MS_EF_V1_10,CURRICULO_COMPLETO,CURRICULO_REFERENCIA_MS_EF_V1_10,429
EF_AI,EF5,CURRICULAR,Língua Espanhola,LE,MS.EF05LE00.n.08,"Representar cenas de textos dramáticos, reproduzindo as falas das personagens, de acordo com as rubricas de interpretação e movimento indicadas pelo autor. LEITURA",Interação Performance discursiva Unidades Temáticas,Objetos de Conhecimento,CURRICULO_REFERENCIA_MS_EF_V1_10,CURRICULO_COMPLETO,CURRICULO_REFERENCIA_MS_EF_V1_10,429
EF_AI,EF5,CURRICULAR,Língua Espanhola,LE,MS.EF05LE00.n.09,"Analisar lendas e textos de países da América do Sul buscando assimilá-las para entendimento, compreensão e conhecimento das novas palavras. ESCRITA",Estratégias de leitura,Compreensão textual,CURRICULO_REFERENCIA_MS_EF_V1_10,CURRICULO_COMPLETO,CURRICULO_REFERENCIA_MS_EF_V1_10,430
EF_AI,EF5,CURRICULAR,Língua Espanhola,LE,MS.EF05LE00.n.10,Utilizar as expressões em língua espanhola em sala de aula para reproduzir conversas formais e informais e fazer pedidos de forma polida.,Prática de escrita,Funções e usos da língua espanhola em sala de aula,CURRICULO_REFERENCIA_MS_EF_V1_10,CURRICULO_COMPLETO,CURRICULO_REFERENCIA_MS_EF_V1_10,430
EF_AI,EF5,CURRICULAR,Língua Espanhola,LE,MS.EF05LE00.n.11,"Identificar e utilizar corretamente o vocabulário oferecido, aplicando-o em contextos de atividades escritas, como pequenos diálogos e historinhas. CONHECIMENTOS LINGUÍSTICOS",Estratégias de escrita,Uso da linguagem,CURRICULO_REFERENCIA_MS_EF_V1_10,CURRICULO_COMPLETO,CURRICULO_REFERENCIA_MS_EF_V1_10,430
EF_AI,EF5,CURRICULAR,Língua Espanhola,LE,MS.EF05LE00.n.12,Identificar e utilizar os valores numéricos para aplicá-los em contextos diversos.,Gramática,Números 0 até 200,CURRICULO_REFERENCIA_MS_EF_V1_10,CURRICULO_COMPLETO,CURRICULO_REFERENCIA_MS_EF_V1_10,430
EF_AI,EF5,CURRICULAR,Língua Espanhola,LE,MS.EF05LE00.n.13,"Conhecer e identificar os diferentes pronomes interrogativos, para perguntar a respeito de pessoas, objetos, lugares ou causas. DIMENSÃO INTERCULTURAL",Gramática,Pronombre interrogativo,CURRICULO_REFERENCIA_MS_EF_V1_10,CURRICULO_COMPLETO,CURRICULO_REFERENCIA_MS_EF_V1_10,430
EF_AI,EF5,CURRICULAR,Língua Espanhola,LE,MS.EF05LE00.n.14,Refletir sobre a presença da Língua espanhola nos diversos países como forma de valorização da língua em questão.,Interculturalidade,A Cultura da Língua espanhola nos diversos países,CURRICULO_REFERENCIA_MS_EF_V1_10,CURRICULO_COMPLETO,CURRICULO_REFERENCIA_MS_EF_V1_10,430
EF_AI,EF5,CURRICULAR,Língua Espanhola,LE,MS.EF05LE00.n.15,"Utilizar as diferentes linguagens (corporal, musical, plástica, oral e escrita) ajustadas às diferentes intenções e situações de comunicação, de forma a compreender e ser compreendido.",A língua espanhola no cotidiano da criança,"Presença da língua espanhola no cotidiano, conforme a faixa etária",CURRICULO_REFERENCIA_MS_EF_V1_10,CURRICULO_COMPLETO,CURRICULO_REFERENCIA_MS_EF_V1_10,430
EF_AI,EF1,CURRICULAR,Língua Inglesa,LI,MS.EF01LI00.n.01,"Interagir em Língua Inglesa fazendo uso da repetição de sons e vocábulos, tais como: greetings, weather, the alphabet, colors, school objects, numbers 1 to 10, family members, food, animals, birthday party, toys, shapes, playground, sports, de modo a criar vínculo com a língua em questão.",Interação discursiva,Vocabulários cotidianos,CURRICULO_REFERENCIA_MS_EF_V1_10,CURRICULO_COMPLETO,CURRICULO_REFERENCIA_MS_EF_V1_10,390
EF_AI,EF1,CURRICULAR,Língua Inglesa,LI,MS.EF01LI00.n.02,"Propiciar repertório sociocultural com uso de imagens, flashcards a fim de ampliar vocabulário.",Interação discursiva,Repertório sociocultural,CURRICULO_REFERENCIA_MS_EF_V1_10,CURRICULO_COMPLETO,CURRICULO_REFERENCIA_MS_EF_V1_10,390
EF_AI,EF1,CURRICULAR,Língua Inglesa,LI,MS.EF01LI00.n.03,Compreender as expressões em Língua Inglesa utilizadas em sala de aula a fim de estimular a comunicação.,Interação discursiva,Funções e usos da Língua Inglesa em sala de aula (Classroom language),CURRICULO_REFERENCIA_MS_EF_V1_10,CURRICULO_COMPLETO,CURRICULO_REFERENCIA_MS_EF_V1_10,390
EF_AI,EF1,CURRICULAR,Língua Inglesa,LI,MS.EF01LI00.n.04,"Utilizar, em contexto lúdico, movimentos, gestos e olhares em brincadeiras, jogos e atividades artísticas como dança, teatro de fantoches e música, de modo a interagir socialmente. LEITURA",Compreensão auditiva,"Estratégias de compreensão de vocábulos e sons, simultaneamente",CURRICULO_REFERENCIA_MS_EF_V1_10,CURRICULO_COMPLETO,CURRICULO_REFERENCIA_MS_EF_V1_10,390
EF_AI,EF1,CURRICULAR,Língua Inglesa,LI,MS.EF01LI00.n.05,"Fazer o uso de leitura imagética em textos ou histórias literárias conhecidas na Língua Portuguesa buscando assimilá-las à Língua Inglesa para entendimento, compreensão e conhecimento das novas palavras.","Estratégias de leitura, com mediação do professor Unidades Temáticas",Compreensão textual Objetos de Conhecimento,CURRICULO_REFERENCIA_MS_EF_V1_10,CURRICULO_COMPLETO,CURRICULO_REFERENCIA_MS_EF_V1_10,390
EF_AI,EF1,CURRICULAR,Língua Inglesa,LI,MS.EF01LI00.n.06,"Analisar os vocábulos cotidianos associando os respectivos nomes às cores, tamanhos e formatos, como forma de descrevê-los. ESCRITA",Leitura visual,Estratégias de classificação de substantivos,CURRICULO_REFERENCIA_MS_EF_V1_10,CURRICULO_COMPLETO,CURRICULO_REFERENCIA_MS_EF_V1_10,391
EF_AI,EF1,CURRICULAR,Língua Inglesa,LI,MS.EF01LI00.n.07,"Vivenciar situações de uso da escrita por meio de atividades lúdicas e informais além do uso de recurso midiáticos, percebendo a semelhança gráfica, à imagem e ao som. DIMENSÃO INTERCULTURAL",Estratégias de escrita,Uso da linguagem,CURRICULO_REFERENCIA_MS_EF_V1_10,CURRICULO_COMPLETO,CURRICULO_REFERENCIA_MS_EF_V1_10,391
EF_AI,EF1,CURRICULAR,Língua Inglesa,LI,MS.EF01LI00.n.08,"Utilizar as diferentes linguagens (corporal, musical, plástica, oral e escrita) ajustadas às intenções e situações de comunicação, de forma a compreender e ser compreendido",A Língua Inglesa no cotidiano da criança,Presença da Língua Inglesa como dimensão intercultural,CURRICULO_REFERENCIA_MS_EF_V1_10,CURRICULO_COMPLETO,CURRICULO_REFERENCIA_MS_EF_V1_10,391
EF_AI,EF2,CURRICULAR,Língua Inglesa,LI,MS.EF02LI00.n.01,"Recordar por meio de revisão oral, leitura e de escrita, o conteúdo assimilado durante o ano letivo anterior de modo a ampliar a dimensão intercultural. ORALIDADE",A Língua Inglesa no cotidiano da criança,Repertório sociocultural,CURRICULO_REFERENCIA_MS_EF_V1_10,CURRICULO_COMPLETO,CURRICULO_REFERENCIA_MS_EF_V1_10,391
EF_AI,EF2,CURRICULAR,Língua Inglesa,LI,MS.EF02LI00.n.010,"Indicar características a colegas, família e objetos em inglês para assimilação das qualidades. DIMENSÃO INTERCULTURAL",Gramática,Adjectives,CURRICULO_REFERENCIA_MS_EF_V1_10,CURRICULO_COMPLETO,CURRICULO_REFERENCIA_MS_EF_V1_10,393
EF_AI,EF2,CURRICULAR,Língua Inglesa,LI,MS.EF02LI00.n.02,"Interagir em Língua Inglesa, fazendo uso da repetição de sons e vocábulos, tais como: At the city, Transportation, Weather (season), Temperature, Food and drinks (lunch / dinner), Feelings, Professions, de modo a criar vínculo com a língua em questão",Interação discursiva Unidades Temáticas,Vocabulários cotidianos Objetos de Conhecimento,CURRICULO_REFERENCIA_MS_EF_V1_10,CURRICULO_COMPLETO,CURRICULO_REFERENCIA_MS_EF_V1_10,391
EF_AI,EF2,CURRICULAR,Língua Inglesa,LI,MS.EF02LI00.n.03,"Propiciar repertório sociocultural por meio de vocabulários e situações que envolvam interação discursiva com o uso de imagens, flashcards a fim de construir novos conhecimentos.",Interação discursiva,Repertório sociocultural,CURRICULO_REFERENCIA_MS_EF_V1_10,CURRICULO_COMPLETO,CURRICULO_REFERENCIA_MS_EF_V1_10,392
EF_AI,EF2,CURRICULAR,Língua Inglesa,LI,MS.EF02LI00.n.04,Utilizar as expressões em Língua Inglesa compreendidas em salas de aula a fim de estimular a comunicação.,Interação discursiva,Funções e usos da Língua Inglesa em sala de aula (Classroom language),CURRICULO_REFERENCIA_MS_EF_V1_10,CURRICULO_COMPLETO,CURRICULO_REFERENCIA_MS_EF_V1_10,392
EF_AI,EF2,CURRICULAR,Língua Inglesa,LI,MS.EF02LI00.n.05,"Utilizar, em contexto lúdico, movimentos, gestos e olhares em brincadeiras, jogos e atividades artísticas como dança, teatro de fantoches e música, de modo a interagir socialmente. LEITURA",Compreensão auditiva,"Estratégias de compreensão de vocábulos e sons, simultaneamente",CURRICULO_REFERENCIA_MS_EF_V1_10,CURRICULO_COMPLETO,CURRICULO_REFERENCIA_MS_EF_V1_10,392
EF_AI,EF2,CURRICULAR,Língua Inglesa,LI,MS.EF02LI00.n.06,"Analisar textos ou histórias literárias conhecidas na Língua Portuguesa buscando assimilá-las à Língua Inglesa para entendimento, compreensão e conhecimento das novas palavras.",Estratégias de leitura,Compreensão textual,CURRICULO_REFERENCIA_MS_EF_V1_10,CURRICULO_COMPLETO,CURRICULO_REFERENCIA_MS_EF_V1_10,392
EF_AI,EF2,CURRICULAR,Língua Inglesa,LI,MS.EF02LI00.n.07,Analisar os vocábulos voltados ao cotidiano com a finalidade de fazer leitura visual. ESCRITA,Leitura visual,Vocabulários cotidianos,CURRICULO_REFERENCIA_MS_EF_V1_10,CURRICULO_COMPLETO,CURRICULO_REFERENCIA_MS_EF_V1_10,392
EF_AI,EF2,CURRICULAR,Língua Inglesa,LI,MS.EF02LI00.n.08,"Vivenciar situações de uso da escrita por meio de atividades lúdicas e informais além do uso de recurso midiáticos, percebendo a semelhança gráfica, à imagem e ao som. CONHECIMENTOS LINGUÍSTICOS",Estratégias de escrita Unidades Temáticas,Uso da linguagem Objetos de Conhecimento,CURRICULO_REFERENCIA_MS_EF_V1_10,CURRICULO_COMPLETO,CURRICULO_REFERENCIA_MS_EF_V1_10,392
EF_AI,EF2,CURRICULAR,Língua Inglesa,LI,MS.EF02LI00.n.09,Identificar os valores numéricos para utilizá-los em contextos variados.,Gramática,Numbers 1 to 20,CURRICULO_REFERENCIA_MS_EF_V1_10,CURRICULO_COMPLETO,CURRICULO_REFERENCIA_MS_EF_V1_10,393
EF_AI,EF2,CURRICULAR,Língua Inglesa,LI,MS.EF02LI00.n.11,"Utilizar as diferentes linguagens (corporal, musical, plástica, oral e escrita) ajustadas às intenções e situações de comunicação, de forma a compreender e ser compreendido",A Língua Inglesa no cotidiano da criança,Presença da Língua Inglesa no cotidiano,CURRICULO_REFERENCIA_MS_EF_V1_10,CURRICULO_COMPLETO,CURRICULO_REFERENCIA_MS_EF_V1_10,393
EF_AI,EF3,CURRICULAR,Língua Inglesa,LI,MS.EF03LI00.n.01,"Recordar por meio de revisão oral, escrita e de leitura, o conteúdo aprendido durante o ano letivo anterior de modo a ampliar a dimensão intercultural. ORALIDADE",A Língua Inglesa no cotidiano da criança,Repertório sociocultural,CURRICULO_REFERENCIA_MS_EF_V1_10,CURRICULO_COMPLETO,CURRICULO_REFERENCIA_MS_EF_V1_10,393
EF_AI,EF3,CURRICULAR,Língua Inglesa,LI,MS.EF03LI00.n.02,"Interagir em Língua Inglesa fazendo uso da repetição de sons e vocábulos, tais como: Time, School subjects, Likes and dislikes, Relatives, Countries and Nationalities de modo a criar vínculo com a língua em questão.",Interação discursiva Unidades Temáticas,Vocabulários cotidianos Objetos de Conhecimento,CURRICULO_REFERENCIA_MS_EF_V1_10,CURRICULO_COMPLETO,CURRICULO_REFERENCIA_MS_EF_V1_10,393
EF_AI,EF3,CURRICULAR,Língua Inglesa,LI,MS.EF03LI00.n.03,Utilizar o Calendário diário de sala para contextualizar vocábulos e expressões em Língua Inglesa que indiquem períodos cronológicos,Interação discursiva,"Days of the week, Months of the year, School schedule",CURRICULO_REFERENCIA_MS_EF_V1_10,CURRICULO_COMPLETO,CURRICULO_REFERENCIA_MS_EF_V1_10,394
EF_AI,EF3,CURRICULAR,Língua Inglesa,LI,MS.EF03LI00.n.04,"Propiciar repertório sociocultural por meio de pequenos diálogos e com uso de imagens, flashcards a fim de construir novos conhecimentos.",Interação discursiva,Repertório sociocultural,CURRICULO_REFERENCIA_MS_EF_V1_10,CURRICULO_COMPLETO,CURRICULO_REFERENCIA_MS_EF_V1_10,394
EF_AI,EF3,CURRICULAR,Língua Inglesa,LI,MS.EF03LI00.n.05,Utilizar as expressões em Língua Inglesa em sala de aula a fim de estimular a comunicação.,Interação discursiva,Funções e usos da Língua Inglesa em sala de aula (Classroom language),CURRICULO_REFERENCIA_MS_EF_V1_10,CURRICULO_COMPLETO,CURRICULO_REFERENCIA_MS_EF_V1_10,394
EF_AI,EF3,CURRICULAR,Língua Inglesa,LI,MS.EF03LI00.n.06,"Utilizar, em contexto lúdico, movimentos, gestos e olhares em brincadeiras, jogos e atividades artísticas como dança, teatro de fantoches e música, de modo a interagir socialmente. LEITURA",Compreensão auditiva,"Estratégias de compreensão de vocábulos e sons, simultaneamente",CURRICULO_REFERENCIA_MS_EF_V1_10,CURRICULO_COMPLETO,CURRICULO_REFERENCIA_MS_EF_V1_10,394
EF_AI,EF3,CURRICULAR,Língua Inglesa,LI,MS.EF03LI00.n.07,Analisar textos ou histórias literárias conhecidas na Língua Portuguesa buscando assimilá-las à Língua Inglesa para entendimento e conhecimento em seu sentido global. ESCRITA,Estratégias de leitura,Compreensão textual,CURRICULO_REFERENCIA_MS_EF_V1_10,CURRICULO_COMPLETO,CURRICULO_REFERENCIA_MS_EF_V1_10,394
EF_AI,EF3,CURRICULAR,Língua Inglesa,LI,MS.EF03LI00.n.08,Criar o Calendário diário de sala para contextualizar vocábulos e expressões em Inglês,Práticas de escrita,"Days of the week, Months of the year, School schedule",CURRICULO_REFERENCIA_MS_EF_V1_10,CURRICULO_COMPLETO,CURRICULO_REFERENCIA_MS_EF_V1_10,394
EF_AI,EF3,CURRICULAR,Língua Inglesa,LI,MS.EF03LI00.n.09,"Identificar e utilizar corretamente o vocabulário oferecido, aplicando-o em contextos de atividades escritas. CONHECIMENTOS LINGUÍSTICOS",Estratégias de escrita Unidades Temáticas,Uso da linguagem Objetos de Conhecimento,CURRICULO_REFERENCIA_MS_EF_V1_10,CURRICULO_COMPLETO,CURRICULO_REFERENCIA_MS_EF_V1_10,394
EF_AI,EF3,CURRICULAR,Língua Inglesa,LI,MS.EF03LI00.n.10,Identificar e utilizar os valores numéricos para aplicá-los em contextos diversos.,Gramática,Numbers 1 to 40,CURRICULO_REFERENCIA_MS_EF_V1_10,CURRICULO_COMPLETO,CURRICULO_REFERENCIA_MS_EF_V1_10,395
EF_AI,EF3,CURRICULAR,Língua Inglesa,LI,MS.EF03LI00.n.11,Indicar características para membros da família em inglês a fim de descrevê-los.,Gramática,Adjectives,CURRICULO_REFERENCIA_MS_EF_V1_10,CURRICULO_COMPLETO,CURRICULO_REFERENCIA_MS_EF_V1_10,395
EF_AI,EF3,CURRICULAR,Língua Inglesa,LI,MS.EF03LI00.n.12,"Empregar, de forma inteligível, os verbos get up, get dressed, wash face, brush teeth, brush hair, eat, drink, take a shower para descrever rotinas. EIXO DIMENSÃO INTERCULTURAL",Gramática,Routine verbs,CURRICULO_REFERENCIA_MS_EF_V1_10,CURRICULO_COMPLETO,CURRICULO_REFERENCIA_MS_EF_V1_10,395
EF_AI,EF3,CURRICULAR,Língua Inglesa,LI,MS.EF03LI00.n.13,"Utilizar as diferentes linguagens (corporal, musical, plástica, oral e escrita) ajustadas às diferentes intenções e situações de comunicação, de forma a compreender e ser compreendido.",A Língua Inglesa no cotidiano da criança,"Presença da Língua Inglesa no cotidiano, conforme a faixa etária",CURRICULO_REFERENCIA_MS_EF_V1_10,CURRICULO_COMPLETO,CURRICULO_REFERENCIA_MS_EF_V1_10,395
EF_AI,EF4,CURRICULAR,Língua Inglesa,LI,MS.EF04LI00.n.01,"Recordar por meio de revisão oral, escrita e de leitura, o conteúdo aprendido durante o ano letivo anterior de modo a ampliar a dimensão intercultural. ORALIDADE",A Língua Inglesa no cotidiano da criança Unidades Temáticas,Repertório sociocultural Objetos de Conhecimento,CURRICULO_REFERENCIA_MS_EF_V1_10,CURRICULO_COMPLETO,CURRICULO_REFERENCIA_MS_EF_V1_10,395
EF_AI,EF4,CURRICULAR,Língua Inglesa,LI,MS.EF04LI00.n.02,"Interagir em Língua Inglesa fazendo uso da repetição de sons e vocábulos, tais como: Around Town, Sports, Human body, The five senses de modo a criar vínculo com a língua em questão.",Interação discursiva,Vocabulários cotidianos,CURRICULO_REFERENCIA_MS_EF_V1_10,CURRICULO_COMPLETO,CURRICULO_REFERENCIA_MS_EF_V1_10,396
EF_AI,EF4,CURRICULAR,Língua Inglesa,LI,MS.EF04LI00.n.03,Interagir em grupos a fim de socializar informações pessoais por meio de repertório sociocultural construído até o momento.,Interação discursiva,Informações Pessoais,CURRICULO_REFERENCIA_MS_EF_V1_10,CURRICULO_COMPLETO,CURRICULO_REFERENCIA_MS_EF_V1_10,396
EF_AI,EF4,CURRICULAR,Língua Inglesa,LI,MS.EF04LI00.n.04,"Propiciar repertório sociocultural por meio de pequenos diálogos, imagens, flashcards, textos e filmes como processo de aprendizagem a fim de construir novos conhecimentos.",Interação discursiva,Repertório sociocultural,CURRICULO_REFERENCIA_MS_EF_V1_10,CURRICULO_COMPLETO,CURRICULO_REFERENCIA_MS_EF_V1_10,396
EF_AI,EF4,CURRICULAR,Língua Inglesa,LI,MS.EF04LI00.n.05,"(Re)conhecer e utilizar, de modo inteligível, as expressões em Língua Inglesa em sala de aula para conversas formais e informais além de fazer solicitações de forma polida.",Interação discursiva,Funções e usos da Língua Inglesa em sala de aula (Classroom language),CURRICULO_REFERENCIA_MS_EF_V1_10,CURRICULO_COMPLETO,CURRICULO_REFERENCIA_MS_EF_V1_10,396
EF_AI,EF4,CURRICULAR,Língua Inglesa,LI,MS.EF04LI00.n.06,"(Re)conhecer os vocábulos cotidianos em diálogos e conversas, com apoio de imagens, textos e atividades lúdicas com o objetivo de utilizá-los adequadamente conforme o contexto. LEITURA",Compreensão oral Unidades Temáticas,Estratégias de compreensão de vocabulários Objetos de Conhecimento,CURRICULO_REFERENCIA_MS_EF_V1_10,CURRICULO_COMPLETO,CURRICULO_REFERENCIA_MS_EF_V1_10,396
EF_AI,EF4,CURRICULAR,Língua Inglesa,LI,MS.EF04LI00.n.07,Apresentar textos de gêneros diversificados em Língua Inglesa para compreensão de novos vocabulários e a finalidade dos textos em seu sentido global. ESCRITA,Estratégias de leitura,Compreensão textual,CURRICULO_REFERENCIA_MS_EF_V1_10,CURRICULO_COMPLETO,CURRICULO_REFERENCIA_MS_EF_V1_10,397
EF_AI,EF4,CURRICULAR,Língua Inglesa,LI,MS.EF04LI00.n.08,"Identificar e utilizar corretamente o vocabulário oferecido, aplicando-o em contextos de atividades escritas como pequenos diálogos e/ou historinhas. CONHECIMENTOS LINGUÍSTICOS",Estratégia e prática de escrita,Uso da linguagem,CURRICULO_REFERENCIA_MS_EF_V1_10,CURRICULO_COMPLETO,CURRICULO_REFERENCIA_MS_EF_V1_10,397
EF_AI,EF4,CURRICULAR,Língua Inglesa,LI,MS.EF04LI00.n.09,Propiciar lateralidade de modo a nortear o sujeito quanto a sua localização.,Gramática,Direções,CURRICULO_REFERENCIA_MS_EF_V1_10,CURRICULO_COMPLETO,CURRICULO_REFERENCIA_MS_EF_V1_10,397
EF_AI,EF4,CURRICULAR,Língua Inglesa,LI,MS.EF04LI00.n.10,Conhecer e aplicar a forma imperativa no sentido de dar ordens e orientar em relação aos comandos e direções.,Gramática,Forma imperativa,CURRICULO_REFERENCIA_MS_EF_V1_10,CURRICULO_COMPLETO,CURRICULO_REFERENCIA_MS_EF_V1_10,397
EF_AI,EF4,CURRICULAR,Língua Inglesa,LI,MS.EF04LI00.n.11,"Conhecer os verbos que indiquem ações habituais (walk, ride, run, jump, play, study, read, write, swim, paint, climb, dance, sleep)",Gramática,Verbos de ação,CURRICULO_REFERENCIA_MS_EF_V1_10,CURRICULO_COMPLETO,CURRICULO_REFERENCIA_MS_EF_V1_10,397
EF_AI,EF4,CURRICULAR,Língua Inglesa,LI,MS.EF04LI00.n.12,"Identificar e utilizar o verbo modal CAN, de modo a expressar habilidades.",Gramática,Verbo Modal can/abilities,CURRICULO_REFERENCIA_MS_EF_V1_10,CURRICULO_COMPLETO,CURRICULO_REFERENCIA_MS_EF_V1_10,397
EF_AI,EF4,CURRICULAR,Língua Inglesa,LI,MS.EF04LI00.n.13,Identificar e utilizar os valores numéricos para aplicá-los em contextos diversos. EIXO DIMENSÃO INTERCULTURAL,Gramática Unidades Temáticas,Números 1 a 60 Objetos de Conhecimento,CURRICULO_REFERENCIA_MS_EF_V1_10,CURRICULO_COMPLETO,CURRICULO_REFERENCIA_MS_EF_V1_10,397
EF_AI,EF4,CURRICULAR,Língua Inglesa,LI,MS.EF04LI00.n.14,"Utilizar as diferentes linguagens (corporal, musical, plástica, oral e escrita) ajustadas às diferentes intenções e situações de comunicação, de forma a compreender e ser compreendido.",A Língua Inglesa no cotidiano da criança,"Presença da Língua Inglesa no cotidiano, conforme a faixa etária",CURRICULO_REFERENCIA_MS_EF_V1_10,CURRICULO_COMPLETO,CURRICULO_REFERENCIA_MS_EF_V1_10,398
EF_AI,EF5,CURRICULAR,Língua Inglesa,LI,MS.EF05LI00.n.01,"Recordar por meio de revisão oral, escrita e de leitura, o conteúdo aprendido durante o ano letivo anterior de modo a ampliar a dimensão intercultural. ORALIDADE",A Língua Inglesa no cotidiano da criança,Repertório sociocultural,CURRICULO_REFERENCIA_MS_EF_V1_10,CURRICULO_COMPLETO,CURRICULO_REFERENCIA_MS_EF_V1_10,398
EF_AI,EF5,CURRICULAR,Língua Inglesa,LI,MS.EF05LI00.n.02,"Utilizar os conteúdos já estudados nos anos anteriores, a fim de socializar informações pessoais.",Interação discursiva,Informações Pessoais,CURRICULO_REFERENCIA_MS_EF_V1_10,CURRICULO_COMPLETO,CURRICULO_REFERENCIA_MS_EF_V1_10,398
EF_AI,EF5,CURRICULAR,Língua Inglesa,LI,MS.EF05LI00.n.03,"Propiciar repertório sociocultural por meio de pequenos diálogos, imagens, flashcards, textos e filmes a fim de construir novos conhecimentos.",Interação discursiva,Repertório sociocultural,CURRICULO_REFERENCIA_MS_EF_V1_10,CURRICULO_COMPLETO,CURRICULO_REFERENCIA_MS_EF_V1_10,398
EF_AI,EF5,CURRICULAR,Língua Inglesa,LI,MS.EF05LI00.n.04,"(Re)conhecer e utilizar, de modo inteligível, as expressões em Língua Inglesa em sala de aula para conversas formais e informais além de fazer solicitações de forma polida.",Interação discursiva Unidades Temáticas,Funções e usos da Língua Inglesa em sala de aula (Classroom language) Objetos de Conhecimento,CURRICULO_REFERENCIA_MS_EF_V1_10,CURRICULO_COMPLETO,CURRICULO_REFERENCIA_MS_EF_V1_10,398
EF_AI,EF5,CURRICULAR,Língua Inglesa,LI,MS.EF05LI00.n.05,"(Re)conhecer os vocábulos cotidianos em diálogos e conversas, com apoio de imagens, textos e atividades lúdicas com o objetivo de utilizá-los adequadamente de acordo com cada contexto. LEITURA",Compreensão oral,Estratégias de compreensão de vocabulários,CURRICULO_REFERENCIA_MS_EF_V1_10,CURRICULO_COMPLETO,CURRICULO_REFERENCIA_MS_EF_V1_10,399
EF_AI,EF5,CURRICULAR,Língua Inglesa,LI,MS.EF05LI00.n.06,Apresentar textos de gêneros diversificados em Língua Inglesa para compreensão de novos vocabulários e a finalidade dos textos em seu sentido global.,Estratégias de leitura,Compreensão textual,CURRICULO_REFERENCIA_MS_EF_V1_10,CURRICULO_COMPLETO,CURRICULO_REFERENCIA_MS_EF_V1_10,399
EF_AI,EF5,CURRICULAR,Língua Inglesa,LI,MS.EF05LI00.n.07,"Interagir na Língua Inglesa por meio de recursos midiáticos (Apps, games, emoticons) de modo a criar vínculo com a língua em questão.",Estratégias de leitura,Mídias Sociais,CURRICULO_REFERENCIA_MS_EF_V1_10,CURRICULO_COMPLETO,CURRICULO_REFERENCIA_MS_EF_V1_10,399
EF_AI,EF5,CURRICULAR,Língua Inglesa,LI,MS.EF05LI00.n.08,"(Re) conhecer por meio de recursos midiáticos, situações em que haja expressões que denotem o uso de conversas formais e informais e pedidos de forma polida em Língua Inglesa. ESCRITA",Estratégias de leitura,Mídias Sociais (Classroom language),CURRICULO_REFERENCIA_MS_EF_V1_10,CURRICULO_COMPLETO,CURRICULO_REFERENCIA_MS_EF_V1_10,399
EF_AI,EF5,CURRICULAR,Língua Inglesa,LI,MS.EF05LI00.n.09,"Identificar e utilizar corretamente o vocabulário oferecido, aplicando-o em contextos de atividades escritas como pequenos diálogos e /ou histórias. CONHECIMENTOS LINGUÍSTICOS",Estratégias de escrita Unidades Temáticas,Uso da linguagem Objetos de Conhecimento,CURRICULO_REFERENCIA_MS_EF_V1_10,CURRICULO_COMPLETO,CURRICULO_REFERENCIA_MS_EF_V1_10,399
EF_AI,EF5,CURRICULAR,Língua Inglesa,LI,MS.EF05LI00.n.10,Identificar e utilizar os valores numéricos para aplicá-los em contextos diversos.,Gramática,Números 1 a 80,CURRICULO_REFERENCIA_MS_EF_V1_10,CURRICULO_COMPLETO,CURRICULO_REFERENCIA_MS_EF_V1_10,400
EF_AI,EF5,CURRICULAR,Língua Inglesa,LI,MS.EF05LI00.n.11,"Recordar os verbos get up, get dressed, wash face, brush teeth, brush hair, eat, drink, take a shower para descrever rotinas no tempo verbal do presente simples.",Gramática,Tempo verbal presente simples,CURRICULO_REFERENCIA_MS_EF_V1_10,CURRICULO_COMPLETO,CURRICULO_REFERENCIA_MS_EF_V1_10,400
EF_AI,EF5,CURRICULAR,Língua Inglesa,LI,MS.EF05LI00.n.12,"Conhecer e identificar os diferentes pronomes interrogativos, para perguntar a respeito de pessoas, objetos, lugares ou causas. DIMENSÃO INTERCULTURAL",Gramática,Pronomes interrogativos,CURRICULO_REFERENCIA_MS_EF_V1_10,CURRICULO_COMPLETO,CURRICULO_REFERENCIA_MS_EF_V1_10,400
EF_AI,EF5,CURRICULAR,Língua Inglesa,LI,MS.EF05LI00.n.13,Refletir a influência da Língua Inglesa nos diversos países como forma de valorização da língua em questão.,Interculturalidade,A Cultura da Língua Inglesa nos diversos países,CURRICULO_REFERENCIA_MS_EF_V1_10,CURRICULO_COMPLETO,CURRICULO_REFERENCIA_MS_EF_V1_10,400
EF_AI,EF5,CURRICULAR,Língua Inglesa,LI,MS.EF05LI00.n.14,"Utilizar as diferentes linguagens (corporal, musical, plástica, oral e escrita) ajustadas às diferentes intenções e situações de comunicação, de forma a compreender e ser compreendido.",A Língua Inglesa no cotidiano da criança,"Presença da Língua Inglesa no cotidiano, conforme a faixa etária",CURRICULO_REFERENCIA_MS_EF_V1_10,CURRICULO_COMPLETO,CURRICULO_REFERENCIA_MS_EF_V1_10,400
EF_AI,EF1,CURRICULAR,Língua Portuguesa,LP,MS.EF01LP01.s.01,Reconhecer que textos são lidos e escritos da esquerda para a direita e de cima para baixo da página.,Leitura/escuta (compartilhada e autônoma),Protocolos de leitura,CURRICULO_REFERENCIA_MS_EF_V1_10,CURRICULO_COMPLETO,CURRICULO_REFERENCIA_MS_EF_V1_10,136
EF_AI,EF1,CURRICULAR,Língua Portuguesa,LP,MS.EF01LP02.s.02,"Escrever, espontaneamente ou por ditado, palavras e frases de forma alfabética – usando letras/grafemas que representem fonemas.",Escrita (compartilhada e autônoma) Práticas de Linguagem,Correspondência fonema-grafema Objetos de Conhecimento,CURRICULO_REFERENCIA_MS_EF_V1_10,CURRICULO_COMPLETO,CURRICULO_REFERENCIA_MS_EF_V1_10,136
EF_AI,EF1,CURRICULAR,Língua Portuguesa,LP,MS.EF01LP03.s.03,"Observar escritas convencionais, comparandoas às suas produções escritas, percebendo semelhanças e diferenças.",Escrita (compartilhada e autônoma) Práticas de Linguagem,Construção do sistema alfabético/ Convenções da escrita,CURRICULO_REFERENCIA_MS_EF_V1_10,CURRICULO_COMPLETO,CURRICULO_REFERENCIA_MS_EF_V1_10,137
EF_AI,EF1,CURRICULAR,Língua Portuguesa,LP,MS.EF01LP04.s.04,Distinguir as letras do alfabeto de outros sinais gráficos.,Análise linguística/ semiótica (Alfabetização) Práticas de Linguagem,Conhecimento do alfabeto do português do Brasil Objetos de Conhecimento,CURRICULO_REFERENCIA_MS_EF_V1_10,CURRICULO_COMPLETO,CURRICULO_REFERENCIA_MS_EF_V1_10,137
EF_AI,EF1,CURRICULAR,Língua Portuguesa,LP,MS.EF01LP05.s.05,Reconhecer o sistema de escrita alfabética como representação dos sons da fala.,Análise linguística/ semiótica (Alfabetização) Práticas de Linguagem,Construção do sistema alfabético,CURRICULO_REFERENCIA_MS_EF_V1_10,CURRICULO_COMPLETO,CURRICULO_REFERENCIA_MS_EF_V1_10,138
EF_AI,EF1,CURRICULAR,Língua Portuguesa,LP,MS.EF01LP06.s.06,Segmentar oralmente palavras em sílabas.,Práticas de Linguagem,Construção do sistema alfabético e da ortografia Objetos de Conhecimento,CURRICULO_REFERENCIA_MS_EF_V1_10,CURRICULO_COMPLETO,CURRICULO_REFERENCIA_MS_EF_V1_10,138
EF_AI,EF1,CURRICULAR,Língua Portuguesa,LP,MS.EF01LP07.s.07,Identificar fonemas e sua representação por letras.,Práticas de Linguagem,Construção do sistema alfabético e da ortografia Objetos de Conhecimento,CURRICULO_REFERENCIA_MS_EF_V1_10,CURRICULO_COMPLETO,CURRICULO_REFERENCIA_MS_EF_V1_10,139
EF_AI,EF1,CURRICULAR,Língua Portuguesa,LP,MS.EF01LP08.s.08,"Relacionar elementos sonoros (sílabas, fonemas, partes de palavras) com sua representação escrita.",Práticas de Linguagem,Construção do sistema alfabético e da ortografia,CURRICULO_REFERENCIA_MS_EF_V1_10,CURRICULO_COMPLETO,CURRICULO_REFERENCIA_MS_EF_V1_10,140
EF_AI,EF1,CURRICULAR,Língua Portuguesa,LP,MS.EF01LP09.s.09,"Comparar palavras, identificando semelhanças e diferenças entre sons de sílabas iniciais, mediais e finais.",Práticas de Linguagem,Construção do sistema alfabético e da ortografia Objetos de Conhecimento,CURRICULO_REFERENCIA_MS_EF_V1_10,CURRICULO_COMPLETO,CURRICULO_REFERENCIA_MS_EF_V1_10,140
EF_AI,EF1,CURRICULAR,Língua Portuguesa,LP,MS.EF01LP10.s.10,Nomear as letras do alfabeto e recitá-lo na ordem das letras.,Práticas de Linguagem,Conhecimento do alfabeto do português do Brasil,CURRICULO_REFERENCIA_MS_EF_V1_10,CURRICULO_COMPLETO,CURRICULO_REFERENCIA_MS_EF_V1_10,141
EF_AI,EF1,CURRICULAR,Língua Portuguesa,LP,MS.EF01LP11.s.11,"Conhecer, diferenciar e relacionar letras em formato imprensa e cursiva, maiúsculas e minúsculas.",Práticas de Linguagem,Conhecimento das diversas grafias do alfabeto/ Acentuação Objetos de Conhecimento,CURRICULO_REFERENCIA_MS_EF_V1_10,CURRICULO_COMPLETO,CURRICULO_REFERENCIA_MS_EF_V1_10,141
EF_AI,EF1,CURRICULAR,Língua Portuguesa,LP,MS.EF01LP12.s.12,"Reconhecer a separação das palavras, na escrita, por espaços em branco.",Práticas de Linguagem,Segmentação de palavras/Classificação de palavras por número de sílabas,CURRICULO_REFERENCIA_MS_EF_V1_10,CURRICULO_COMPLETO,CURRICULO_REFERENCIA_MS_EF_V1_10,142
EF_AI,EF1,CURRICULAR,Língua Portuguesa,LP,MS.EF01LP13.s.13,"Comparar palavras, identificando semelhanças e diferenças entre sons de sílabas iniciais, mediais e finais.",Práticas de Linguagem,Construção do sistema alfabético Objetos de Conhecimento,CURRICULO_REFERENCIA_MS_EF_V1_10,CURRICULO_COMPLETO,CURRICULO_REFERENCIA_MS_EF_V1_10,142
EF_AI,EF1,CURRICULAR,Língua Portuguesa,LP,MS.EF01LP14.s.14,"Identificar outros sinais no texto além das letras, como pontos finais, de interrogação e exclamação e seus efeitos na entonação.",Práticas de Linguagem,Pontuação Objetos de Conhecimento,CURRICULO_REFERENCIA_MS_EF_V1_10,CURRICULO_COMPLETO,CURRICULO_REFERENCIA_MS_EF_V1_10,143
EF_AI,EF1,CURRICULAR,Língua Portuguesa,LP,MS.EF01LP15.s.15,Agrupar palavras pelo critério de aproximação de significado (sinonímia) e separar palavras pelo critério de oposição de significado (antonímia). CAMPO DA VIDA COTIDIANA,Práticas de Linguagem,Sinonímia e antonímia/ Morfologia/ Pontuação,CURRICULO_REFERENCIA_MS_EF_V1_10,CURRICULO_COMPLETO,CURRICULO_REFERENCIA_MS_EF_V1_10,144
EF_AI,EF1,CURRICULAR,Língua Portuguesa,LP,MS.EF01LP16.s.16,"Ler e compreender, em colaboração com os colegas e com a ajuda do professor, quadras, quadrinhas, parlendas, trava-línguas, dentre outros gêneros do campo da vida cotidiana, considerando a situação comunicativa e o tema/assunto do texto e relacionando sua forma de organização à sua finalidade.",Leitura/escuta (compartilhada e autônoma) Práticas de Linguagem,Compreensão em leitura Objetos de Conhecimento,CURRICULO_REFERENCIA_MS_EF_V1_10,CURRICULO_COMPLETO,CURRICULO_REFERENCIA_MS_EF_V1_10,144
EF_AI,EF1,CURRICULAR,Língua Portuguesa,LP,MS.EF01LP17.s.17,"Planejar e produzir, em colaboração com os colegas e com a ajuda do professor, listas, agendas, calendários, avisos, convites, receitas, instruções de montagem e legendas para álbuns, fotos ou ilustrações (digitais ou impressos), dentre outros gêneros do campo da vida cotidiana, considerando a situação comunicativa e o tema/assunto/ finalidade do texto.",Escrita (compartilhada e autônoma),Escrita autônoma e compartilhada,CURRICULO_REFERENCIA_MS_EF_V1_10,CURRICULO_COMPLETO,CURRICULO_REFERENCIA_MS_EF_V1_10,145
EF_AI,EF1,CURRICULAR,Língua Portuguesa,LP,MS.EF01LP18.s.18,"Registrar, em colaboração com os colegas e com a ajuda do professor, cantigas, quadras, quadrinhas, parlendas, trava-línguas, dentre outros gêneros do campo da vida cotidiana, considerando a situação comunicativa e o tema/assunto/finalidade do texto.",Práticas de Linguagem,Escrita autônoma e compartilhada Objetos de Conhecimento,CURRICULO_REFERENCIA_MS_EF_V1_10,CURRICULO_COMPLETO,CURRICULO_REFERENCIA_MS_EF_V1_10,145
EF_AI,EF1,CURRICULAR,Língua Portuguesa,LP,MS.EF01LP19.s.19,"Recitar parlendas, quadras, quadrinhas, trava-línguas, com entonação adequada e observando as rimas.",Oralidade,Produção de texto oral,CURRICULO_REFERENCIA_MS_EF_V1_10,CURRICULO_COMPLETO,CURRICULO_REFERENCIA_MS_EF_V1_10,146
EF_AI,EF1,CURRICULAR,Língua Portuguesa,LP,MS.EF01LP20.s.20,"Identificar e reproduzir, em listas, agendas, calendários, regras, avisos, convites, receitas, instruções de montagem e legendas para álbuns, fotos ou ilustrações (digitais ou impressos), a formatação e diagramação específica de cada um desses gêneros. CAMPO DA VIDA PÚBLICA",Análise linguística/ semiótica (Alfabetização),Forma de composição do texto,CURRICULO_REFERENCIA_MS_EF_V1_10,CURRICULO_COMPLETO,CURRICULO_REFERENCIA_MS_EF_V1_10,146
EF_AI,EF1,CURRICULAR,Língua Portuguesa,LP,MS.EF01LP21.s.21,"Escrever, em colaboração com os colegas e com a ajuda do professor, listas de regras e regulamentos que organizam a vida na comunidade escolar, dentre outros gêneros do campo da atuação cidadã, considerando a situação comunicativa e o tema/assunto do texto. DAS PRÁTICAS DE ESTUDO E",Escrita (compartilhada e autônoma) Práticas de Linguagem,Escrita compartilhada Objetos de Conhecimento CAMPO,CURRICULO_REFERENCIA_MS_EF_V1_10,CURRICULO_COMPLETO,CURRICULO_REFERENCIA_MS_EF_V1_10,146
EF_AI,EF1,CURRICULAR,Língua Portuguesa,LP,MS.EF01LP22.s.22,"Planejar e produzir, em colaboração com os colegas e com a ajuda do professor, diagramas, entrevistas, curiosidades, dentre outros gêneros do campo investigativo, digitais ou impressos, considerando a situação comunicativa e o tema/assunto/finalidade do texto.",Escrita (compartilhada e autônoma) Práticas de Linguagem,Produção de textos Objetos de Conhecimento,CURRICULO_REFERENCIA_MS_EF_V1_10,CURRICULO_COMPLETO,CURRICULO_REFERENCIA_MS_EF_V1_10,147
EF_AI,EF1,CURRICULAR,Língua Portuguesa,LP,MS.EF01LP23.s.23,"Planejar e produzir, em colaboração com os colegas e com a ajuda do professor, entrevistas, curiosidades, dentre outros gêneros do campo investigativo, que possam ser repassados oralmente por meio de ferramentas digitais, em áudio ou vídeo, considerando a situação comunicativa e o tema/assunto/finalidade do texto.",Oralidade,Planejamento de texto oral Exposição oral,CURRICULO_REFERENCIA_MS_EF_V1_10,CURRICULO_COMPLETO,CURRICULO_REFERENCIA_MS_EF_V1_10,148
EF_AI,EF1,CURRICULAR,Língua Portuguesa,LP,MS.EF01LP24.s.24,"Identificar e reproduzir, em enunciados de tarefas escolares, diagramas, entrevistas, curiosidades, digitais ou impressos, a formatação e diagramação específica de cada um desses gêneros, inclusive em suas versões orais. CAMPO ARTÍSTICO-LITERÁRIO",Análise linguística/ semiótica (Alfabetização) Práticas de Linguagem,Forma de composição dos textos/Adequação do texto às normas de escrita Objetos de Conhecimento,CURRICULO_REFERENCIA_MS_EF_V1_10,CURRICULO_COMPLETO,CURRICULO_REFERENCIA_MS_EF_V1_10,148
EF_AI,EF1,CURRICULAR,Língua Portuguesa,LP,MS.EF01LP25s.25,"Produzir, tendo o professor como escriba, recontagens de histórias lidas pelo professor, histórias imaginadas ou baseadas em livros de imagens, observando a forma de composição de textos narrativos (personagens, enredo, tempo e espaço).",Escrita (compartilhada e autônoma),Escrita autônoma e compartilhada,CURRICULO_REFERENCIA_MS_EF_V1_10,CURRICULO_COMPLETO,CURRICULO_REFERENCIA_MS_EF_V1_10,149
EF_AI,EF1,CURRICULAR,Língua Portuguesa,LP,MS.EF01LP26.s.26,"Identificar elementos de uma narrativa lida ou escutada, incluindo personagens, enredo, tempo e espaço.",Análise linguística/ semiótica (Alfabetização) Práticas de Linguagem,Formas de composição de narrativas Objetos de Conhecimento,CURRICULO_REFERENCIA_MS_EF_V1_10,CURRICULO_COMPLETO,CURRICULO_REFERENCIA_MS_EF_V1_10,149
EF_AI,EF1|EF2,CURRICULAR,Língua Portuguesa,LP,MS.EF12LP01.s.01,"Ler palavras novas com precisão na decodificação, no caso de palavras de uso frequente, ler globalmente, por memorização.",Leitura/escuta (compartilhada e autônoma),Decodificação/ Fluência de leitura,CURRICULO_REFERENCIA_MS_EF_V1_10,CURRICULO_COMPLETO,CURRICULO_REFERENCIA_MS_EF_V1_10,127
EF_AI,EF1|EF2,CURRICULAR,Língua Portuguesa,LP,MS.EF12LP02.s.02,"Buscar, selecionar e ler, com a mediação do professor (leitura compartilhada), textos que circulam em meios impressos ou digitais, de acordo com as necessidades e interesses.",Práticas de Linguagem,Formação de leitor Objetos de Conhecimento,CURRICULO_REFERENCIA_MS_EF_V1_10,CURRICULO_COMPLETO,CURRICULO_REFERENCIA_MS_EF_V1_10,127
EF_AI,EF1|EF2,CURRICULAR,Língua Portuguesa,LP,MS.EF12LP03.s.03,"Copiar textos breves, mantendo suas características e voltando para o texto sempre que tiver dúvidas sobre sua distribuição gráfica, espaçamento entre as palavras, escrita das palavras e pontuação. CAMPO DA VIDA COTIDIANA",Práticas de Linguagem,Construção do sistema alfabético/ Estabelecimento de relações anafóricas na referenciação e construção da coesão,CURRICULO_REFERENCIA_MS_EF_V1_10,CURRICULO_COMPLETO,CURRICULO_REFERENCIA_MS_EF_V1_10,128
EF_AI,EF1|EF2,CURRICULAR,Língua Portuguesa,LP,MS.EF12LP04.s.04,"Ler e compreender, em colaboração com os colegas e com a ajuda do professor ou já com certa autonomia, listas, agendas, calendários, avisos, convites, receitas, instruções de montagem (digitais ou impressos), dentre outros gêneros do campo da vida cotidiana, considerando a situação comunicativa e o tema/assunto do texto e relacionando sua forma de organização à sua finalidade.",Leitura/escuta (compartilhada e autônoma),Compreensão em leitura,CURRICULO_REFERENCIA_MS_EF_V1_10,CURRICULO_COMPLETO,CURRICULO_REFERENCIA_MS_EF_V1_10,128
EF_AI,EF1|EF2,CURRICULAR,Língua Portuguesa,LP,MS.EF12LP05.s.05,"Planejar e produzir, em colaboração com os colegas e com a ajuda do professor, (re)contagens de histórias, poemas e outros textos versificados (letras de canção, quadrinhas, cordel), poemas visuais, tiras e histórias em quadrinhos, dentre outros gêneros do campo artísticoliterário, considerando a situação comunicativa e a finalidade do texto.",Escrita Práticas de Linguagem,compartilhada Objetos de Conhecimento,CURRICULO_REFERENCIA_MS_EF_V1_10,CURRICULO_COMPLETO,CURRICULO_REFERENCIA_MS_EF_V1_10,128
EF_AI,EF1|EF2,CURRICULAR,Língua Portuguesa,LP,MS.EF12LP06.s.06,"Planejar e produzir, em colaboração com os colegas e com a ajuda do professor, recados, avisos, convites, receitas, instruções de montagem, dentre outros gêneros do campo da vida cotidiana, que possam ser repassados oralmente por meio de ferramentas digitais, em áudio ou vídeo, considerando a situação comunicativa e o tema/assunto/finalidade do texto.",Oralidade Práticas de Linguagem,Produção de texto oral Objetos de Conhecimento,CURRICULO_REFERENCIA_MS_EF_V1_10,CURRICULO_COMPLETO,CURRICULO_REFERENCIA_MS_EF_V1_10,129
EF_AI,EF1|EF2,CURRICULAR,Língua Portuguesa,LP,MS.EF12LP07.s.07,"Identificar e (re)produzir, em cantiga, quadras, quadrinhas, parlendas, trava-línguas e canções, rimas, aliterações, assonâncias, o ritmo de fala relacionado ao ritmo e à melodia das músicas e seus efeitos de sentido. CAMPO DA VIDA PÚBLICA",Análise linguística/ semiótica (Alfabetização),Forma de composição do texto,CURRICULO_REFERENCIA_MS_EF_V1_10,CURRICULO_COMPLETO,CURRICULO_REFERENCIA_MS_EF_V1_10,130
EF_AI,EF1|EF2,CURRICULAR,Língua Portuguesa,LP,MS.EF12LP08.s.08,"Ler e compreender, em colaboração com os colegas e com a ajuda do professor, fotolegendas em notícias, manchetes e lides em notícias, álbum de fotos digital noticioso e notícias curtas para público infantil, dentre outros gêneros do campo jornalístico, considerando a situação comunicativa e o tema/assunto do texto.",Leitura/escuta (compartilhada e autônoma) Práticas de Linguagem,Compreensão em leitura Objetos de Conhecimento,CURRICULO_REFERENCIA_MS_EF_V1_10,CURRICULO_COMPLETO,CURRICULO_REFERENCIA_MS_EF_V1_10,130
EF_AI,EF1|EF2,CURRICULAR,Língua Portuguesa,LP,MS.EF12LP09.s.09,"Ler e compreender, em colaboração com os colegas e com a ajuda do professor, slogans, anúncios publicitários e textos de campanhas de conscientização destinados ao público infantil, dentre outros gêneros do campo publicitário, considerando a situação comunicativa e o tema/assunto do texto.",Leitura/escuta (compartilhada e autônoma) Práticas de Linguagem,Compreensão em leitura,CURRICULO_REFERENCIA_MS_EF_V1_10,CURRICULO_COMPLETO,CURRICULO_REFERENCIA_MS_EF_V1_10,131
EF_AI,EF1|EF2,CURRICULAR,Língua Portuguesa,LP,MS.EF12LP10.s.10,"Ler e compreender, em colaboração com os colegas e com a ajuda do professor, cartazes, avisos, folhetos, regras e regulamentos que organizam a vida na comunidade escolar, dentre outros gêneros do campo da atuação cidadã, considerando a situação comunicativa e o tema/assunto do texto.",Práticas de Linguagem,Compreensão em leitura Objetos de Conhecimento,CURRICULO_REFERENCIA_MS_EF_V1_10,CURRICULO_COMPLETO,CURRICULO_REFERENCIA_MS_EF_V1_10,131
EF_AI,EF1|EF2,CURRICULAR,Língua Portuguesa,LP,MS.EF12LP11.s.11,"Escrever, em colaboração com os colegas e com a ajuda do professor, fotolegendas em notícias, manchetes e lides em notícias, álbum de fotos digital noticioso e notícias curtas para público infantil, digitais ou impressos, dentre outros gêneros do campo jornalístico, considerando a situação comunicativa e o tema/assunto do texto.",Escrita (compartilhada e autônoma),Escrita compartilhada,CURRICULO_REFERENCIA_MS_EF_V1_10,CURRICULO_COMPLETO,CURRICULO_REFERENCIA_MS_EF_V1_10,132
EF_AI,EF1|EF2,CURRICULAR,Língua Portuguesa,LP,MS.EF12LP12.s.12,"Escrever, em colaboração com os colegas e com a ajuda do professor, slogans, anúncios publicitários e textos de campanhas de conscientização destinados ao público infantil, dentre outros gêneros do campo publicitário, considerando a situação comunicativa e o tema/ assunto/finalidade do texto.",Práticas de Linguagem,Escrita compartilhada Objetos de Conhecimento,CURRICULO_REFERENCIA_MS_EF_V1_10,CURRICULO_COMPLETO,CURRICULO_REFERENCIA_MS_EF_V1_10,132
EF_AI,EF1|EF2,CURRICULAR,Língua Portuguesa,LP,MS.EF12LP13.s.13,"Planejar, em colaboração com os colegas e com a ajuda do professor, slogans e peça de campanha de conscientização destinada ao público infantil que possam ser repassados oralmente por meio de ferramentas digitais, em áudio ou vídeo, considerando a situação comunicativa e o tema/assunto/finalidade do texto.",Oralidade Práticas de Linguagem,Produção de texto oral Objetos de Conhecimento,CURRICULO_REFERENCIA_MS_EF_V1_10,CURRICULO_COMPLETO,CURRICULO_REFERENCIA_MS_EF_V1_10,133
EF_AI,EF1|EF2,CURRICULAR,Língua Portuguesa,LP,MS.EF12LP14.s.14,"Identificar e reproduzir, em fotolegendas de notícias, álbum de fotos digital noticioso, cartas de leitor (revista infantil), digitais ou impressos, a formatação e diagramação específica de cada um desses gêneros, inclusive em suas versões orais.",Análise linguística/ semiótica (Alfabetização),Forma de composição do texto,CURRICULO_REFERENCIA_MS_EF_V1_10,CURRICULO_COMPLETO,CURRICULO_REFERENCIA_MS_EF_V1_10,134
EF_AI,EF1|EF2,CURRICULAR,Língua Portuguesa,LP,MS.EF12LP15.s.15,Identificar a forma de composição de slogans publicitários.,Análise linguística/ semiótica (Alfabetização),Forma de composição do texto,CURRICULO_REFERENCIA_MS_EF_V1_10,CURRICULO_COMPLETO,CURRICULO_REFERENCIA_MS_EF_V1_10,134
EF_AI,EF1|EF2,CURRICULAR,Língua Portuguesa,LP,MS.EF12LP16.s.16,"Identificar e reproduzir, em anúncios publicitários e textos de campanhas de conscientização destinados ao público infantil (orais e escritos, digitais ou impressos), a formatação e diagramação específica de cada um desses gêneros, inclusive o uso de imagens. DAS PRÁTICAS DE ESTUDO E",Práticas de Linguagem,Forma de composição do texto Objetos de Conhecimento CAMPO,CURRICULO_REFERENCIA_MS_EF_V1_10,CURRICULO_COMPLETO,CURRICULO_REFERENCIA_MS_EF_V1_10,134
EF_AI,EF1|EF2,CURRICULAR,Língua Portuguesa,LP,MS.EF12LP17.s.17,"Ler e compreender, em colaboração com os colegas e com a ajuda do professor, enunciados de tarefas escolares, diagramas, curiosidades, pequenos relatos de experimentos, entrevistas, verbetes de enciclopédia infantil, entre outros gêneros do campo investigativo, considerando a situação comunicativa e o tema/assunto do texto. CAMPO ARTÍSTICO-LITERÁRIO",Leitura/escuta (compartilhada e autônoma),Compreensão em leitura,CURRICULO_REFERENCIA_MS_EF_V1_10,CURRICULO_COMPLETO,CURRICULO_REFERENCIA_MS_EF_V1_10,135
EF_AI,EF1|EF2,CURRICULAR,Língua Portuguesa,LP,MS.EF12LP18.s.18,"Apreciar poemas e outros textos versificados, observando rimas, sonoridades, jogos de palavras, reconhecendo seu pertencimento ao mundo imaginário e sua dimensão de encantamento, jogo e fruição.",Leitura/escuta (compartilhada e autônoma) Práticas de Linguagem,Apreciação estética/Estilo Objetos de Conhecimento,CURRICULO_REFERENCIA_MS_EF_V1_10,CURRICULO_COMPLETO,CURRICULO_REFERENCIA_MS_EF_V1_10,135
EF_AI,EF1|EF2,CURRICULAR,Língua Portuguesa,LP,MS.EF12LP19.s.19,"Reconhecer, em textos versificados, rimas, sonoridades, jogos de palavras, palavras, expressões, comparações, relacionando-as com sensações e associações.",Análise linguística/ semiótica (Alfabetização),Formas de composição de textos poéticos,CURRICULO_REFERENCIA_MS_EF_V1_10,CURRICULO_COMPLETO,CURRICULO_REFERENCIA_MS_EF_V1_10,136
EF_AI,EF1|EF2|EF3|EF4|EF5,CURRICULAR,Língua Portuguesa,LP,MS.EF15LP01.s.01,"Identificar a função social de textos que circulam em campos da vida social dos quais participa cotidianamente (a casa, a rua, a comunidade, a escola) e nas mídias impressa, de massa e digital, reconhecendo para que foram produzidos, onde circulam, quem os produziu e a quem se destinam.",Leitura/escuta (compartilhada e autônoma),Reconstrução das condições de produção e recepção de textos,CURRICULO_REFERENCIA_MS_EF_V1_10,CURRICULO_COMPLETO,CURRICULO_REFERENCIA_MS_EF_V1_10,119
EF_AI,EF1|EF2|EF3|EF4|EF5,CURRICULAR,Língua Portuguesa,LP,MS.EF15LP02.s.02,"Estabelecer expectativas em relação ao texto que vai ler (pressuposições antecipadoras dos sentidos, da forma e da função social do texto), apoiando-se em seus conhecimentos prévios sobre as condições de produção e recepção desse texto, o gênero, o suporte e o universo temático, bem como sobre saliências textuais, recursos gráficos, imagens, dados da própria obra (índice, prefácio etc.), confirmando antecipações e inferências realizadas antes e durante a leitura de textos, checando a adequação das hipóteses realizadas.",Leitura/escuta (compartilhada e autônoma),Estratégia de leitura,CURRICULO_REFERENCIA_MS_EF_V1_10,CURRICULO_COMPLETO,CURRICULO_REFERENCIA_MS_EF_V1_10,119
EF_AI,EF1|EF2|EF3|EF4|EF5,CURRICULAR,Língua Portuguesa,LP,MS.EF15LP03.s.03,Localizar informações explícitas em textos.,Práticas de Linguagem,Estratégia de leitura Objetos de Conhecimento,CURRICULO_REFERENCIA_MS_EF_V1_10,CURRICULO_COMPLETO,CURRICULO_REFERENCIA_MS_EF_V1_10,119
EF_AI,EF1|EF2|EF3|EF4|EF5,CURRICULAR,Língua Portuguesa,LP,MS.EF15LP04.s.04,Identificar o efeito de sentido produzido pelo uso de recursos expressivos gráficovisuais em textos multissemióticos.,Práticas de Linguagem,Estratégia de leitura,CURRICULO_REFERENCIA_MS_EF_V1_10,CURRICULO_COMPLETO,CURRICULO_REFERENCIA_MS_EF_V1_10,120
EF_AI,EF1|EF2|EF3|EF4|EF5,CURRICULAR,Língua Portuguesa,LP,MS.EF15LP05.s.05,"Planejar, com a ajuda do professor, o texto que será produzido, considerando a situação comunicativa, os interlocutores (quem escreve/para quem escreve); a finalidade ou o propósito (escrever para quê); a circulação (onde o texto vai circular); o suporte (qual é o portador do texto); a linguagem, organização e forma do texto e seu tema, pesquisando em meios impressos ou digitais, sempre que for preciso, informações necessárias à produção do texto, organizando em tópicos os dados e as fontes pesquisadas.",Produção de textos (escrita compartilhada e autônoma) Práticas de Linguagem,Planejamento de texto Objetos de Conhecimento,CURRICULO_REFERENCIA_MS_EF_V1_10,CURRICULO_COMPLETO,CURRICULO_REFERENCIA_MS_EF_V1_10,120
EF_AI,EF1|EF2|EF3|EF4|EF5,CURRICULAR,Língua Portuguesa,LP,MS.EF15LP06.s.06,"Reler e revisar o texto produzido com a ajuda do professor e a colaboração dos colegas, para corrigi-lo e aprimorá-lo, fazendo cortes, acréscimos, reformulações, correções de ortografia e pontuação.",Produção de textos (escrita compartilhada e autônoma) Práticas de Linguagem,Revisão de textos,CURRICULO_REFERENCIA_MS_EF_V1_10,CURRICULO_COMPLETO,CURRICULO_REFERENCIA_MS_EF_V1_10,121
EF_AI,EF1|EF2|EF3|EF4|EF5,CURRICULAR,Língua Portuguesa,LP,MS.EF15LP07.s.07,"Editar a versão final do texto, em colaboração com os colegas e com a ajuda do professor, ilustrando, quando for o caso, em suporte adequado, manual ou digital.",Produção de textos (escrita compartilhada e autônoma) Práticas de Linguagem,Edição de textos Objetos de Conhecimento,CURRICULO_REFERENCIA_MS_EF_V1_10,CURRICULO_COMPLETO,CURRICULO_REFERENCIA_MS_EF_V1_10,121
EF_AI,EF1|EF2|EF3|EF4|EF5,CURRICULAR,Língua Portuguesa,LP,MS.EF15LP08.s.08,"Utilizar software, inclusive programas de edição de texto, para editar e publicar os textos produzidos, explorando os recursos multissemióticos disponíveis.",Produção de textos (escrita compartilhada e autônoma) Práticas de Linguagem,Utilização de tecnologia digital,CURRICULO_REFERENCIA_MS_EF_V1_10,CURRICULO_COMPLETO,CURRICULO_REFERENCIA_MS_EF_V1_10,122
EF_AI,EF1|EF2|EF3|EF4|EF5,CURRICULAR,Língua Portuguesa,LP,MS.EF15LP09.s.09,"Expressar-se em situações de intercâmbio oral com clareza, preocupando-se em ser compreendido pelo interlocutor e usando a palavra com tom de voz audível, boa articulação e ritmo adequado.",Oralidade Práticas de Linguagem,Oralidade pública/Intercâmbio conversacional em sala de aula Objetos de Conhecimento,CURRICULO_REFERENCIA_MS_EF_V1_10,CURRICULO_COMPLETO,CURRICULO_REFERENCIA_MS_EF_V1_10,122
EF_AI,EF1|EF2|EF3|EF4|EF5,CURRICULAR,Língua Portuguesa,LP,MS.EF15LP10.s.10,"Escutar, com atenção, falas de professores e colegas, formulando perguntas pertinentes ao tema e solicitando esclarecimentos sempre que necessário.",Oralidade Práticas de Linguagem,Escuta atenta,CURRICULO_REFERENCIA_MS_EF_V1_10,CURRICULO_COMPLETO,CURRICULO_REFERENCIA_MS_EF_V1_10,123
EF_AI,EF1|EF2|EF3|EF4|EF5,CURRICULAR,Língua Portuguesa,LP,MS.EF15LP11.s.11,"Reconhecer características da conversação espontânea presencial, respeitando os turnos de fala, selecionando e utilizando, durante a conversação, formas de tratamento adequadas, de acordo com a situação e a posição do interlocutor.",Práticas de Linguagem,Características da conversação espontânea Objetos de Conhecimento,CURRICULO_REFERENCIA_MS_EF_V1_10,CURRICULO_COMPLETO,CURRICULO_REFERENCIA_MS_EF_V1_10,123
EF_AI,EF1|EF2|EF3|EF4|EF5,CURRICULAR,Língua Portuguesa,LP,MS.EF15LP12.s.12,"Atribuir significado a aspectos não linguísticos (paralinguísticos) observados na fala, como direção do olhar, riso, gestos, movimentos da cabeça (de concordância ou discordância), expressão corporal, tom de voz.",Práticas de Linguagem,Aspectos não linguísticos (paralinguísticos) no ato da fala,CURRICULO_REFERENCIA_MS_EF_V1_10,CURRICULO_COMPLETO,CURRICULO_REFERENCIA_MS_EF_V1_10,124
EF_AI,EF1|EF2|EF3|EF4|EF5,CURRICULAR,Língua Portuguesa,LP,MS.EF15LP13.s.13,"Identificar finalidades da interação oral em diferentes contextos comunicativos (solicitar informações, apresentar opiniões, informar, relatar experiências etc.). NO CAMPO DA VIDA COTIDIANA",Práticas de Linguagem,Relato oral/Registro formal e informal Objetos de Conhecimento ATUAÇÃO,CURRICULO_REFERENCIA_MS_EF_V1_10,CURRICULO_COMPLETO,CURRICULO_REFERENCIA_MS_EF_V1_10,124
EF_AI,EF1|EF2|EF3|EF4|EF5,CURRICULAR,Língua Portuguesa,LP,MS.EF15LP14.s.14,"Construir o sentido de histórias em quadrinhos e tirinhas, relacionando imagens e palavras e interpretando recursos gráficos (tipos de balões, de letras, onomatopeias). NO CAMPO ARTÍSTICO-LITERÁRIO",Leitura/escuta (compartilhada e autônoma),Leitura de imagens em narrativas visuais ATUAÇÃO,CURRICULO_REFERENCIA_MS_EF_V1_10,CURRICULO_COMPLETO,CURRICULO_REFERENCIA_MS_EF_V1_10,125
EF_AI,EF1|EF2|EF3|EF4|EF5,CURRICULAR,Língua Portuguesa,LP,MS.EF15LP15.s.15,"Reconhecer que os textos literários fazem parte do mundo do imaginário e apresentam uma dimensão lúdica, de encantamento, valorizando-os, em sua diversidade cultural, como patrimônio artístico da humanidade.",Leitura/escuta (compartilhada e autônoma) Práticas de Linguagem,Formação do leitor literário Objetos de Conhecimento,CURRICULO_REFERENCIA_MS_EF_V1_10,CURRICULO_COMPLETO,CURRICULO_REFERENCIA_MS_EF_V1_10,125
EF_AI,EF1|EF2|EF3|EF4|EF5,CURRICULAR,Língua Portuguesa,LP,MS.EF15LP16.s.16,"Ler e compreender, em colaboração com os colegas e com a ajuda do professor e, mais tarde, de maneira autônoma, textos narrativos de maior porte como contos (populares, de fadas, acumulativos, de assombração etc.) e crônicas.",Leitura/escuta (compartilhada e autônoma) Práticas de Linguagem,Leitura colaborativa e autônoma,CURRICULO_REFERENCIA_MS_EF_V1_10,CURRICULO_COMPLETO,CURRICULO_REFERENCIA_MS_EF_V1_10,126
EF_AI,EF1|EF2|EF3|EF4|EF5,CURRICULAR,Língua Portuguesa,LP,MS.EF15LP17.s.17,"Apreciar poemas visuais e concretos, observando efeitos de sentido criados pelo formato do texto na página, distribuição e diagramação das letras, pelas ilustrações e por outros efeitos visuais.",Leitura/escuta (compartilhada e autônoma) Práticas de Linguagem,Apreciação estética/Estilo,CURRICULO_REFERENCIA_MS_EF_V1_10,CURRICULO_COMPLETO,CURRICULO_REFERENCIA_MS_EF_V1_10,126
EF_AI,EF1|EF2|EF3|EF4|EF5,CURRICULAR,Língua Portuguesa,LP,MS.EF15LP18.s.18,Relacionar texto com ilustrações e outros recursos gráficos.,Leitura/escuta (compartilhada e autônoma) Práticas de Linguagem,Formação do leitor literário/Leitura multissemiótica,CURRICULO_REFERENCIA_MS_EF_V1_10,CURRICULO_COMPLETO,CURRICULO_REFERENCIA_MS_EF_V1_10,126
EF_AI,EF1|EF2|EF3|EF4|EF5,CURRICULAR,Língua Portuguesa,LP,MS.EF15LP19.s.19,"Recontar oralmente, com e sem apoio de imagem, textos literários lidos pelo professor.",Oralidade Práticas de Linguagem,Contagem de histórias Objetos de Conhecimento,CURRICULO_REFERENCIA_MS_EF_V1_10,CURRICULO_COMPLETO,CURRICULO_REFERENCIA_MS_EF_V1_10,126
EF_AI,EF2,CURRICULAR,Língua Portuguesa,LP,MS.EF02LP01.s.01,"Utilizar, ao produzir o texto, grafia correta de palavras conhecidas ou com estruturas silábicas já dominadas, letras maiúsculas em início de frases e em substantivos próprios, segmentação entre as palavras, ponto final, ponto de interrogação e ponto de exclamação.",Escrita (compartilhada e autônoma),Construção do sistema alfabético/ Convenções da escrita,CURRICULO_REFERENCIA_MS_EF_V1_10,CURRICULO_COMPLETO,CURRICULO_REFERENCIA_MS_EF_V1_10,150
EF_AI,EF2,CURRICULAR,Língua Portuguesa,LP,MS.EF02LP02.s.02,"Segmentar palavras em sílabas e remover e substituir sílabas iniciais, mediais ou finais para criar novas palavras.",Análise linguística/ semiótica (Alfabetização) Práticas de Linguagem,Construção do sistema alfabético e da ortografia Objetos de Conhecimento,CURRICULO_REFERENCIA_MS_EF_V1_10,CURRICULO_COMPLETO,CURRICULO_REFERENCIA_MS_EF_V1_10,150
EF_AI,EF2,CURRICULAR,Língua Portuguesa,LP,MS.EF02LP03.s.03,"Ler e escrever palavras com correspondências regulares diretas entre letras e fonemas (f, v, t, d, p, b) e correspondências regulares contextuais (c e q; e e o, em posição átona em final de palavra).",Análise linguística/ semiótica (Alfabetização) Práticas de Linguagem,Construção do sistema alfabético e da ortografia,CURRICULO_REFERENCIA_MS_EF_V1_10,CURRICULO_COMPLETO,CURRICULO_REFERENCIA_MS_EF_V1_10,151
EF_AI,EF2,CURRICULAR,Língua Portuguesa,LP,MS.EF02LP04.s.04,"Ler e escrever corretamente palavras com sílabas CV, V, CVC, CCV, identificando que existem vogais em todas as sílabas.",Práticas de Linguagem,Construção do sistema alfabético e da ortografia Objetos de Conhecimento,CURRICULO_REFERENCIA_MS_EF_V1_10,CURRICULO_COMPLETO,CURRICULO_REFERENCIA_MS_EF_V1_10,151
EF_AI,EF2,CURRICULAR,Língua Portuguesa,LP,MS.EF02LP05.s.05,"Ler e escrever corretamente palavras com marcas de nasalidade (til, m, n).",Práticas de Linguagem,Construção do sistema alfabético e da ortografia,CURRICULO_REFERENCIA_MS_EF_V1_10,CURRICULO_COMPLETO,CURRICULO_REFERENCIA_MS_EF_V1_10,152
EF_AI,EF2,CURRICULAR,Língua Portuguesa,LP,MS.EF02LP06.s.06,Perceber o princípio acrofônico que opera nos nomes das letras do alfabeto.,Práticas de Linguagem,Conhecimento do alfabeto do português do Brasil Objetos de Conhecimento,CURRICULO_REFERENCIA_MS_EF_V1_10,CURRICULO_COMPLETO,CURRICULO_REFERENCIA_MS_EF_V1_10,152
EF_AI,EF2,CURRICULAR,Língua Portuguesa,LP,MS.EF02LP07.s.07,"Escrever palavras, frases, textos curtos nas formas imprensa e cursiva.",Práticas de Linguagem,Conhecimento das diversas grafias do alfabeto/ Acentuação,CURRICULO_REFERENCIA_MS_EF_V1_10,CURRICULO_COMPLETO,CURRICULO_REFERENCIA_MS_EF_V1_10,153
EF_AI,EF2,CURRICULAR,Língua Portuguesa,LP,MS.EF02LP08.s.08,Segmentar corretamente as palavras ao escrever frases e textos.,Práticas de Linguagem,Segmentação de palavras/Classificação de palavras por número de sílabas Objetos de Conhecimento,CURRICULO_REFERENCIA_MS_EF_V1_10,CURRICULO_COMPLETO,CURRICULO_REFERENCIA_MS_EF_V1_10,153
EF_AI,EF2,CURRICULAR,Língua Portuguesa,LP,MS.EF02LP09.s.09,"Usar adequadamente ponto final, ponto de interrogação e ponto de exclamação.",Práticas de Linguagem,Pontuação Objetos de Conhecimento,CURRICULO_REFERENCIA_MS_EF_V1_10,CURRICULO_COMPLETO,CURRICULO_REFERENCIA_MS_EF_V1_10,154
EF_AI,EF2,CURRICULAR,Língua Portuguesa,LP,MS.EF02LP10.s.10,"Identificar sinônimos de palavras de texto lido, determinando a diferença de sentido entre eles, e formar antônimos de palavras encontradas em texto lido pelo acréscimo do prefixo de negação in-/im-.",Práticas de Linguagem,Sinonímia e antonímia/Morfologia/ Pontuação,CURRICULO_REFERENCIA_MS_EF_V1_10,CURRICULO_COMPLETO,CURRICULO_REFERENCIA_MS_EF_V1_10,155
EF_AI,EF2,CURRICULAR,Língua Portuguesa,LP,MS.EF02LP11.s.11,Formar o aumentativo e o diminutivo de palavras com os sufixos -ão e -inho / -zinho. CAMPO DA VIDA COTIDIANA,Práticas de Linguagem,Morfologia,CURRICULO_REFERENCIA_MS_EF_V1_10,CURRICULO_COMPLETO,CURRICULO_REFERENCIA_MS_EF_V1_10,155
EF_AI,EF2,CURRICULAR,Língua Portuguesa,LP,MS.EF02LP12.s.12,"Ler e compreender com certa autonomia cantigas, letras de canção, dentre outros gêneros do campo da vida cotidiana, considerando a situação comunicativa e o tema/assunto do texto e relacionando sua forma de organização à sua finalidade.",Leitura/escuta (compartilhada e autônoma) Práticas de Linguagem,Compreensão em leitura Objetos de Conhecimento,CURRICULO_REFERENCIA_MS_EF_V1_10,CURRICULO_COMPLETO,CURRICULO_REFERENCIA_MS_EF_V1_10,155
EF_AI,EF2,CURRICULAR,Língua Portuguesa,LP,MS.EF02LP13.s.13,"Planejar e produzir bilhetes e cartas, em meio impresso e/ou digital, dentre outros gêneros do campo da vida cotidiana, considerando a situação comunicativa e o tema/assunto/finalidade do texto.",Escrita (compartilhada e autônoma) Práticas de Linguagem,Escrita autônoma e compartilhada Objetos de Conhecimento,CURRICULO_REFERENCIA_MS_EF_V1_10,CURRICULO_COMPLETO,CURRICULO_REFERENCIA_MS_EF_V1_10,156
EF_AI,EF2,CURRICULAR,Língua Portuguesa,LP,MS.EF02LP14.s.14,"Planejar e produzir pequenos relatos de observação de processos, de fatos, de experiências pessoais, mantendo as características do gênero, considerando a situação comunicativa e o tema/assunto do texto.",Escrita (compartilhada e autônoma),Escrita autônoma e compartilhada,CURRICULO_REFERENCIA_MS_EF_V1_10,CURRICULO_COMPLETO,CURRICULO_REFERENCIA_MS_EF_V1_10,157
EF_AI,EF2,CURRICULAR,Língua Portuguesa,LP,MS.EF02LP15.s.15,"Cantar cantigas e canções, obedecendo ao ritmo e à melodia.",Oralidade Práticas de Linguagem,Produção de texto oral Objetos de Conhecimento,CURRICULO_REFERENCIA_MS_EF_V1_10,CURRICULO_COMPLETO,CURRICULO_REFERENCIA_MS_EF_V1_10,157
EF_AI,EF2,CURRICULAR,Língua Portuguesa,LP,MS.EF02LP16.s.16,"Identificar e reproduzir, em bilhetes, recados, avisos, cartas, e-mails, receitas (modo de fazer), relatos (digitais ou impressos), a formatação e diagramação específica de cada um desses gêneros.",Análise linguística/ semiótica (Alfabetização),Forma de composição do texto,CURRICULO_REFERENCIA_MS_EF_V1_10,CURRICULO_COMPLETO,CURRICULO_REFERENCIA_MS_EF_V1_10,158
EF_AI,EF2,CURRICULAR,Língua Portuguesa,LP,MS.EF02LP17.s.17,"Identificar e reproduzir, em relatos de experiências pessoais, a sequência dos fatos, utilizando expressões que marquem a passagem do tempo (“antes”, “depois”, “ontem”, “hoje”, “amanhã”, “outro dia”, “antigamente”, “há muito tempo” etc.), e o nível de informatividade necessário. CAMPO DA VIDA PÚBLICA",Análise linguística/semiótic a (Alfabetização),Forma de composição do texto,CURRICULO_REFERENCIA_MS_EF_V1_10,CURRICULO_COMPLETO,CURRICULO_REFERENCIA_MS_EF_V1_10,158
EF_AI,EF2,CURRICULAR,Língua Portuguesa,LP,MS.EF02LP18.s.18,"Planejar e produzir cartazes e folhetos para divulgar eventos da escola ou da comunidade, utilizando linguagem persuasiva e elementos textuais e visuais (tamanho da letra, leiaute, imagens) adequados ao gênero, considerando a situação comunicativa e o tema/assunto do texto.",Escrita (compartilhada e autônoma) Práticas de Linguagem,Escrita compartilhada Objetos de Conhecimento,CURRICULO_REFERENCIA_MS_EF_V1_10,CURRICULO_COMPLETO,CURRICULO_REFERENCIA_MS_EF_V1_10,158
EF_AI,EF2,CURRICULAR,Língua Portuguesa,LP,MS.EF02LP19.s.19,"Planejar e produzir, em colaboração com os colegas e com a ajuda do professor, notícias curtas para público infantil, para compor jornal falado que possa ser repassado oralmente ou em meio digital, em áudio ou vídeo, dentre outros gêneros do campo jornalístico, considerando a situação comunicativa e o tema/assunto do texto. DAS PRÁTICAS DE ESTUDO E",Oralidade,Produção de texto oral CAMPO,CURRICULO_REFERENCIA_MS_EF_V1_10,CURRICULO_COMPLETO,CURRICULO_REFERENCIA_MS_EF_V1_10,159
EF_AI,EF2,CURRICULAR,Língua Portuguesa,LP,MS.EF02LP20.s.20,"Reconhecer a função de textos utilizados para apresentar informações coletadas em atividades de pesquisa (enquetes, pequenas entrevistas, registros de experimentações).",Leitura/escuta (compartilhada e autônoma) Práticas de Linguagem,Imagens analíticas em textos Objetos de Conhecimento,CURRICULO_REFERENCIA_MS_EF_V1_10,CURRICULO_COMPLETO,CURRICULO_REFERENCIA_MS_EF_V1_10,159
EF_AI,EF2,CURRICULAR,Língua Portuguesa,LP,MS.EF02LP21.s.21,"Explorar, com a mediação do professor, textos informativos de diferentes ambientes digitais de pesquisa, conhecendo suas possibilidades.",Leitura/escuta (compartilhada e autônoma) Práticas de Linguagem,Pesquisa,CURRICULO_REFERENCIA_MS_EF_V1_10,CURRICULO_COMPLETO,CURRICULO_REFERENCIA_MS_EF_V1_10,160
EF_AI,EF2,CURRICULAR,Língua Portuguesa,LP,MS.EF02LP22.s.22,"Planejar e produzir, em colaboração com os colegas e com a ajuda do professor, pequenos relatos de experimentos, entrevistas, verbetes de enciclopédia infantil, dentre outros gêneros do campo investigativo, digitais ou impressos, considerando a situação comunicativa e o tema/assunto/finalidade do texto.",Escrita (compartilhada e autônoma) Práticas de Linguagem,Produção de textos Objetos de Conhecimento,CURRICULO_REFERENCIA_MS_EF_V1_10,CURRICULO_COMPLETO,CURRICULO_REFERENCIA_MS_EF_V1_10,160
EF_AI,EF2,CURRICULAR,Língua Portuguesa,LP,MS.EF02LP23.s.23,"Planejar e produzir, com certa autonomia, pequenos registros de observação de resultados de pesquisa, coerentes com um tema investigado.",Escrita (compartilhada e autônoma) Práticas de Linguagem,Escrita autônoma,CURRICULO_REFERENCIA_MS_EF_V1_10,CURRICULO_COMPLETO,CURRICULO_REFERENCIA_MS_EF_V1_10,161
EF_AI,EF2,CURRICULAR,Língua Portuguesa,LP,MS.EF02LP24.s.24,"Planejar e produzir, em colaboração com os colegas e com a ajuda do professor, relatos de experimentos, registros de observação, entrevistas, dentre outros gêneros do campo investigativo, que possam ser repassados oralmente por meio de ferramentas digitais, em áudio ou vídeo, considerando a situação comunicativa e o tema/assunto/ finalidade do texto.",Oralidade Práticas de Linguagem,Planejamento de texto oral Exposição oral Objetos de Conhecimento,CURRICULO_REFERENCIA_MS_EF_V1_10,CURRICULO_COMPLETO,CURRICULO_REFERENCIA_MS_EF_V1_10,161
EF_AI,EF2,CURRICULAR,Língua Portuguesa,LP,MS.EF02LP25.s.25,"Identificar e reproduzir, em relatos de experimentos, entrevistas, verbetes de enciclopédia infantil, digitais ou impressos, a formatação e diagramação específica de cada um desses gêneros, inclusive em suas versões orais. CAMPO ARTÍSTICO-LITERÁRIO",Análise linguística/semiótic a (Alfabetização),Forma de composição dos textos/Adequação do texto às normas de escrita,CURRICULO_REFERENCIA_MS_EF_V1_10,CURRICULO_COMPLETO,CURRICULO_REFERENCIA_MS_EF_V1_10,162
EF_AI,EF2,CURRICULAR,Língua Portuguesa,LP,MS.EF02LP26.s.26,"Ler e compreender, com certa autonomia, textos literários, de gêneros variados, desenvolvendo o gosto pela leitura.",Leitura/escuta (compartilhada e autônoma) Práticas de Linguagem,Formação do leitor literário Objetos de Conhecimento,CURRICULO_REFERENCIA_MS_EF_V1_10,CURRICULO_COMPLETO,CURRICULO_REFERENCIA_MS_EF_V1_10,162
EF_AI,EF2,CURRICULAR,Língua Portuguesa,LP,MS.EF02LP27.s.27,Reescrever textos narrativos literários lidos pelo professor.,Escrita (compartilhada e autônoma) Práticas de Linguagem,Escrita autônoma e compartilhada Objetos de Conhecimento,CURRICULO_REFERENCIA_MS_EF_V1_10,CURRICULO_COMPLETO,CURRICULO_REFERENCIA_MS_EF_V1_10,163
EF_AI,EF2,CURRICULAR,Língua Portuguesa,LP,MS.EF02LP28.s.28,"Reconhecer o conflito gerador de uma narrativa ficcional e sua resolução, além de palavras, expressões e frases que caracterizam personagens e ambientes.",Análise linguística/ semiótica (Alfabetização),Formas de composição de narrativas,CURRICULO_REFERENCIA_MS_EF_V1_10,CURRICULO_COMPLETO,CURRICULO_REFERENCIA_MS_EF_V1_10,164
EF_AI,EF2,CURRICULAR,Língua Portuguesa,LP,MS.EF02LP29.s.29,"Observar, em poemas visuais, o formato do texto na página, as ilustrações e outros efeitos visuais.",Análise linguística/ semiótica (Alfabetização),Formas de composição de textos poéticos visuais,CURRICULO_REFERENCIA_MS_EF_V1_10,CURRICULO_COMPLETO,CURRICULO_REFERENCIA_MS_EF_V1_10,164
EF_AI,EF3,CURRICULAR,Língua Portuguesa,LP,MS.EF03LP01.s.01,"Ler e escrever palavras com correspondências regulares contextuais entre grafemas e fonemas – c/qu; g/gu; r/rr; s/ss; o (e não u) e e (e não i) em sílaba átona em final de palavra – e com marcas de nasalidade (til, m, n).",Análise linguística/ semiótica (Ortografização),Construção do sistema alfabético e da ortografia,CURRICULO_REFERENCIA_MS_EF_V1_10,CURRICULO_COMPLETO,CURRICULO_REFERENCIA_MS_EF_V1_10,176
EF_AI,EF3,CURRICULAR,Língua Portuguesa,LP,MS.EF03LP02.s.02,"Ler e escrever corretamente palavras com sílabas CV, V, CVC, CCV, VC, VV, CVV, identificando que existem vogais em todas as sílabas.",Práticas de Linguagem,Construção do sistema alfabético e da ortografia Objetos de Conhecimento,CURRICULO_REFERENCIA_MS_EF_V1_10,CURRICULO_COMPLETO,CURRICULO_REFERENCIA_MS_EF_V1_10,176
EF_AI,EF3,CURRICULAR,Língua Portuguesa,LP,MS.EF03LP03.s.03,"Ler e escrever corretamente palavras com os dígrafos lh, nh, ch.",Práticas de Linguagem,Construção do sistema alfabético e da ortografia,CURRICULO_REFERENCIA_MS_EF_V1_10,CURRICULO_COMPLETO,CURRICULO_REFERENCIA_MS_EF_V1_10,177
EF_AI,EF3,CURRICULAR,Língua Portuguesa,LP,MS.EF03LP04.s.04,"Usar acento gráfico (agudo ou circunflexo) em monossílabos tônicos terminados em a, e, o e em palavras oxítonas terminadas em a, e, o, seguidas ou não de s.",Práticas de Linguagem,Conhecimento das diversas grafias do alfabeto/ Acentuação,CURRICULO_REFERENCIA_MS_EF_V1_10,CURRICULO_COMPLETO,CURRICULO_REFERENCIA_MS_EF_V1_10,177
EF_AI,EF3,CURRICULAR,Língua Portuguesa,LP,MS.EF03LP05.s.05,"Identificar o número de sílabas de palavras, classificando-as em monossílabas, dissílabas, trissílabas e polissílabas.",Práticas de Linguagem,Segmentação de palavras/Classificação de palavras por número de sílabas Objetos de Conhecimento,CURRICULO_REFERENCIA_MS_EF_V1_10,CURRICULO_COMPLETO,CURRICULO_REFERENCIA_MS_EF_V1_10,177
EF_AI,EF3,CURRICULAR,Língua Portuguesa,LP,MS.EF03LP06.s.06,"Identificar a sílaba tônica em palavras, classificando-as em oxítonas, paroxítonas e proparoxítonas.",Práticas de Linguagem,Construção do sistema alfabético,CURRICULO_REFERENCIA_MS_EF_V1_10,CURRICULO_COMPLETO,CURRICULO_REFERENCIA_MS_EF_V1_10,178
EF_AI,EF3,CURRICULAR,Língua Portuguesa,LP,MS.EF03LP07.s.07,"Identificar a função na leitura e usar na escrita ponto final, ponto de interrogação, ponto de exclamação e, em diálogos (discurso direto), dois-pontos e travessão.",Práticas de Linguagem,Pontuação,CURRICULO_REFERENCIA_MS_EF_V1_10,CURRICULO_COMPLETO,CURRICULO_REFERENCIA_MS_EF_V1_10,178
EF_AI,EF3,CURRICULAR,Língua Portuguesa,LP,MS.EF03LP08.s.08,"Identificar e diferenciar, em textos, substantivos e verbos e suas funções na oração: agente, ação, objeto da ação.",Práticas de Linguagem,Morfologia Objetos de Conhecimento,CURRICULO_REFERENCIA_MS_EF_V1_10,CURRICULO_COMPLETO,CURRICULO_REFERENCIA_MS_EF_V1_10,178
EF_AI,EF3,CURRICULAR,Língua Portuguesa,LP,MS.EF03LP09.s.09,"Identificar, em textos, adjetivos e sua função de atribuição de propriedades aos substantivos.",Práticas de Linguagem,Morfossintaxe,CURRICULO_REFERENCIA_MS_EF_V1_10,CURRICULO_COMPLETO,CURRICULO_REFERENCIA_MS_EF_V1_10,179
EF_AI,EF3,CURRICULAR,Língua Portuguesa,LP,MS.EF03LP10.s.10,"Reconhecer prefixos e sufixos produtivos na formação de palavras derivadas de substantivos, de adjetivos e de verbos, utilizando-os para compreender palavras e para formar novas palavras. CAMPO DA VIDA COTIDIANA",Práticas de Linguagem,Morfologia,CURRICULO_REFERENCIA_MS_EF_V1_10,CURRICULO_COMPLETO,CURRICULO_REFERENCIA_MS_EF_V1_10,179
EF_AI,EF3,CURRICULAR,Língua Portuguesa,LP,MS.EF03LP11.s.11,"Ler e compreender, com autonomia, textos injuntivos instrucionais (receitas, instruções de montagem etc.), com a estrutura própria desses textos (verbos imperativos, indicação de passos a ser seguidos) e mesclando palavras, imagens e recursos gráfico-visuais, considerando a situação comunicativa e o tema/assunto do texto.",Leitura/escuta (compartilhada e autônoma) Práticas de Linguagem,Compreensão em leitura Objetos de Conhecimento,CURRICULO_REFERENCIA_MS_EF_V1_10,CURRICULO_COMPLETO,CURRICULO_REFERENCIA_MS_EF_V1_10,179
EF_AI,EF3,CURRICULAR,Língua Portuguesa,LP,MS.EF03LP12.s.12,"Ler e compreender, com autonomia, cartas pessoais e diários, com expressão de sentimentos e opiniões, dentre outros gêneros do campo da vida cotidiana, de acordo com as convenções do gênero carta e considerando a situação comunicativa e o tema/assunto do texto.",Leitura/escuta (compartilhada e autônoma) Práticas de Linguagem,Compreensão em leitura,CURRICULO_REFERENCIA_MS_EF_V1_10,CURRICULO_COMPLETO,CURRICULO_REFERENCIA_MS_EF_V1_10,180
EF_AI,EF3,CURRICULAR,Língua Portuguesa,LP,MS.EF03LP13.s.13,"Planejar e produzir cartas pessoais e diários, com expressão de sentimentos e opiniões, dentre outros gêneros do campo da vida cotidiana, de acordo com as convenções dos gêneros carta e diário e considerando a situação comunicativa e o tema/assunto do texto.",Produção de textos (escrita compartilhada e autônoma),Escrita colaborativa,CURRICULO_REFERENCIA_MS_EF_V1_10,CURRICULO_COMPLETO,CURRICULO_REFERENCIA_MS_EF_V1_10,180
EF_AI,EF3,CURRICULAR,Língua Portuguesa,LP,MS.EF03LP14.s.14,"Planejar e produzir textos injuntivos instrucionais, com a estrutura própria desses textos (verbos imperativos, indicação de passos a ser seguidos) e mesclando palavras, imagens e recursos gráfico-visuais, considerando a situação comunicativa e o tema/ assunto do texto.",Escrita (compartilhada e autônoma) Práticas de Linguagem,Escrita colaborativa Objetos de Conhecimento,CURRICULO_REFERENCIA_MS_EF_V1_10,CURRICULO_COMPLETO,CURRICULO_REFERENCIA_MS_EF_V1_10,180
EF_AI,EF3,CURRICULAR,Língua Portuguesa,LP,MS.EF03LP15.s.15,"Assistir, em vídeo digital, a programa de culinária infantil e, a partir dele, planejar e produzir receitas em áudio ou vídeo.",Oralidade,Produção de texto oral,CURRICULO_REFERENCIA_MS_EF_V1_10,CURRICULO_COMPLETO,CURRICULO_REFERENCIA_MS_EF_V1_10,181
EF_AI,EF3,CURRICULAR,Língua Portuguesa,LP,MS.EF03LP16.s.16,"Identificar e reproduzir, em textos injuntivos instrucionais (receitas, instruções de montagem, digitais ou impressos), a formatação própria desses textos (verbos imperativos, indicação de passos a ser seguidos) e a diagramação específica dos textos desses gêneros (lista de ingredientes ou materiais e instruções de execução – ""modo de fazer"").",Análise linguística/ semiótica (Ortografização) Práticas de Linguagem,Forma de composição do texto Objetos de Conhecimento,CURRICULO_REFERENCIA_MS_EF_V1_10,CURRICULO_COMPLETO,CURRICULO_REFERENCIA_MS_EF_V1_10,181
EF_AI,EF3,CURRICULAR,Língua Portuguesa,LP,MS.EF03LP17.s.17,"Identificar e reproduzir, em gêneros epistolares e diários, a formatação própria desses textos (relatos de acontecimentos, expressão de vivências, emoções, opiniões ou críticas) e a diagramação específica dos textos desses gêneros (data, saudação, corpo do texto, despedida, assinatura).",Análise linguística/ semiótica (Ortografização) Práticas de Linguagem,Forma de composição do texto,CURRICULO_REFERENCIA_MS_EF_V1_10,CURRICULO_COMPLETO,CURRICULO_REFERENCIA_MS_EF_V1_10,182
EF_AI,EF3,CURRICULAR,Língua Portuguesa,LP,MS.EF03LP18.s.18,"Ler e compreender, com autonomia, cartas dirigidas a veículos da mídia impressa ou digital (cartas de leitor e de reclamação a jornais, revistas) e notícias, dentre outros gêneros do campo jornalístico, de acordo com as convenções do gênero carta e considerando a situação comunicativa e o tema/assunto do texto.",Leitura/escuta (compartilhada e autônoma),Compreensão em leitura,CURRICULO_REFERENCIA_MS_EF_V1_10,CURRICULO_COMPLETO,CURRICULO_REFERENCIA_MS_EF_V1_10,182
EF_AI,EF3,CURRICULAR,Língua Portuguesa,LP,MS.EF03LP19.s.19,"Identificar e discutir o propósito do uso de recursos de persuasão (cores, imagens, escolha de palavras, jogo de palavras, tamanho de letras) em textos publicitários e de propaganda, como elementos de convencimento.",Práticas de Linguagem,Compreensão em leitura Objetos de Conhecimento,CURRICULO_REFERENCIA_MS_EF_V1_10,CURRICULO_COMPLETO,CURRICULO_REFERENCIA_MS_EF_V1_10,182
EF_AI,EF3,CURRICULAR,Língua Portuguesa,LP,MS.EF03LP20.s.20,"Produzir cartas dirigidas a veículos da mídia impressa ou digital (cartas do leitor ou de reclamação a jornais ou revistas), dentre outros gêneros do campo políticocidadão, com opiniões e críticas, de acordo com as convenções do gênero carta e considerando a situação comunicativa e o tema/assunto do texto.",Produção de textos (escrita compartilhada e autônoma),Escrita colaborativa,CURRICULO_REFERENCIA_MS_EF_V1_10,CURRICULO_COMPLETO,CURRICULO_REFERENCIA_MS_EF_V1_10,183
EF_AI,EF3,CURRICULAR,Língua Portuguesa,LP,MS.EF03LP21.s.21,"Produzir anúncios publicitários, textos de campanhas de conscientização destinados ao público infantil, observando os recursos de persuasão utilizados nos textos publicitários e de propaganda (cores, imagens, slogan, escolha de palavras, jogo de palavras, tamanho e tipo de letras, diagramação).",Práticas de Linguagem,Escrita colaborativa Objetos de Conhecimento,CURRICULO_REFERENCIA_MS_EF_V1_10,CURRICULO_COMPLETO,CURRICULO_REFERENCIA_MS_EF_V1_10,183
EF_AI,EF3,CURRICULAR,Língua Portuguesa,LP,MS.EF03LP22.s.22,"Planejar e produzir, em colaboração com os colegas, telejornal para público infantil com algumas notícias e textos de campanhas que possam ser repassados oralmente ou em meio digital, em áudio ou vídeo, considerando a situação comunicativa, a organização específica da fala nesses gêneros e o tema/assunto/ finalidade dos textos.",Oralidade,Planejamento e produção de texto,CURRICULO_REFERENCIA_MS_EF_V1_10,CURRICULO_COMPLETO,CURRICULO_REFERENCIA_MS_EF_V1_10,184
EF_AI,EF3,CURRICULAR,Língua Portuguesa,LP,MS.EF03LP23.s.23,"Analisar o uso de adjetivos em cartas dirigidas a veículos da mídia impressa ou digital (cartas do leitor ou de reclamação a jornais ou revistas), digitais ou impressas. DAS PRÁTICAS DE ESTUDO E",Análise linguística/ semiótica (Ortografização),Forma de composição dos textos CAMPO,CURRICULO_REFERENCIA_MS_EF_V1_10,CURRICULO_COMPLETO,CURRICULO_REFERENCIA_MS_EF_V1_10,184
EF_AI,EF3,CURRICULAR,Língua Portuguesa,LP,MS.EF03LP24.s.24,"Ler/ouvir e compreender, com autonomia, relatos de observações e de pesquisas em fontes de informações, considerando a situação comunicativa e o tema/assunto do texto.",Leitura/escuta (compartilhada e autônoma) Práticas de Linguagem,Compreensão em leitura Objetos de Conhecimento,CURRICULO_REFERENCIA_MS_EF_V1_10,CURRICULO_COMPLETO,CURRICULO_REFERENCIA_MS_EF_V1_10,184
EF_AI,EF3,CURRICULAR,Língua Portuguesa,LP,MS.EF03LP25.s.25,"Planejar e produzir textos para apresentar resultados de observações e de pesquisas em fontes de informações, incluindo, quando pertinente, imagens, diagramas e gráficos ou tabelas simples, considerando a situação comunicativa e o tema/assunto do texto.",Produção de textos (escrita compartilhada e autônoma) Práticas de Linguagem,Produção de textos Objetos de Conhecimento,CURRICULO_REFERENCIA_MS_EF_V1_10,CURRICULO_COMPLETO,CURRICULO_REFERENCIA_MS_EF_V1_10,185
EF_AI,EF3,CURRICULAR,Língua Portuguesa,LP,MS.EF03LP26.26,"Identificar e reproduzir, em relatórios de observação e pesquisa, a formatação e diagramação específica desses gêneros (passos ou listas de itens, tabelas, ilustrações, gráficos, resumo dos resultados), inclusive em suas versões orais. CAMPO ARTÍSTICO-LITERÁRIO",Análise linguística/ semiótica (Ortografização),Forma de composição dos textos Adequação do texto às normas de escrita,CURRICULO_REFERENCIA_MS_EF_V1_10,CURRICULO_COMPLETO,CURRICULO_REFERENCIA_MS_EF_V1_10,186
EF_AI,EF3,CURRICULAR,Língua Portuguesa,LP,MS.EF03LP27.s.27,"Recitar cordel e cantar repentes e emboladas, observando as rimas e obedecendo ao ritmo e à melodia.",Oralidade,Performances orais,CURRICULO_REFERENCIA_MS_EF_V1_10,CURRICULO_COMPLETO,CURRICULO_REFERENCIA_MS_EF_V1_10,186
EF_AI,EF3|EF4|EF5,CURRICULAR,Língua Portuguesa,LP,MS.EF35LP00.n.28,"Criar, com certa autonomia, textos em versos, explorando rimas, sons e jogos de palavras, imagens poéticas (sentidos figurados) e recursos visuais e sonoros.",Práticas de Linguagem,Escrita autônoma Objetos de Conhecimento,CURRICULO_REFERENCIA_MS_EF_V1_10,CURRICULO_COMPLETO,CURRICULO_REFERENCIA_MS_EF_V1_10,174
EF_AI,EF3|EF4|EF5,CURRICULAR,Língua Portuguesa,LP,MS.EF35LP01.s.01,"Ler e compreender, silenciosamente e, em seguida, em voz alta, com autonomia e fluência, textos curtos com nível de textualidade adequado.",Leitura/escuta (compartilhada e autônoma),Decodificação/ Fluência de leitura,CURRICULO_REFERENCIA_MS_EF_V1_10,CURRICULO_COMPLETO,CURRICULO_REFERENCIA_MS_EF_V1_10,165
EF_AI,EF3|EF4|EF5,CURRICULAR,Língua Portuguesa,LP,MS.EF35LP02.s02,"Selecionar livros da biblioteca e/ou do cantinho de leitura da sala de aula e/ou disponíveis em meios digitais para leitura individual, justificando a escolha e compartilhando com os colegas sua opinião, após a leitura.",Leitura/escuta (compartilhada e autônoma),Formação de leitor,CURRICULO_REFERENCIA_MS_EF_V1_10,CURRICULO_COMPLETO,CURRICULO_REFERENCIA_MS_EF_V1_10,165
EF_AI,EF3|EF4|EF5,CURRICULAR,Língua Portuguesa,LP,MS.EF35LP03.s.03,"Identificar a ideia central do texto, demonstrando compreensão global.",Práticas de Linguagem,Compreensão Objetos de Conhecimento,CURRICULO_REFERENCIA_MS_EF_V1_10,CURRICULO_COMPLETO,CURRICULO_REFERENCIA_MS_EF_V1_10,165
EF_AI,EF3|EF4|EF5,CURRICULAR,Língua Portuguesa,LP,MS.EF35LP04.s.04,Inferir informações implícitas nos textos lidos.,Práticas de Linguagem,Estratégia de leitura,CURRICULO_REFERENCIA_MS_EF_V1_10,CURRICULO_COMPLETO,CURRICULO_REFERENCIA_MS_EF_V1_10,166
EF_AI,EF3|EF4|EF5,CURRICULAR,Língua Portuguesa,LP,MS.EF35LP05.s.05,"Inferir o sentido de palavras ou expressões desconhecidas em textos, com base no contexto da frase ou do texto.",Práticas de Linguagem,Estratégia de leitura,CURRICULO_REFERENCIA_MS_EF_V1_10,CURRICULO_COMPLETO,CURRICULO_REFERENCIA_MS_EF_V1_10,166
EF_AI,EF3|EF4|EF5,CURRICULAR,Língua Portuguesa,LP,MS.EF35LP06.s.06,"Recuperar relações entre partes de um texto, identificando substituições lexicais (de substantivos por sinônimos) ou pronominais (uso de pronomes anafóricos – pessoais, possessivos, demonstrativos) que contribuem para a continuidade do texto.",Práticas de Linguagem,Estratégia de leitura Objetos de Conhecimento,CURRICULO_REFERENCIA_MS_EF_V1_10,CURRICULO_COMPLETO,CURRICULO_REFERENCIA_MS_EF_V1_10,166
EF_AI,EF3|EF4|EF5,CURRICULAR,Língua Portuguesa,LP,MS.EF35LP07.s.07,"Utilizar, ao produzir um texto, conhecimentos linguísticos e gramaticais, tais como ortografia, regras básicas de concordância nominal e verbal, pontuação (ponto final, ponto de exclamação, ponto de interrogação, vírgulas em enumerações) e pontuação do discurso direto, quando for o caso.",Produção de textos (escrita compartilhada e autônoma),Construção do sistema alfabético/ Convenções da escrita,CURRICULO_REFERENCIA_MS_EF_V1_10,CURRICULO_COMPLETO,CURRICULO_REFERENCIA_MS_EF_V1_10,167
EF_AI,EF3|EF4|EF5,CURRICULAR,Língua Portuguesa,LP,MS.EF35LP08.s.08,"Utilizar, ao produzir um texto, recursos de referenciação (por substituição lexical ou por pronomes pessoais, possessivos e demonstrativos), vocabulário apropriado ao gênero, recursos de coesão pronominal (pronomes anafóricos) e articuladores de relações de sentido (tempo, causa, oposição, conclusão, comparação), com nível suficiente de informatividade.",Produção de textos (escrita compartilhada e autônoma),Construção do sistema alfabético/ Estabelecimento de relações anafóricas na referenciação e construção da coesão,CURRICULO_REFERENCIA_MS_EF_V1_10,CURRICULO_COMPLETO,CURRICULO_REFERENCIA_MS_EF_V1_10,167
EF_AI,EF3|EF4|EF5,CURRICULAR,Língua Portuguesa,LP,MS.EF35LP09.s.09,"Organizar o texto em unidades de sentido, dividindo-o em parágrafos segundo as normas gráficas e de acordo com as características do gênero textual.",Práticas de Linguagem,Planejamento de texto/Progressão temática e paragrafação Objetos de Conhecimento,CURRICULO_REFERENCIA_MS_EF_V1_10,CURRICULO_COMPLETO,CURRICULO_REFERENCIA_MS_EF_V1_10,167
EF_AI,EF3|EF4|EF5,CURRICULAR,Língua Portuguesa,LP,MS.EF35LP10.s.10,"Identificar gêneros do discurso oral, utilizados em diferentes situações e contextos comunicativos, e suas características linguístico-expressivas e composicionais (conversação espontânea, conversação telefônica, entrevistas pessoais, entrevistas no rádio ou na TV, debate, noticiário de rádio e TV, narração de jogos esportivos no rádio e TV, aula, debate etc.).",Oralidade,Forma de composição de gêneros orais,CURRICULO_REFERENCIA_MS_EF_V1_10,CURRICULO_COMPLETO,CURRICULO_REFERENCIA_MS_EF_V1_10,168
EF_AI,EF3|EF4|EF5,CURRICULAR,Língua Portuguesa,LP,MS.EF35LP11.s.11,"Ouvir gravações, canções, textos falados em diferentes variedades linguísticas, identificando características regionais, urbanas e rurais da fala e respeitando as diversas variedades linguísticas como características do uso da língua por diferentes grupos regionais ou diferentes culturas locais, rejeitando preconceitos linguísticos.",Oralidade Práticas de Linguagem,Variação linguística Objetos de Conhecimento,CURRICULO_REFERENCIA_MS_EF_V1_10,CURRICULO_COMPLETO,CURRICULO_REFERENCIA_MS_EF_V1_10,168
EF_AI,EF3|EF4|EF5,CURRICULAR,Língua Portuguesa,LP,MS.EF35LP12.s.12,"Recorrer ao dicionário para esclarecer dúvida sobre a escrita de palavras, especialmente no caso de palavras com relações irregulares fonema-grafema.",Análise linguística/ semiótica (Ortografização),Construção do sistema alfabético e da ortografia,CURRICULO_REFERENCIA_MS_EF_V1_10,CURRICULO_COMPLETO,CURRICULO_REFERENCIA_MS_EF_V1_10,169
EF_AI,EF3|EF4|EF5,CURRICULAR,Língua Portuguesa,LP,MS.EF35LP13.s.13,Memorizar a grafia de palavras de uso frequente nas quais as relações fonemagrafema são irregulares e com h inicial que não representa fonema.,Análise linguística/ semiótica (Ortografização),Construção do sistema alfabético e da ortografia,CURRICULO_REFERENCIA_MS_EF_V1_10,CURRICULO_COMPLETO,CURRICULO_REFERENCIA_MS_EF_V1_10,169
EF_AI,EF3|EF4|EF5,CURRICULAR,Língua Portuguesa,LP,MS.EF35LP14.s.14,"Identificar em textos e usar na produção textual pronomes pessoais, possessivos e demonstrativos, como recurso coesivo anafórico. CAMPO DA VIDA PÚBLICA",Práticas de Linguagem,Morfologia Objetos de Conhecimento,CURRICULO_REFERENCIA_MS_EF_V1_10,CURRICULO_COMPLETO,CURRICULO_REFERENCIA_MS_EF_V1_10,169
EF_AI,EF3|EF4|EF5,CURRICULAR,Língua Portuguesa,LP,MS.EF35LP15.s.15,"Opinar e defender ponto de vista sobre tema polêmico relacionado a situações vivenciadas na escola e/ou na comunidade, utilizando registro formal e estrutura adequada à argumentação, considerando a situação comunicativa e o tema/assunto do texto.",Produção de textos (escrita compartilhada e autônoma),Escrita colaborativa,CURRICULO_REFERENCIA_MS_EF_V1_10,CURRICULO_COMPLETO,CURRICULO_REFERENCIA_MS_EF_V1_10,170
EF_AI,EF3|EF4|EF5,CURRICULAR,Língua Portuguesa,LP,MS.EF35LP16.s.16,"Identificar e reproduzir, em notícias, manchetes, lides e corpo de notícias simples para público infantil e cartas de reclamação (revista infantil), digitais ou impressos, a formatação e diagramação específica de cada um desses gêneros, inclusive em suas versões orais. DAS PRÁTICAS DE ESTUDO E",Análise linguística/ semiótica (Ortografização) Práticas de Linguagem,Forma de composição dos textos Objetos de Conhecimento CAMPO,CURRICULO_REFERENCIA_MS_EF_V1_10,CURRICULO_COMPLETO,CURRICULO_REFERENCIA_MS_EF_V1_10,170
EF_AI,EF3|EF4|EF5,CURRICULAR,Língua Portuguesa,LP,MS.EF35LP17.s.17,"Buscar e selecionar, com o apoio do professor, informações de interesse sobre fenômenos sociais e naturais, em textos que circulam em meios impressos ou digitais.",Leitura/escuta (compartilhada e autônoma),Pesquisa,CURRICULO_REFERENCIA_MS_EF_V1_10,CURRICULO_COMPLETO,CURRICULO_REFERENCIA_MS_EF_V1_10,171
EF_AI,EF3|EF4|EF5,CURRICULAR,Língua Portuguesa,LP,MS.EF35LP18.s.18,"Escutar, com atenção, apresentações de trabalhos realizadas por colegas, formulando perguntas pertinentes ao tema e solicitando esclarecimentos sempre que necessário.",Oralidade Práticas de Linguagem,Escuta de textos orais Objetos de Conhecimento,CURRICULO_REFERENCIA_MS_EF_V1_10,CURRICULO_COMPLETO,CURRICULO_REFERENCIA_MS_EF_V1_10,171
EF_AI,EF3|EF4|EF5,CURRICULAR,Língua Portuguesa,LP,MS.EF35LP19.s.19,"Recuperar as ideias principais em situações formais de escuta de exposições, apresentações e palestras.",Oralidade Práticas de Linguagem,Compreensão de textos orais,CURRICULO_REFERENCIA_MS_EF_V1_10,CURRICULO_COMPLETO,CURRICULO_REFERENCIA_MS_EF_V1_10,172
EF_AI,EF3|EF4|EF5,CURRICULAR,Língua Portuguesa,LP,MS.EF35LP20.s.20,"Expor trabalhos ou pesquisas escolares, em sala de aula, com apoio de recursos multissemióticos (imagens, diagrama, tabelas etc.), orientando-se por roteiro escrito, planejando o tempo de fala e adequando a linguagem à situação comunicativa. CAMPO ARTÍSTICO-LITERÁRIO",Oralidade Práticas de Linguagem,Planejamento de texto oral Exposição oral,CURRICULO_REFERENCIA_MS_EF_V1_10,CURRICULO_COMPLETO,CURRICULO_REFERENCIA_MS_EF_V1_10,172
EF_AI,EF3|EF4|EF5,CURRICULAR,Língua Portuguesa,LP,MS.EF35LP21.s.21,"Ler e compreender, de forma autônoma, textos literários de diferentes gêneros e extensões, inclusive aqueles sem ilustrações, estabelecendo preferências por gêneros, temas, autores.",Leitura/escuta (compartilhada e autônoma) Práticas de Linguagem,Formação do leitor literário Objetos de Conhecimento,CURRICULO_REFERENCIA_MS_EF_V1_10,CURRICULO_COMPLETO,CURRICULO_REFERENCIA_MS_EF_V1_10,172
EF_AI,EF3|EF4|EF5,CURRICULAR,Língua Portuguesa,LP,MS.EF35LP22.s.22,"Perceber diálogos em textos narrativos, observando o efeito de sentido de verbos de enunciação e, se for o caso, o uso de variedades linguísticas no discurso direto.",Leitura/escuta (compartilhada e autônoma) Práticas de Linguagem,Formação do leitor literário/ Leitura multissemiótica,CURRICULO_REFERENCIA_MS_EF_V1_10,CURRICULO_COMPLETO,CURRICULO_REFERENCIA_MS_EF_V1_10,173
EF_AI,EF3|EF4|EF5,CURRICULAR,Língua Portuguesa,LP,MS.EF35LP23.s.23,"Apreciar poemas e outros textos versificados, observando rimas, aliterações e diferentes modos de divisão dos versos, estrofes e refrões e seu efeito de sentido.",Leitura/escuta (compartilhada e autônoma) Práticas de Linguagem,Apreciação estética/Estilo,CURRICULO_REFERENCIA_MS_EF_V1_10,CURRICULO_COMPLETO,CURRICULO_REFERENCIA_MS_EF_V1_10,173
EF_AI,EF3|EF4|EF5,CURRICULAR,Língua Portuguesa,LP,MS.EF35LP24.s.24,Identificar funções do texto dramático (escrito para ser encenado) e sua organização por meio de diálogos entre personagens e marcadores das falas das personagens e de cena.,Leitura/escuta (compartilhada e autônoma) Práticas de Linguagem,Textos dramáticos,CURRICULO_REFERENCIA_MS_EF_V1_10,CURRICULO_COMPLETO,CURRICULO_REFERENCIA_MS_EF_V1_10,173
EF_AI,EF3|EF4|EF5,CURRICULAR,Língua Portuguesa,LP,MS.EF35LP25.s26,"Criar narrativas ficcionais, com certa autonomia, utilizando detalhes descritivos, sequências de eventos e imagens apropriadas para sustentar o sentido do texto, e marcadores de tempo, espaço e de fala de personagens.",Produção de textos (escrita compartilhada e autônoma) Práticas de Linguagem,Escrita autônoma e compartilhada,CURRICULO_REFERENCIA_MS_EF_V1_10,CURRICULO_COMPLETO,CURRICULO_REFERENCIA_MS_EF_V1_10,174
EF_AI,EF3|EF4|EF5,CURRICULAR,Língua Portuguesa,LP,MS.EF35LP26.s.25,"Ler e compreender, com certa autonomia, narrativas ficcionais que apresentem cenários e personagens, observando os elementos da estrutura narrativa: enredo, tempo, espaço, personagens, narrador e a construção do discurso indireto e discurso direto.",Produção de textos (escrita compartilhada e autônoma) Práticas de Linguagem,Escrita autônoma e compartilhada Objetos de Conhecimento,CURRICULO_REFERENCIA_MS_EF_V1_10,CURRICULO_COMPLETO,CURRICULO_REFERENCIA_MS_EF_V1_10,173
EF_AI,EF3|EF4|EF5,CURRICULAR,Língua Portuguesa,LP,MS.EF35LP27.s.27,"Ler e compreender, com certa autonomia, textos em versos, explorando rimas, sons e jogos de palavras, imagens poéticas (sentidos figurados) e recursos visuais e sonoros.",Produção de textos (escrita compartilhada e autônoma) Práticas de Linguagem,Escrita autônoma,CURRICULO_REFERENCIA_MS_EF_V1_10,CURRICULO_COMPLETO,CURRICULO_REFERENCIA_MS_EF_V1_10,174
EF_AI,EF3|EF4|EF5,CURRICULAR,Língua Portuguesa,LP,MS.EF35LP28.s.29,"Declamar poemas, com entonação, postura e interpretação adequadas.",Oralidade,Declamação,CURRICULO_REFERENCIA_MS_EF_V1_10,CURRICULO_COMPLETO,CURRICULO_REFERENCIA_MS_EF_V1_10,175
EF_AI,EF3|EF4|EF5,CURRICULAR,Língua Portuguesa,LP,MS.EF35LP29.s.30,"Identificar, em narrativas, cenário, personagem central, conflito gerador, resolução e o ponto de vista com base no qual histórias são narradas, diferenciando narrativas em primeira e terceira pessoas.",Análise linguística/ semiótica (Ortografização),Formas de composição de narrativas,CURRICULO_REFERENCIA_MS_EF_V1_10,CURRICULO_COMPLETO,CURRICULO_REFERENCIA_MS_EF_V1_10,175
EF_AI,EF3|EF4|EF5,CURRICULAR,Língua Portuguesa,LP,MS.EF35LP30.s.31,"Diferenciar discurso indireto e discurso direto, determinando o efeito de sentido de verbos de enunciação e explicando o uso de variedades linguísticas no discurso direto, quando for o caso.",Práticas de Linguagem,Discurso direto e indireto Objetos de Conhecimento,CURRICULO_REFERENCIA_MS_EF_V1_10,CURRICULO_COMPLETO,CURRICULO_REFERENCIA_MS_EF_V1_10,175
EF_AI,EF3|EF4|EF5,CURRICULAR,Língua Portuguesa,LP,MS.EF35LP31.s.32,"Identificar, em textos versificados, efeitos de sentido decorrentes do uso de recursos rítmicos e sonoros e de metáforas.",Práticas de Linguagem,Forma de composição de textos poéticos,CURRICULO_REFERENCIA_MS_EF_V1_10,CURRICULO_COMPLETO,CURRICULO_REFERENCIA_MS_EF_V1_10,176
EF_AI,EF4,CURRICULAR,Língua Portuguesa,LP,MS.EF04LP01.s.01,Grafar palavras utilizando regras de correspondência fonema-grafema regulares diretas e contextuais.,Análise linguística/ semiótica (Ortografização),Construção do sistema alfabético e da ortografia,CURRICULO_REFERENCIA_MS_EF_V1_10,CURRICULO_COMPLETO,CURRICULO_REFERENCIA_MS_EF_V1_10,187
EF_AI,EF4,CURRICULAR,Língua Portuguesa,LP,MS.EF04LP02.s.02,"Ler e escrever, corretamente, palavras com sílabas VV e CVV em casos nos quais a combinação VV (ditongo) é reduzida na língua oral (ai, ei, ou).",Análise linguística/ semiótica (Ortografização),Construção do sistema alfabético e da ortografia,CURRICULO_REFERENCIA_MS_EF_V1_10,CURRICULO_COMPLETO,CURRICULO_REFERENCIA_MS_EF_V1_10,187
EF_AI,EF4,CURRICULAR,Língua Portuguesa,LP,MS.EF04LP03.s.03,"Localizar palavras no dicionário para esclarecer significados, reconhecendo o significado mais plausível para o contexto que deu origem à consulta.",Práticas de Linguagem,Conhecimento do alfabeto do português do Brasil/Ordem alfabética/Polissemia Objetos de Conhecimento,CURRICULO_REFERENCIA_MS_EF_V1_10,CURRICULO_COMPLETO,CURRICULO_REFERENCIA_MS_EF_V1_10,187
EF_AI,EF4,CURRICULAR,Língua Portuguesa,LP,MS.EF04LP04.s.04,"Usar acento gráfico (agudo ou circunflexo) em paroxítonas terminadas em - i(s), -l, -r, -ão(s).",Práticas de Linguagem,Conhecimento das diversas grafias do alfabeto/ Acentuação,CURRICULO_REFERENCIA_MS_EF_V1_10,CURRICULO_COMPLETO,CURRICULO_REFERENCIA_MS_EF_V1_10,188
EF_AI,EF4,CURRICULAR,Língua Portuguesa,LP,MS.EF04LP05.s.05,"Identificar a função na leitura e usar, adequadamente, na escrita ponto final, de interrogação, de exclamação, dois-pontos e travessão em diálogos (discurso direto), vírgula em enumerações e em separação de vocativo e de aposto.",Práticas de Linguagem,Pontuação Objetos de Conhecimento,CURRICULO_REFERENCIA_MS_EF_V1_10,CURRICULO_COMPLETO,CURRICULO_REFERENCIA_MS_EF_V1_10,188
EF_AI,EF4,CURRICULAR,Língua Portuguesa,LP,MS.EF04LP06.s.06,Identificar em textos e usar na produção textual a concordância entre substantivo ou pronome pessoal e verbo (concordância verbal).,Práticas de Linguagem,Morfossintaxe,CURRICULO_REFERENCIA_MS_EF_V1_10,CURRICULO_COMPLETO,CURRICULO_REFERENCIA_MS_EF_V1_10,189
EF_AI,EF4,CURRICULAR,Língua Portuguesa,LP,MS.EF04LP07.s.07,"Identificar em textos e usar na produção textual a concordância entre artigo, substantivo e adjetivo (concordância no grupo nominal).",Práticas de Linguagem,Morfossintaxe Objetos de Conhecimento,CURRICULO_REFERENCIA_MS_EF_V1_10,CURRICULO_COMPLETO,CURRICULO_REFERENCIA_MS_EF_V1_10,189
EF_AI,EF4,CURRICULAR,Língua Portuguesa,LP,MS.EF04LP08.s.08,"Reconhecer e grafar, corretamente, palavras derivadas com os sufixos - agem, -oso, -eza, -izar/-isar (regulares morfológicas). CAMPO DA VIDA COTIDIANA",Práticas de Linguagem,Morfologia,CURRICULO_REFERENCIA_MS_EF_V1_10,CURRICULO_COMPLETO,CURRICULO_REFERENCIA_MS_EF_V1_10,190
EF_AI,EF4,CURRICULAR,Língua Portuguesa,LP,MS.EF04LP09.s.09,"Ler e compreender, com autonomia, boletos, faturas e carnês, dentre outros gêneros do campo da vida cotidiana, de acordo com as convenções do gênero (campos, itens elencados, medidas de consumo, código de barras) e considerando a situação comunicativa e a finalidade do texto.",Leitura/escuta (compartilhada e autônoma),Compreensão em leitura,CURRICULO_REFERENCIA_MS_EF_V1_10,CURRICULO_COMPLETO,CURRICULO_REFERENCIA_MS_EF_V1_10,190
EF_AI,EF4,CURRICULAR,Língua Portuguesa,LP,MS.EF04LP10.s.10,"Ler e compreender, com autonomia, cartas pessoais de reclamação, dentre outros gêneros do campo da vida cotidiana, de acordo com as convenções do gênero carta e considerando a situação comunicativa e o tema/assunto/finalidade do texto.",Práticas de Linguagem,Compreensão em leitura Objetos de Conhecimento,CURRICULO_REFERENCIA_MS_EF_V1_10,CURRICULO_COMPLETO,CURRICULO_REFERENCIA_MS_EF_V1_10,190
EF_AI,EF4,CURRICULAR,Língua Portuguesa,LP,MS.EF04LP11.s.11,"Planejar e produzir, com autonomia, cartas pessoais de reclamação, dentre outros gêneros do campo da vida cotidiana, de acordo com as convenções do gênero carta e com a estrutura própria desses textos (problema, opinião, argumentos), considerando a situação comunicativa e o tema/assunto/finalidade do texto.",Produção de textos (escrita compartilhada e autônoma),Escrita colaborativa,CURRICULO_REFERENCIA_MS_EF_V1_10,CURRICULO_COMPLETO,CURRICULO_REFERENCIA_MS_EF_V1_10,191
EF_AI,EF4,CURRICULAR,Língua Portuguesa,LP,MS.EF04LP12.s.12,"Assistir, em vídeo digital, a programa infantil com instruções de montagem, de jogos e brincadeiras e, a partir dele, planejar e produzir tutoriais em áudio ou vídeo.",Oralidade Práticas de Linguagem,Produção de texto oral Objetos de Conhecimento,CURRICULO_REFERENCIA_MS_EF_V1_10,CURRICULO_COMPLETO,CURRICULO_REFERENCIA_MS_EF_V1_10,191
EF_AI,EF4,CURRICULAR,Língua Portuguesa,LP,MS.EF04LP13.s.13,"Identificar e reproduzir, em textos injuntivos instrucionais (instruções de jogos digitais ou impressos), a formatação própria desses textos (verbos imperativos, indicação de passos a ser seguidos) e formato específico dos textos orais ou escritos desses gêneros (lista/ apresentação de materiais e instruções/passos de jogo). CAMPO DA VIDA PÚBLICA",Análise linguística/ semiótica (Ortografização),Forma de composição do texto,CURRICULO_REFERENCIA_MS_EF_V1_10,CURRICULO_COMPLETO,CURRICULO_REFERENCIA_MS_EF_V1_10,192
EF_AI,EF4,CURRICULAR,Língua Portuguesa,LP,MS.EF04LP14.s.14,"Identificar, em notícias, fatos, participantes, local e momento/tempo da ocorrência do fato noticiado.",Leitura/escuta (compartilhada e autônoma),Compreensão em leitura,CURRICULO_REFERENCIA_MS_EF_V1_10,CURRICULO_COMPLETO,CURRICULO_REFERENCIA_MS_EF_V1_10,192
EF_AI,EF4,CURRICULAR,Língua Portuguesa,LP,MS.EF04LP15.s.15,"Distinguir fatos de opiniões/sugestões em textos (informativos, jornalísticos, publicitários etc.).",Práticas de Linguagem,Compreensão em leitura Objetos de Conhecimento,CURRICULO_REFERENCIA_MS_EF_V1_10,CURRICULO_COMPLETO,CURRICULO_REFERENCIA_MS_EF_V1_10,192
EF_AI,EF4,CURRICULAR,Língua Portuguesa,LP,MS.EF04LP16.s.16,"Produzir notícias sobre fatos ocorridos no universo escolar, digitais ou impressas, para o jornal da escola, noticiando os fatos e seus atores e comentando decorrências, de acordo com as convenções do gênero notícia e considerando a situação comunicativa e o tema/assunto do texto.",Produção de textos (escrita compartilhada e autônoma),Escrita colaborativa,CURRICULO_REFERENCIA_MS_EF_V1_10,CURRICULO_COMPLETO,CURRICULO_REFERENCIA_MS_EF_V1_10,193
EF_AI,EF4,CURRICULAR,Língua Portuguesa,LP,MS.EF04LP17.s.17,"Produzir jornais radiofônicos ou televisivos e entrevistas veiculadas em rádio, TV e na internet, orientando-se por roteiro ou texto e demonstrando conhecimento dos gêneros jornal falado/televisivo e entrevista.",Oralidade Práticas de Linguagem,Planejamento e produção de texto Objetos de Conhecimento,CURRICULO_REFERENCIA_MS_EF_V1_10,CURRICULO_COMPLETO,CURRICULO_REFERENCIA_MS_EF_V1_10,193
EF_AI,EF4,CURRICULAR,Língua Portuguesa,LP,MS.EF04LP18.s.18,Analisar o padrão entonacional e a expressão facial e corporal de âncoras de jornais radiofônicos ou televisivos e de entrevistadores/entrevistados. DAS PRÁTICAS DE ESTUDO E,Análise linguística/ semiótica (Ortografização),Forma de composição dos textos CAMPO,CURRICULO_REFERENCIA_MS_EF_V1_10,CURRICULO_COMPLETO,CURRICULO_REFERENCIA_MS_EF_V1_10,194
EF_AI,EF4,CURRICULAR,Língua Portuguesa,LP,MS.EF04LP19.s.19,"Ler e compreender textos expositivos de divulgação científica para crianças, considerando a situação comunicativa e o tema/ assunto do texto.",Leitura/escuta (compartilhada e autônoma) Práticas de Linguagem,Compreensão em leitura Objetos de Conhecimento,CURRICULO_REFERENCIA_MS_EF_V1_10,CURRICULO_COMPLETO,CURRICULO_REFERENCIA_MS_EF_V1_10,194
EF_AI,EF4,CURRICULAR,Língua Portuguesa,LP,MS.EF04LP20.s.20,"Reconhecer a função de gráficos, diagramas e tabelas em textos, como forma de apresentação de dados e informações.",Leitura/escuta (compartilhada e autônoma) Práticas de Linguagem,Imagens analíticas em textos,CURRICULO_REFERENCIA_MS_EF_V1_10,CURRICULO_COMPLETO,CURRICULO_REFERENCIA_MS_EF_V1_10,195
EF_AI,EF4,CURRICULAR,Língua Portuguesa,LP,MS.EF04LP21.s.21,"Planejar e produzir textos sobre temas de interesse, com base em resultados de observações e pesquisas em fontes de informações impressas ou eletrônicas, incluindo, quando pertinente, imagens e gráficos ou tabelas simples, considerando a situação comunicativa e o tema/assunto do texto.",Produção de textos(escrita compartilhada e autônoma) Práticas de Linguagem,Produção de textos Objetos de Conhecimento,CURRICULO_REFERENCIA_MS_EF_V1_10,CURRICULO_COMPLETO,CURRICULO_REFERENCIA_MS_EF_V1_10,195
EF_AI,EF4,CURRICULAR,Língua Portuguesa,LP,MS.EF04LP22.s.22,"Planejar e produzir, com certa autonomia, verbetes de enciclopédia infantil, digitais ou impressos, considerando a situação comunicativa e o tema/assunto/finalidade do texto.",Práticas de Linguagem,Escrita autônoma Objetos de Conhecimento,CURRICULO_REFERENCIA_MS_EF_V1_10,CURRICULO_COMPLETO,CURRICULO_REFERENCIA_MS_EF_V1_10,196
EF_AI,EF4,CURRICULAR,Língua Portuguesa,LP,MS.EF04LP23.s.23,"Identificar e reproduzir, em verbetes de enciclopédia infantil, digitais ou impressos, a formatação e diagramação específica desse gênero (título do verbete, definição, detalhamento, curiosidades), considerando a situação comunicativa e o tema/assunto/finalidade do texto. MS.EF04LP24.s.24) Identificar e reproduzir, em seu formato, tabelas, diagramas e gráficos em relatórios de observação e pesquisa, como forma de apresentação de dados e informações.",Análise linguística/ semiótica (Ortografização),Forma de composição dos textos Coesão e articuladores Forma de composição dos textos Adequação do texto às normas de escrita,CURRICULO_REFERENCIA_MS_EF_V1_10,CURRICULO_COMPLETO,CURRICULO_REFERENCIA_MS_EF_V1_10,197
EF_AI,EF4,CURRICULAR,Língua Portuguesa,LP,MS.EF04LP25.s.25,"Planejar e produzir, com certa autonomia, verbetes de dicionário, digitais ou impressos, considerando a situação comunicativa e o tema/assunto/finalidade do texto. CAMPO ARTÍSTICO-LITERÁRIO",Produção de textos (escrita compartilhada e autônoma) Práticas de Linguagem,Escrita autônoma Objetos de Conhecimento,CURRICULO_REFERENCIA_MS_EF_V1_10,CURRICULO_COMPLETO,CURRICULO_REFERENCIA_MS_EF_V1_10,197
EF_AI,EF4,CURRICULAR,Língua Portuguesa,LP,MS.EF04LP26.s.26,"Observar, em poemas concretos, o formato, a distribuição e a diagramação das letras do texto na página.",Análise linguística/ semiótica (Ortografização),Forma de composição de textos poéticos visuais,CURRICULO_REFERENCIA_MS_EF_V1_10,CURRICULO_COMPLETO,CURRICULO_REFERENCIA_MS_EF_V1_10,198
EF_AI,EF4,CURRICULAR,Língua Portuguesa,LP,MS.EF04LP27.s.27,"Identificar, em textos dramáticos, marcadores das falas das personagens e de cena.",Análise linguística/ semiótica (Ortografização),Forma de composição de textos dramáticos,CURRICULO_REFERENCIA_MS_EF_V1_10,CURRICULO_COMPLETO,CURRICULO_REFERENCIA_MS_EF_V1_10,198
EF_AI,EF5,CURRICULAR,Língua Portuguesa,LP,MS.EF05LP01.s01,"Grafar palavras utilizando regras de correspondência fonema-grafema regulares, contextuais e morfológicas e palavras de uso frequente com correspondências irregulares.",Análise linguística/ semiótica (Ortografização),Construção do sistema alfabético e da ortografia,CURRICULO_REFERENCIA_MS_EF_V1_10,CURRICULO_COMPLETO,CURRICULO_REFERENCIA_MS_EF_V1_10,199
EF_AI,EF5,CURRICULAR,Língua Portuguesa,LP,MS.EF05LP02.s.02,"Identificar o caráter polissêmico das palavras (uma mesma palavra com diferentes significados, de acordo com o contexto de uso), comparando o significado de determinados termos utilizados nas áreas científicas com esses mesmos termos utilizados na linguagem usual.",Práticas de Linguagem,Conhecimento do alfabeto do português do Brasil/Ordem alfabética/Polissemia Objetos de Conhecimento,CURRICULO_REFERENCIA_MS_EF_V1_10,CURRICULO_COMPLETO,CURRICULO_REFERENCIA_MS_EF_V1_10,199
EF_AI,EF5,CURRICULAR,Língua Portuguesa,LP,MS.EF05LP03.s.03,"Acentuar corretamente palavras oxítonas, paroxítonas e proparoxítonas.",Práticas de Linguagem,Conhecimento das diversas grafias do alfabeto/Acentuação,CURRICULO_REFERENCIA_MS_EF_V1_10,CURRICULO_COMPLETO,CURRICULO_REFERENCIA_MS_EF_V1_10,200
EF_AI,EF5,CURRICULAR,Língua Portuguesa,LP,MS.EF05LP04.s.04,"Diferenciar, na leitura de textos, vírgula, ponto e vírgula, dois-pontos e reconhecer, na leitura de textos, o efeito de sentido que decorre do uso de reticências, aspas, parênteses.",Práticas de Linguagem,Pontuação Objetos de Conhecimento,CURRICULO_REFERENCIA_MS_EF_V1_10,CURRICULO_COMPLETO,CURRICULO_REFERENCIA_MS_EF_V1_10,200
EF_AI,EF5,CURRICULAR,Língua Portuguesa,LP,MS.EF05LP05.s.05,"Identificar a expressão de presente, passado e futuro em tempos verbais do modo indicativo.",Práticas de Linguagem,Morfologia,CURRICULO_REFERENCIA_MS_EF_V1_10,CURRICULO_COMPLETO,CURRICULO_REFERENCIA_MS_EF_V1_10,201
EF_AI,EF5,CURRICULAR,Língua Portuguesa,LP,MS.EF05LP06.s.06,"Flexionar, adequadamente, na escrita e na oralidade, os verbos em concordância com pronomes pessoais/nomes sujeitos da oração.",Práticas de Linguagem,Morfologia,CURRICULO_REFERENCIA_MS_EF_V1_10,CURRICULO_COMPLETO,CURRICULO_REFERENCIA_MS_EF_V1_10,201
EF_AI,EF5,CURRICULAR,Língua Portuguesa,LP,MS.EF05LP07.s.07,"Identificar, em textos, o uso de conjunções e a relação que estabelecem entre partes do texto: adição, oposição, tempo, causa, condição, finalidade.",Práticas de Linguagem,Morfologia Objetos de Conhecimento,CURRICULO_REFERENCIA_MS_EF_V1_10,CURRICULO_COMPLETO,CURRICULO_REFERENCIA_MS_EF_V1_10,201
EF_AI,EF5,CURRICULAR,Língua Portuguesa,LP,MS.EF05LP08.s.08,"Diferenciar palavras primitivas, derivadas e compostas, e derivadas por adição de prefixo e de sufixo. CAMPO DA VIDA COTIDIANA",Práticas de Linguagem,Morfologia,CURRICULO_REFERENCIA_MS_EF_V1_10,CURRICULO_COMPLETO,CURRICULO_REFERENCIA_MS_EF_V1_10,202
EF_AI,EF5,CURRICULAR,Língua Portuguesa,LP,MS.EF05LP09.s.09,"Ler e compreender, com autonomia, textos instrucional de regras de jogo, dentre outros gêneros do campo da vida cotidiana, de acordo com as convenções do gênero e considerando a situação comunicativa e a finalidade do texto.",Leitura/escuta (compartilhada e autônoma) Práticas de Linguagem,Compreensão em leitura Objetos de Conhecimento,CURRICULO_REFERENCIA_MS_EF_V1_10,CURRICULO_COMPLETO,CURRICULO_REFERENCIA_MS_EF_V1_10,202
EF_AI,EF5,CURRICULAR,Língua Portuguesa,LP,MS.EF05LP10.s.10,"Ler e compreender, com autonomia, anedotas, piadas e cartuns, dentre outros gêneros do campo da vida cotidiana, de acordo com as convenções do gênero e considerando a situação comunicativa e a finalidade do texto.",Leitura/escuta (compartilhada e autônoma) Práticas de Linguagem,Compreensão em leitura,CURRICULO_REFERENCIA_MS_EF_V1_10,CURRICULO_COMPLETO,CURRICULO_REFERENCIA_MS_EF_V1_10,203
EF_AI,EF5,CURRICULAR,Língua Portuguesa,LP,MS.EF05LP11.s.11,"Registrar, com autonomia, anedotas, piadas e cartuns, dentre outros gêneros do campo da vida cotidiana, de acordo com as convenções do gênero e considerando a situação comunicativa e a finalidade do texto.",Produção de textos (escrita compartilhada e autônoma) Práticas de Linguagem,Escrita colaborativa Objetos de Conhecimento,CURRICULO_REFERENCIA_MS_EF_V1_10,CURRICULO_COMPLETO,CURRICULO_REFERENCIA_MS_EF_V1_10,203
EF_AI,EF5,CURRICULAR,Língua Portuguesa,LP,MS.EF05LP12.s.12,"Planejar e produzir, com autonomia, textos instrucionais de regras de jogo, dentre outros gêneros do campo da vida cotidiana, de acordo com as convenções do gênero e considerando a situação comunicativa e a finalidade do texto.",Escrita (compartilhada e autônoma),Escrita colaborativa,CURRICULO_REFERENCIA_MS_EF_V1_10,CURRICULO_COMPLETO,CURRICULO_REFERENCIA_MS_EF_V1_10,204
EF_AI,EF5,CURRICULAR,Língua Portuguesa,LP,MS.EF05LP13.s.13,"Assistir, em vídeo digital, a postagem de vlog infantil de críticas de brinquedos e livros de literatura infantil e, a partir dele, planejar e produzir resenhas digitais em áudio ou vídeo.",Oralidade Práticas de Linguagem,Produção de texto oral Objetos de Conhecimento,CURRICULO_REFERENCIA_MS_EF_V1_10,CURRICULO_COMPLETO,CURRICULO_REFERENCIA_MS_EF_V1_10,204
EF_AI,EF5,CURRICULAR,Língua Portuguesa,LP,MS.EF05LP14.s.14,"Identificar e reproduzir, em textos de resenha crítica de brinquedos ou livros de literatura infantil, a formatação própria desses textos (apresentação e avaliação do produto). CAMPO DA VIDA PÚBLICA",Análise linguística/ semiótica (Ortografização),Forma de composição do texto,CURRICULO_REFERENCIA_MS_EF_V1_10,CURRICULO_COMPLETO,CURRICULO_REFERENCIA_MS_EF_V1_10,205
EF_AI,EF5,CURRICULAR,Língua Portuguesa,LP,MS.EF05LP15.s.15,"Ler/assistir e compreender, com autonomia, notícias, reportagens, vídeos em vlogs argumentativos, dentre outros gêneros do campo político-cidadão, de acordo com as convenções dos gêneros e considerando a situação comunicativa e o tema/assunto do texto.",Leitura/escuta (compartilhada e autônoma) Práticas de Linguagem,Compreensão em leitura Objetos de Conhecimento,CURRICULO_REFERENCIA_MS_EF_V1_10,CURRICULO_COMPLETO,CURRICULO_REFERENCIA_MS_EF_V1_10,205
EF_AI,EF5,CURRICULAR,Língua Portuguesa,LP,MS.EF05LP16.s.16,Comparar informações sobre um mesmo fato veiculadas em diferentes mídias e concluir sobre qual é mais confiável e por quê.,Leitura/escuta (compartilhada e autônoma) Práticas de Linguagem,Compreensão em leitura,CURRICULO_REFERENCIA_MS_EF_V1_10,CURRICULO_COMPLETO,CURRICULO_REFERENCIA_MS_EF_V1_10,206
EF_AI,EF5,CURRICULAR,Língua Portuguesa,LP,MS.EF05LP17.s.17,"Produzir roteiro para edição de uma reportagem digital sobre temas de interesse da turma, a partir de buscas de informações, imagens, áudios e vídeos na internet, de acordo com as convenções do gênero e considerando a situação comunicativa e o tema/assunto do texto.",Produção de textos (escrita compartilhada e autônoma) Práticas de Linguagem,Escrita colaborativa Objetos de Conhecimento,CURRICULO_REFERENCIA_MS_EF_V1_10,CURRICULO_COMPLETO,CURRICULO_REFERENCIA_MS_EF_V1_10,206
EF_AI,EF5,CURRICULAR,Língua Portuguesa,LP,MS.EF05LP18.s.18,"Roteirizar, produzir e editar vídeo para vlogs argumentativos sobre produtos de mídia para público infantil (filmes, desenhos animados, HQs, games etc.), com base em conhecimentos sobre os mesmos, de acordo com as convenções do gênero e considerando a situação comunicativa e o tema/ assunto/finalidade do texto.",Oralidade,Planejamento e produção de texto,CURRICULO_REFERENCIA_MS_EF_V1_10,CURRICULO_COMPLETO,CURRICULO_REFERENCIA_MS_EF_V1_10,207
EF_AI,EF5,CURRICULAR,Língua Portuguesa,LP,MS.EF05LP19.s.19,"Argumentar oralmente sobre acontecimentos de interesse social, com base em conhecimentos sobre fatos divulgados em TV, rádio, mídia impressa e digital, respeitando pontos de vista diferentes.",Práticas de Linguagem,Produção de texto Objetos de Conhecimento,CURRICULO_REFERENCIA_MS_EF_V1_10,CURRICULO_COMPLETO,CURRICULO_REFERENCIA_MS_EF_V1_10,207
EF_AI,EF5,CURRICULAR,Língua Portuguesa,LP,MS.EF05LP20.s.20,"Analisar a validade e força de argumentos em argumentações sobre produtos de mídia para público infantil (filmes, desenhos animados, HQs, games etc.), com base em conhecimentos sobre os mesmos.",Análise linguística/ semiótica (Ortografização),Forma de composição dos textos,CURRICULO_REFERENCIA_MS_EF_V1_10,CURRICULO_COMPLETO,CURRICULO_REFERENCIA_MS_EF_V1_10,208
EF_AI,EF5,CURRICULAR,Língua Portuguesa,LP,MS.EF05LP21.s.21,"Analisar o padrão entonacional, a expressão facial e corporal e as escolhas de variedade e registro linguísticos de vloggers de vlogs opinativos ou argumentativos. DAS PRÁTICAS DE ESTUDO E",Práticas de Linguagem,Forma de composição dos textos Objetos de Conhecimento CAMPO,CURRICULO_REFERENCIA_MS_EF_V1_10,CURRICULO_COMPLETO,CURRICULO_REFERENCIA_MS_EF_V1_10,208
EF_AI,EF5,CURRICULAR,Língua Portuguesa,LP,MS.EF05LP22.s.22,"Ler e compreender verbetes de dicionário, identificando a estrutura, as informações gramaticais (significado de abreviaturas) e as informações semânticas.",Leitura/escuta (compartilhada e autônoma),Compreensão em leitura,CURRICULO_REFERENCIA_MS_EF_V1_10,CURRICULO_COMPLETO,CURRICULO_REFERENCIA_MS_EF_V1_10,209
EF_AI,EF5,CURRICULAR,Língua Portuguesa,LP,MS.EF05LP23.s.23,Comparar informações apresentadas em gráficos ou tabelas.,Práticas de Linguagem,Imagens analíticas em textos Objetos de Conhecimento,CURRICULO_REFERENCIA_MS_EF_V1_10,CURRICULO_COMPLETO,CURRICULO_REFERENCIA_MS_EF_V1_10,209
EF_AI,EF5,CURRICULAR,Língua Portuguesa,LP,MS.EF05LP24.s.24,"Planejar e produzir texto sobre tema de interesse, organizando resultados de pesquisa em fontes de informação impressas ou digitais, incluindo imagens e gráficos ou tabelas, considerando a situação comunicativa e o tema/assunto do texto. CAMPO ARTÍSTICO-LITERÁRIO",Produção de textos (escrita compartilhada e autônoma),Produção de textos,CURRICULO_REFERENCIA_MS_EF_V1_10,CURRICULO_COMPLETO,CURRICULO_REFERENCIA_MS_EF_V1_10,210
EF_AI,EF5,CURRICULAR,Língua Portuguesa,LP,MS.EF05LP25.s.25,"Representar cenas de textos dramáticos, reproduzindo as falas das personagens, de acordo com as rubricas de interpretação e movimento indicadas pelo autor.",Oralidade Práticas de Linguagem,Performances orais Objetos de Conhecimento,CURRICULO_REFERENCIA_MS_EF_V1_10,CURRICULO_COMPLETO,CURRICULO_REFERENCIA_MS_EF_V1_10,210
EF_AI,EF5,CURRICULAR,Língua Portuguesa,LP,MS.EF05LP26.s.26,"Utilizar, ao produzir o texto, conhecimentos linguísticos e gramaticais: regras sintáticas de concordância nominal e verbal, convenções de escrita de citações, pontuação (ponto final, dois-pontos, vírgulas em enumerações) e regras ortográficas.",Análise linguística/ semiótica (Ortografização),Forma de composição dos textos Adequação do texto às normas de escrita,CURRICULO_REFERENCIA_MS_EF_V1_10,CURRICULO_COMPLETO,CURRICULO_REFERENCIA_MS_EF_V1_10,211
EF_AI,EF5,CURRICULAR,Língua Portuguesa,LP,MS.EF05LP27.s.27,"Utilizar, ao produzir o texto, recursos de coesão pronominal (pronomes anafóricos) e articuladores de relações de sentido (tempo, causa, oposição, conclusão, comparação), com nível adequado de informatividade.",Análise linguística/ semiótica (Ortografização),Forma de composição dos textos Coesão e articuladores,CURRICULO_REFERENCIA_MS_EF_V1_10,CURRICULO_COMPLETO,CURRICULO_REFERENCIA_MS_EF_V1_10,211
EF_AI,EF5,CURRICULAR,Língua Portuguesa,LP,MS.EF05LP28.s.28,"Observar, em ciberpoemas e minicontos infantis em mídia digital, os recursos multissemióticos presentes nesses textos digitais.",Análise linguística/ semiótica (Ortografização) Práticas de Linguagem,Forma de composição de textos poéticos visuais Objetos de Conhecimento,CURRICULO_REFERENCIA_MS_EF_V1_10,CURRICULO_COMPLETO,CURRICULO_REFERENCIA_MS_EF_V1_10,211
EF_AI,EF1,CURRICULAR,Matemática,MAT,MS.EF01MA00.n.06,(Re) Conhecer antecessor e sucessor de números naturais de até duas ordens em situações cotidianas.,Números,"Leitura, escrita e comparação de números naturais (até 100). Reta numérica.",CURRICULO_REFERENCIA_MS_EF_V1_10,CURRICULO_COMPLETO,CURRICULO_REFERENCIA_MS_EF_V1_10,451
EF_AI,EF1,CURRICULAR,Matemática,MAT,MS.EF01MA00.n.08,Estabelecer a relação entre unidades e dezenas com e sem suporte de materiais concretos e reta numérica.,Números,Construção de fatos básicos da adição.,CURRICULO_REFERENCIA_MS_EF_V1_10,CURRICULO_COMPLETO,CURRICULO_REFERENCIA_MS_EF_V1_10,452
EF_AI,EF1,CURRICULAR,Matemática,MAT,MS.EF01MA01.s.01,"Utilizar números naturais como indicador de quantidade ou de ordem em diferentes situações cotidianas e reconhecer situações em que os números não indicam contagem nem ordem, mas sim código de identificação.",Números,"Contagem de rotina Contagem ascendente e descendente Reconhecimento de números no contexto diário: indicação de quantidades, indicação de ordem ou indicação de código para a organização de informações.",CURRICULO_REFERENCIA_MS_EF_V1_10,CURRICULO_COMPLETO,CURRICULO_REFERENCIA_MS_EF_V1_10,449
EF_AI,EF1,CURRICULAR,Matemática,MAT,MS.EF01MA02.s.02,"Contar de maneira exata ou aproximada, utilizando diferentes estratégias como o pareamento e outros agrupamentos.",Números Unidades Temáticas,"Quantificação de elementos de uma coleção: estimativas, contagem um a um, pareamento ou outros agrupamentos e comparação. Objetos de Conhecimento",CURRICULO_REFERENCIA_MS_EF_V1_10,CURRICULO_COMPLETO,CURRICULO_REFERENCIA_MS_EF_V1_10,449
EF_AI,EF1,CURRICULAR,Matemática,MAT,MS.EF01MA03.s.03,"Estimar e comparar quantidades de objetos de dois conjuntos (em torno de 20 elementos), por estimativa e/ou por correspondência (um a um, dois a dois) para indicar “tem mais”, “tem menos” ou “tem a mesma quantidade”.",Números,"Quantificação de elementos de uma coleção: estimativas, contagem um a um, pareamento ou outros agrupamentos e comparação.",CURRICULO_REFERENCIA_MS_EF_V1_10,CURRICULO_COMPLETO,CURRICULO_REFERENCIA_MS_EF_V1_10,450
EF_AI,EF1,CURRICULAR,Matemática,MAT,MS.EF01MA04.s.04,"Contar a quantidade de objetos de coleções até 100 unidades e apresentar o resultado por registros verbais e simbólicos, em situações de seu interesse, como jogos, brincadeiras, materiais da sala de aula, entre outros.",Números Unidades Temáticas,"Leitura, escrita e comparação de números naturais (até 100). Reta numérica. Objetos de Conhecimento",CURRICULO_REFERENCIA_MS_EF_V1_10,CURRICULO_COMPLETO,CURRICULO_REFERENCIA_MS_EF_V1_10,450
EF_AI,EF1,CURRICULAR,Matemática,MAT,MS.EF01MA05.s.05,"Comparar números naturais de até duas ordens em situações cotidianas, com e sem suporte da reta numérica.",Números,"Leitura, escrita e comparação de números naturais (até 100). Reta numérica.",CURRICULO_REFERENCIA_MS_EF_V1_10,CURRICULO_COMPLETO,CURRICULO_REFERENCIA_MS_EF_V1_10,451
EF_AI,EF1,CURRICULAR,Matemática,MAT,MS.EF01MA06.s.07,Construir fatos básicos da adição e utilizá-los em procedimentos de cálculo para resolver problemas.,Números Unidades Temáticas,Construção de fatos básicos da adição Objetos de Conhecimento,CURRICULO_REFERENCIA_MS_EF_V1_10,CURRICULO_COMPLETO,CURRICULO_REFERENCIA_MS_EF_V1_10,451
EF_AI,EF1,CURRICULAR,Matemática,MAT,MS.EF01MA07.s.09,"Compor e decompor número de até duas ordens, por meio de diferentes adições, com o suporte de material manipulável, contribuindo para a compreensão de características do sistema de numeração decimal e o desenvolvimento de estratégias de cálculo.",Números Unidades Temáticas,Composição e decomposição de números naturais. Objetos de Conhecimento,CURRICULO_REFERENCIA_MS_EF_V1_10,CURRICULO_COMPLETO,CURRICULO_REFERENCIA_MS_EF_V1_10,452
EF_AI,EF1,CURRICULAR,Matemática,MAT,MS.EF01MA08.s.10,"Resolver e elaborar problemas de adição e de subtração, envolvendo números de até dois algarismos, com os significados de juntar, acrescentar, separar e retirar, com o suporte de imagens e/ou material manipulável, utilizando estratégias e formas de registro pessoais.",Números,"Problemas envolvendo diferentes significados da adição e da subtração (juntar, acrescentar, separar, retirar).",CURRICULO_REFERENCIA_MS_EF_V1_10,CURRICULO_COMPLETO,CURRICULO_REFERENCIA_MS_EF_V1_10,453
EF_AI,EF1,CURRICULAR,Matemática,MAT,MS.EF01MA09.s.11,"Organizar e ordenar objetos familiares ou representações por figuras, por meio de atributos, tais como cor, forma e medida.",Álgebra Unidades Temáticas,Padrões figurais e numéricos: investigação de Objetos de Conhecimento regularidades ou padrões em sequências.,CURRICULO_REFERENCIA_MS_EF_V1_10,CURRICULO_COMPLETO,CURRICULO_REFERENCIA_MS_EF_V1_10,453
EF_AI,EF1,CURRICULAR,Matemática,MAT,MS.EF01MA10.s.12,"Descrever, após o reconhecimento e a explicitação de um padrão (ou regularidade), os elementos ausentes em sequências recursivas de números naturais, objetos ou figuras.",Álgebra Unidades Temáticas,"Sequências recursivas: observação de regras usadas utilizadas em seriações numéricas (mais 1, mais 2, menos 1, menos 2, por exemplo). Objetos de Conhecimento",CURRICULO_REFERENCIA_MS_EF_V1_10,CURRICULO_COMPLETO,CURRICULO_REFERENCIA_MS_EF_V1_10,454
EF_AI,EF1,CURRICULAR,Matemática,MAT,MS.EF01MA11.s.13,"Descrever a localização de pessoas e de objetos no espaço em relação à sua própria posição, utilizando termos como à direita, à esquerda, em frente, atrás.",Geometria,"Localização de objetos e de pessoas no espaço, utilizando diversos pontos de referência e vocabulário apropriado.",CURRICULO_REFERENCIA_MS_EF_V1_10,CURRICULO_COMPLETO,CURRICULO_REFERENCIA_MS_EF_V1_10,455
EF_AI,EF1,CURRICULAR,Matemática,MAT,MS.EF01MA12.s.14,"Descrever a localização de pessoas e de objetos no espaço segundo um dado ponto de referência, compreendendo que, para a utilização de termos que se referem à posição, como direita, esquerda, em cima, em baixo, é necessário explicitar-se o referencial.",Geometria Unidades Temáticas,"Localização de objetos e de pessoas no espaço, utilizando diversos pontos de referência e vocabulário apropriado. Objetos de Conhecimento",CURRICULO_REFERENCIA_MS_EF_V1_10,CURRICULO_COMPLETO,CURRICULO_REFERENCIA_MS_EF_V1_10,455
EF_AI,EF1,CURRICULAR,Matemática,MAT,MS.EF01MA13.s.15,"Relacionar figuras geométricas espaciais (cones, cilindros, esferas e blocos retangulares) a objetos familiares do mundo físico.",Geometria,Figuras geométricas espaciais: reconhecimento e relações com objetos familiares do mundo físico.,CURRICULO_REFERENCIA_MS_EF_V1_10,CURRICULO_COMPLETO,CURRICULO_REFERENCIA_MS_EF_V1_10,456
EF_AI,EF1,CURRICULAR,Matemática,MAT,MS.EF01MA14.s.16,"Identificar e nomear figuras planas (círculo, quadrado, retângulo e triângulo) em desenhos apresentados em diferentes disposições ou em contornos de faces de sólidos geométricos.",Geometria Unidades Temáticas,Figuras geométricas planas: reconhecimento do formato das faces de figuras geométricas espaciais Objetos de Conhecimento,CURRICULO_REFERENCIA_MS_EF_V1_10,CURRICULO_COMPLETO,CURRICULO_REFERENCIA_MS_EF_V1_10,456
EF_AI,EF1,CURRICULAR,Matemática,MAT,MS.EF01MA15.s.17,"Comparar comprimentos, capacidades ou massas, utilizando termos como mais alto, mais baixo, mais comprido, mais curto, mais grosso, mais fino, mais largo, mais pesado, mais leve, cabe mais, cabe menos, entre outros, para ordenar objetos de uso cotidiano.",Grandezas e medidas Unidades Temáticas,"Medidas de comprimento, massa e capacidade: comparações e unidades de medida não convencionais. Objetos de Conhecimento",CURRICULO_REFERENCIA_MS_EF_V1_10,CURRICULO_COMPLETO,CURRICULO_REFERENCIA_MS_EF_V1_10,457
EF_AI,EF1,CURRICULAR,Matemática,MAT,MS.EF01MA16.s.18,"Relatar em linguagem verbal ou não verbal sequência de acontecimentos relativos a um dia, utilizando, quando possível, os horários dos eventos.",Grandezas e medidas,"Medidas de tempo: unidades de medida de tempo, suas relações e o uso do calendário.",CURRICULO_REFERENCIA_MS_EF_V1_10,CURRICULO_COMPLETO,CURRICULO_REFERENCIA_MS_EF_V1_10,458
EF_AI,EF1,CURRICULAR,Matemática,MAT,MS.EF01MA17.s.19,"Reconhecer e relacionar períodos do dia, dias da semana e meses do ano, utilizando calendário, quando necessário.",Grandezas e medidas Unidades Temáticas,"Medidas de tempo: unidades de medida de tempo, suas relações e o uso do calendário. Objetos de Conhecimento",CURRICULO_REFERENCIA_MS_EF_V1_10,CURRICULO_COMPLETO,CURRICULO_REFERENCIA_MS_EF_V1_10,458
EF_AI,EF1,CURRICULAR,Matemática,MAT,MS.EF01MA18.s.20,"Produzir a escrita de uma data, apresentando o dia, o mês e o ano, e indicar o dia da semana de uma data, consultando calendários.",Grandezas e medidas,"Medidas de tempo: unidades de medida de tempo, suas relações e o uso do calendário.",CURRICULO_REFERENCIA_MS_EF_V1_10,CURRICULO_COMPLETO,CURRICULO_REFERENCIA_MS_EF_V1_10,459
EF_AI,EF1,CURRICULAR,Matemática,MAT,MS.EF01MA19.s.21,Reconhecer e relacionar valores de moedas e cédulas do sistema monetário brasileiro para resolver situações simples do cotidiano do estudante.,Grandezas e medidas Unidades Temáticas,Sistema monetário brasileiro: reconhecimento de cédulas e moedas. Objetos de Conhecimento,CURRICULO_REFERENCIA_MS_EF_V1_10,CURRICULO_COMPLETO,CURRICULO_REFERENCIA_MS_EF_V1_10,459
EF_AI,EF1,CURRICULAR,Matemática,MAT,MS.EF01MA20.s.22,"Classificar eventos envolvendo o acaso, tais como “acontecerá com certeza”, “talvez aconteça” e “é impossível acontecer”, em situações do cotidiano.",Probabilidade e estatística,Noção de acaso,CURRICULO_REFERENCIA_MS_EF_V1_10,CURRICULO_COMPLETO,CURRICULO_REFERENCIA_MS_EF_V1_10,460
EF_AI,EF1,CURRICULAR,Matemática,MAT,MS.EF01MA21.s.23,Ler dados expressos em tabelas e em gráficos de colunas simples.,Probabilidade e estatística Unidades Temáticas,Leitura de tabelas e de gráficos de colunas simples Objetos de Conhecimento,CURRICULO_REFERENCIA_MS_EF_V1_10,CURRICULO_COMPLETO,CURRICULO_REFERENCIA_MS_EF_V1_10,460
EF_AI,EF1,CURRICULAR,Matemática,MAT,MS.EF01MA22.s.24,"Realizar pesquisa, envolvendo até duas variáveis categóricas de seu interesse e universo de até 30 elementos, e organizar dados por meio de representações pessoais.",Probabilidade e estatística,Coleta e organização de informações Registros pessoais para comunicação de informações coletadas,CURRICULO_REFERENCIA_MS_EF_V1_10,CURRICULO_COMPLETO,CURRICULO_REFERENCIA_MS_EF_V1_10,461
EF_AI,EF2,CURRICULAR,Matemática,MAT,MS.EF02MA00.n.05,"Realizar agrupamento de quantidades de objetos de um conjunto, reunindo os objetos de dois a dois, construindo a ideia de quantidades pares e ímpares.",Números,Composição e decomposição de números naturais (até 1000),CURRICULO_REFERENCIA_MS_EF_V1_10,CURRICULO_COMPLETO,CURRICULO_REFERENCIA_MS_EF_V1_10,464
EF_AI,EF2,CURRICULAR,Matemática,MAT,MS.EF02MA01.s.01,Comparar e ordenar números naturais (até a ordem de centenas) pela compreensão de características do sistema de numeração decimal (valor posicional e função do zero).,Números Unidades Temáticas,"Leitura, escrita, comparação e ordenação de números de até três ordens pela compreensão de características do sistema de numeração decimal (valor posicional e papel do zero). Objetos de Conhecimento",CURRICULO_REFERENCIA_MS_EF_V1_10,CURRICULO_COMPLETO,CURRICULO_REFERENCIA_MS_EF_V1_10,461
EF_AI,EF2,CURRICULAR,Matemática,MAT,MS.EF02MA02.s.02,Fazer estimativas por meio de estratégias diversas a respeito da quantidade de objetos de coleções e registrar o resultado da contagem desses objetos (até 1000 unidades).,Números,"Leitura, escrita, comparação e ordenação de números de até três ordens pela compreensão de características do sistema de numeração decimal (valor posicional e papel do zero)",CURRICULO_REFERENCIA_MS_EF_V1_10,CURRICULO_COMPLETO,CURRICULO_REFERENCIA_MS_EF_V1_10,462
EF_AI,EF2,CURRICULAR,Matemática,MAT,MS.EF02MA03.s.03,"Comparar quantidades de objetos de dois conjuntos, por estimativa e/ou por correspondência (um a um, dois a dois, entre outros), para indicar “tem mais”, “tem menos” ou “tem a mesma quantidade”, indicando, quando for o caso, quantos a mais e quantos a menos.",Números Unidades Temáticas,"Leitura, escrita, comparação e ordenação de números de até três ordens pela compreensão de características do sistema de numeração decimal (valor posicional e papel do zero) Objetos de Conhecimento",CURRICULO_REFERENCIA_MS_EF_V1_10,CURRICULO_COMPLETO,CURRICULO_REFERENCIA_MS_EF_V1_10,462
EF_AI,EF2,CURRICULAR,Matemática,MAT,MS.EF02MA04.s.04,"Compor e decompor números naturais de até três ordens, com suporte de material manipulável, por meio de diferentes adições.",Números Unidades Temáticas,Composição e decomposição de números naturais (até 1000) Objetos de Conhecimento,CURRICULO_REFERENCIA_MS_EF_V1_10,CURRICULO_COMPLETO,CURRICULO_REFERENCIA_MS_EF_V1_10,463
EF_AI,EF2,CURRICULAR,Matemática,MAT,MS.EF02MA05.s.06,Construir fatos básicos da adição e subtração e utilizálos no cálculo mental ou escrito.,Números Unidades Temáticas,Construção de fatos fundamentais da adição e da subtração Objetos de Conhecimento,CURRICULO_REFERENCIA_MS_EF_V1_10,CURRICULO_COMPLETO,CURRICULO_REFERENCIA_MS_EF_V1_10,464
EF_AI,EF2,CURRICULAR,Matemática,MAT,MS.EF02MA06.s.07,"Resolver e elaborar problemas de adição e de subtração, envolvendo números de até três ordens, com os significados de juntar, acrescentar, separar, retirar, utilizando estratégias pessoais ou convencionais.",Números,"Problemas envolvendo diferentes significados da adição e da subtração (juntar, acrescentar, separar, retirar)",CURRICULO_REFERENCIA_MS_EF_V1_10,CURRICULO_COMPLETO,CURRICULO_REFERENCIA_MS_EF_V1_10,465
EF_AI,EF2,CURRICULAR,Matemática,MAT,MS.EF02MA07.s.08,"Resolver e elaborar problemas de multiplicação (por 2, 3, 4 e 5) com a ideia de adição de parcelas iguais por meio de estratégias e formas de registro pessoais, utilizando ou não suporte de imagens e/ou material manipulável.",Números Unidades Temáticas,Problemas envolvendo adição Objetos de Conhecimento de parcelas iguais (multiplicação),CURRICULO_REFERENCIA_MS_EF_V1_10,CURRICULO_COMPLETO,CURRICULO_REFERENCIA_MS_EF_V1_10,465
EF_AI,EF2,CURRICULAR,Matemática,MAT,MS.EF02MA08.s.09,"Resolver e elaborar problemas envolvendo dobro, metade, triplo e terça parte, com o suporte de imagens ou material manipulável, utilizando estratégias pessoais.",Números Unidades Temáticas,"Problemas envolvendo significados de dobro, metade, triplo e terça parte Objetos de Conhecimento",CURRICULO_REFERENCIA_MS_EF_V1_10,CURRICULO_COMPLETO,CURRICULO_REFERENCIA_MS_EF_V1_10,466
EF_AI,EF2,CURRICULAR,Matemática,MAT,MS.EF02MA09.s.10,"Construir sequências de números naturais em ordem crescente ou decrescente a partir de um número qualquer, utilizando uma regularidade estabelecida.",Álgebra Unidades Temáticas,Construção de sequências repetitivas e de sequências recursivas Objetos de Conhecimento,CURRICULO_REFERENCIA_MS_EF_V1_10,CURRICULO_COMPLETO,CURRICULO_REFERENCIA_MS_EF_V1_10,467
EF_AI,EF2,CURRICULAR,Matemática,MAT,MS.EF02MA10.s.11,"Descrever um padrão (ou regularidade) de sequências repetitivas e de sequências recursivas, por meio de palavras, símbolos ou desenhos.",Álgebra,Identificação de regularidade de sequências e determinação de elementos ausentes na sequência,CURRICULO_REFERENCIA_MS_EF_V1_10,CURRICULO_COMPLETO,CURRICULO_REFERENCIA_MS_EF_V1_10,468
EF_AI,EF2,CURRICULAR,Matemática,MAT,MS.EF02MA11.s.12,"Descrever os elementos ausentes em sequências repetitivas e em sequências recursivas de números naturais, objetos ou figuras.",Álgebra,Identificação de regularidade de sequências e determinação de elementos ausentes na sequência,CURRICULO_REFERENCIA_MS_EF_V1_10,CURRICULO_COMPLETO,CURRICULO_REFERENCIA_MS_EF_V1_10,468
EF_AI,EF2,CURRICULAR,Matemática,MAT,MS.EF02MA12.s.13,"Identificar e registrar, em linguagem verbal ou não verbal, a localização e os deslocamentos de pessoas e de objetos no espaço, considerando mais de um ponto de referência, e indicar as mudanças de direção e de sentido.",Geometria Unidades Temáticas,"Localização e movimentação de pessoas e objetos no espaço, segundo pontos de referência, e indicação de mudanças de direção e sentido Objetos de Conhecimento",CURRICULO_REFERENCIA_MS_EF_V1_10,CURRICULO_COMPLETO,CURRICULO_REFERENCIA_MS_EF_V1_10,468
EF_AI,EF2,CURRICULAR,Matemática,MAT,MS.EF02MA13.s.14,"Esboçar roteiros a ser seguidos ou plantas de ambientes familiares, assinalando entradas, saídas e alguns pontos de referência.",Geometria Unidades Temáticas,Esboço de roteiros e de plantas simples Objetos de Conhecimento,CURRICULO_REFERENCIA_MS_EF_V1_10,CURRICULO_COMPLETO,CURRICULO_REFERENCIA_MS_EF_V1_10,469
EF_AI,EF2,CURRICULAR,Matemática,MAT,MS.EF02MA14.s.15,"Reconhecer, nomear e comparar figuras geométricas espaciais (cubo, bloco retangular, pirâmide, cone, cilindro e esfera), relacionando-as com objetos do mundo físico.",Geometria Unidades Temáticas,"Figuras geométricas espaciais (cubo, bloco retangular, pirâmide, cone, cilindro e esfera): reconhecimento e características Objetos de Conhecimento",CURRICULO_REFERENCIA_MS_EF_V1_10,CURRICULO_COMPLETO,CURRICULO_REFERENCIA_MS_EF_V1_10,470
EF_AI,EF2,CURRICULAR,Matemática,MAT,MS.EF02MA15.s.16,"Reconhecer, comparar e nomear figuras planas (círculo, quadrado, retângulo e triângulo), por meio de características comuns, em desenhos apresentados em diferentes disposições ou em sólidos geométricos.",Geometria,"Figuras geométricas planas (círculo, quadrado, retângulo e triângulo): reconhecimento e características",CURRICULO_REFERENCIA_MS_EF_V1_10,CURRICULO_COMPLETO,CURRICULO_REFERENCIA_MS_EF_V1_10,471
EF_AI,EF2,CURRICULAR,Matemática,MAT,MS.EF02MA16.s.17,"Estimar, medir e comparar comprimentos de lados de salas (incluindo contorno) e de polígonos, utilizando unidades de medida não padronizadas e padronizadas (metro, centímetro e milímetro) e instrumentos adequados.",Grandezas e medidas Unidades Temáticas,"Medida de comprimento: unidades não padronizadas e padronizadas (metro, centímetro e milímetro) Objetos de Conhecimento",CURRICULO_REFERENCIA_MS_EF_V1_10,CURRICULO_COMPLETO,CURRICULO_REFERENCIA_MS_EF_V1_10,471
EF_AI,EF2,CURRICULAR,Matemática,MAT,MS.EF02MA17.s.18,"Estimar, medir e comparar capacidade e massa, utilizando estratégias pessoais e unidades de medida não padronizadas ou padronizadas (litro, mililitro, grama e quilograma).",Grandezas e medidas Unidades Temáticas,"Medida de capacidade e de massa: unidades de medida não convencionais e convencionais (litro, mililitro, cm3, grama e quilograma) Objetos de Conhecimento",CURRICULO_REFERENCIA_MS_EF_V1_10,CURRICULO_COMPLETO,CURRICULO_REFERENCIA_MS_EF_V1_10,472
EF_AI,EF2,CURRICULAR,Matemática,MAT,MS.EF02MA18.s.19,"Indicar a duração de intervalos de tempo entre duas datas, como dias da semana e meses do ano, utilizando calendário, para planejamentos e organização de agenda.",Grandezas e medidas,"Medidas de tempo: intervalo de tempo, uso do calendário, leitura de horas em relógios digitais e ordenação de datas",CURRICULO_REFERENCIA_MS_EF_V1_10,CURRICULO_COMPLETO,CURRICULO_REFERENCIA_MS_EF_V1_10,473
EF_AI,EF2,CURRICULAR,Matemática,MAT,MS.EF02MA19.s.20,Medir a duração de um intervalo de tempo por meio de relógio digital e registrar o horário do início e do fim do intervalo.,Grandezas e medidas Unidades Temáticas,"Medidas de tempo: intervalo de tempo, uso do calendário, leitura de horas em relógios digitais e ordenação de datas Objetos de Conhecimento",CURRICULO_REFERENCIA_MS_EF_V1_10,CURRICULO_COMPLETO,CURRICULO_REFERENCIA_MS_EF_V1_10,473
EF_AI,EF2,CURRICULAR,Matemática,MAT,MS.EF02MA20.s.21,Estabelecer a equivalência de valores entre moedas e cédulas do sistema monetário brasileiro para resolver situações cotidianas.,Grandezas e medidas,Sistema monetário brasileiro: reconhecimento de cédulas e moedas e equivalência de valores,CURRICULO_REFERENCIA_MS_EF_V1_10,CURRICULO_COMPLETO,CURRICULO_REFERENCIA_MS_EF_V1_10,474
EF_AI,EF2,CURRICULAR,Matemática,MAT,MS.EF02MA21.s.22,"Classificar resultados de eventos cotidianos aleatórios como “pouco prováveis”, “muito prováveis”, “improváveis” e “impossíveis”.",Probabilidade e estatística Unidades Temáticas,Análise da ideia de aleatório em situações do cotidiano Objetos de Conhecimento,CURRICULO_REFERENCIA_MS_EF_V1_10,CURRICULO_COMPLETO,CURRICULO_REFERENCIA_MS_EF_V1_10,474
EF_AI,EF2,CURRICULAR,Matemática,MAT,MS.EF02MA22.s.23,"Comparar informações de pesquisas apresentadas por meio de tabelas de dupla entrada e em gráficos de colunas simples ou barras, para melhor compreender aspectos da realidade próxima.",Probabilidade e estatística Unidades Temáticas,"Coleta, classificação e representação de dados em tabelas simples e de dupla entrada e em gráficos de colunas Objetos de Conhecimento",CURRICULO_REFERENCIA_MS_EF_V1_10,CURRICULO_COMPLETO,CURRICULO_REFERENCIA_MS_EF_V1_10,475
EF_AI,EF2,CURRICULAR,Matemática,MAT,MS.EF02MA23.s.24,"Realizar pesquisa em universo de até 30 elementos, escolhendo até três variáveis categóricas de seu interesse, organizando os dados coletados em listas, tabelas e gráficos de colunas simples.",Probabilidade e estatística,"Coleta, classificação e representação de dados em tabelas simples e de dupla entrada e em gráficos de colunas",CURRICULO_REFERENCIA_MS_EF_V1_10,CURRICULO_COMPLETO,CURRICULO_REFERENCIA_MS_EF_V1_10,476
EF_AI,EF3,CURRICULAR,Matemática,MAT,MS.EF03MA01.s.01,"Ler, escrever e comparar números naturais de até a ordem de unidade de milhar, estabelecendo relações entre os registros numéricos e em língua materna. Explorar as diferentes formas de contar presentes nos povos indígenas",Números,"Leitura, escrita, comparação e ordenação de números naturais de quatro ordens",CURRICULO_REFERENCIA_MS_EF_V1_10,CURRICULO_COMPLETO,CURRICULO_REFERENCIA_MS_EF_V1_10,477
EF_AI,EF3,CURRICULAR,Matemática,MAT,MS.EF03MA02.s.02,"Identificar características do sistema de numeração decimal, utilizando a composição e a decomposição de número natural de até quatro ordens.",Números Unidades Temáticas,Composição e decomposição de números naturais Objetos de Conhecimento,CURRICULO_REFERENCIA_MS_EF_V1_10,CURRICULO_COMPLETO,CURRICULO_REFERENCIA_MS_EF_V1_10,477
EF_AI,EF3,CURRICULAR,Matemática,MAT,MS.EF03MA03.s.03,Construir e utilizar fatos básicos da adição e da multiplicação para o cálculo mental ou escrito.,Números Unidades Temáticas,"Construção de fatos fundamentais da adição, subtração e multiplicação Reta numérica Objetos de Conhecimento",CURRICULO_REFERENCIA_MS_EF_V1_10,CURRICULO_COMPLETO,CURRICULO_REFERENCIA_MS_EF_V1_10,478
EF_AI,EF3,CURRICULAR,Matemática,MAT,MS.EF03MA04.s.04,"Estabelecer a relação entre números naturais e pontos da reta numérica para utilizá-la na ordenação dos números naturais e também na construção de fatos da adição e da subtração, relacionando-os com deslocamentos para a direita ou para a esquerda.",Números,"Construção de fatos fundamentais da adição, subtração e multiplicação. Reta numérica.",CURRICULO_REFERENCIA_MS_EF_V1_10,CURRICULO_COMPLETO,CURRICULO_REFERENCIA_MS_EF_V1_10,479
EF_AI,EF3,CURRICULAR,Matemática,MAT,MS.EF03MA05.s.05,Utilizar diferentes procedimentos de cálculo mental e escrito para resolver problemas significativos envolvendo adição e subtração com números naturais.,Números Unidades Temáticas,Procedimentos de cálculo (mental e escrito) com números naturais: adição e subtração Objetos de Conhecimento,CURRICULO_REFERENCIA_MS_EF_V1_10,CURRICULO_COMPLETO,CURRICULO_REFERENCIA_MS_EF_V1_10,479
EF_AI,EF3,CURRICULAR,Matemática,MAT,MS.EF03MA06.s.06,"Resolver e elaborar problemas de adição e subtração com os significados de juntar, acrescentar, separar, retirar, comparar e completar quantidades, utilizando diferentes estratégias de cálculo exato ou aproximado, incluindo cálculo mental.",Números Unidades Temáticas,"Problemas envolvendo significados da adição e da subtração: juntar, acrescentar, separar, retirar, comparar e completar quantidades Objetos de Conhecimento",CURRICULO_REFERENCIA_MS_EF_V1_10,CURRICULO_COMPLETO,CURRICULO_REFERENCIA_MS_EF_V1_10,480
EF_AI,EF3,CURRICULAR,Matemática,MAT,MS.EF03MA07.s.07,"Resolver e elaborar problemas de multiplicação (por 2, 3, 4, 5 e 10) com os significados de adição de parcelas iguais e elementos apresentados em disposição retangular, utilizando diferentes estratégias de cálculo e registros.",Números Unidades Temáticas,"Problemas envolvendo diferentes significados da multiplicação e da divisão: adição de parcelas iguais, configuração retangular, repartição em partes iguais e medida. Objetos de Conhecimento",CURRICULO_REFERENCIA_MS_EF_V1_10,CURRICULO_COMPLETO,CURRICULO_REFERENCIA_MS_EF_V1_10,481
EF_AI,EF3,CURRICULAR,Matemática,MAT,MS.EF03MA08.s.08,"Resolver e elaborar problemas de divisão de um número natural por outro (até 10), com resto zero e com resto diferente de zero, com os significados de repartição equitativa e de medida, por meio de estratégias e registros pessoais.",Números Unidades Temáticas,"Problemas envolvendo diferentes significados da multiplicação e da divisão: adição de parcelas iguais, configuração retangular, repartição em partes iguais e medida. Objetos de Conhecimento",CURRICULO_REFERENCIA_MS_EF_V1_10,CURRICULO_COMPLETO,CURRICULO_REFERENCIA_MS_EF_V1_10,482
EF_AI,EF3,CURRICULAR,Matemática,MAT,MS.EF03MA09.s.09,"Associar o quociente de uma divisão com resto zero de um número natural por 2, 3, 4, 5 e 10 às ideias de metade, terça, quarta, quinta e décima partes.",Números Unidades Temáticas,"Significados de metade, terça parte, quarta parte, quinta parte e décima parte Objetos de Conhecimento",CURRICULO_REFERENCIA_MS_EF_V1_10,CURRICULO_COMPLETO,CURRICULO_REFERENCIA_MS_EF_V1_10,483
EF_AI,EF3,CURRICULAR,Matemática,MAT,MS.EF03MA10.s.10,"Identificar regularidades em sequências ordenadas de números naturais, resultantes da realização de adições ou subtrações sucessivas, por um mesmo número, descrever uma regra de formação da sequência e determinar elementos faltantes ou seguintes.",Álgebra,Identificação e descrição de regularidades em sequências numéricas recursivas,CURRICULO_REFERENCIA_MS_EF_V1_10,CURRICULO_COMPLETO,CURRICULO_REFERENCIA_MS_EF_V1_10,484
EF_AI,EF3,CURRICULAR,Matemática,MAT,MS.EF03MA11.s.11,Compreender a ideia de igualdade para escrever diferentes sentenças de adições ou de subtrações de dois números naturais que resultem na mesma soma ou diferença.,Álgebra Unidades Temáticas,Relação de igualdade Objetos de Conhecimento,CURRICULO_REFERENCIA_MS_EF_V1_10,CURRICULO_COMPLETO,CURRICULO_REFERENCIA_MS_EF_V1_10,484
EF_AI,EF3,CURRICULAR,Matemática,MAT,MS.EF03MA12.s.12,"Descrever e representar, por meio de esboços de trajetos ou utilizando croquis e maquetes, a movimentação de pessoas ou de objetos no espaço, incluindo mudanças de direção e sentido, com base em diferentes pontos de referência.",Geometria,Localização e movimentação: representação de objetos e pontos de referência,CURRICULO_REFERENCIA_MS_EF_V1_10,CURRICULO_COMPLETO,CURRICULO_REFERENCIA_MS_EF_V1_10,485
EF_AI,EF3,CURRICULAR,Matemática,MAT,MS.EF03MA13.s.13,"Associar figuras geométricas espaciais (cubo, bloco retangular, pirâmide, cone, cilindro e esfera) a objetos do mundo físico e nomear essas figuras.",Geometria Unidades Temáticas,"Figuras geométricas espaciais (cubo, bloco retangular, pirâmide, cone, cilindro e esfera): reconhecimento, análise de características e planificações Objetos de Conhecimento",CURRICULO_REFERENCIA_MS_EF_V1_10,CURRICULO_COMPLETO,CURRICULO_REFERENCIA_MS_EF_V1_10,485
EF_AI,EF3,CURRICULAR,Matemática,MAT,MS.EF03MA14.s.14,"Descrever características de algumas figuras geométricas espaciais (prismas retos, pirâmides, cilindros, cones), relacionando-as com suas planificações.",Geometria,"Figuras geométricas espaciais (cubo, bloco retangular, pirâmide, cone, cilindro e esfera): reconhecimento, análise de características e planificações",CURRICULO_REFERENCIA_MS_EF_V1_10,CURRICULO_COMPLETO,CURRICULO_REFERENCIA_MS_EF_V1_10,486
EF_AI,EF3,CURRICULAR,Matemática,MAT,MS.EF03MA15.s.15,"Classificar e comparar figuras planas (triângulo, quadrado, retângulo, trapézio e paralelogramo) em relação a seus lados (quantidade, posições relativas e comprimento) e vértices.",Geometria Unidades Temáticas,"Figuras geométricas planas (triângulo, quadrado, retângulo, trapézio e paralelogramo): reconhecimento e análise de características Objetos de Conhecimento",CURRICULO_REFERENCIA_MS_EF_V1_10,CURRICULO_COMPLETO,CURRICULO_REFERENCIA_MS_EF_V1_10,486
EF_AI,EF3,CURRICULAR,Matemática,MAT,MS.EF03MA16.s.16,"Reconhecer figuras congruentes, usando sobreposição e desenhos em malhas quadriculadas ou triangulares, incluindo o uso de tecnologias digitais.",Geometria Unidades Temáticas,Congruência de figuras geométricas planas Objetos de Conhecimento,CURRICULO_REFERENCIA_MS_EF_V1_10,CURRICULO_COMPLETO,CURRICULO_REFERENCIA_MS_EF_V1_10,487
EF_AI,EF3,CURRICULAR,Matemática,MAT,MS.EF03MA17.s.17,Reconhecer que o resultado de uma medida depende da unidade de medida utilizada.,Grandezas e medidas,Significado de medida e de unidade de medida,CURRICULO_REFERENCIA_MS_EF_V1_10,CURRICULO_COMPLETO,CURRICULO_REFERENCIA_MS_EF_V1_10,488
EF_AI,EF3,CURRICULAR,Matemática,MAT,MS.EF03MA18.s.18,"Escolher a unidade de medida e o instrumento mais apropriado para medições de comprimento, tempo e capacidade.",Grandezas e medidas Unidades Temáticas,Significado de medida e de unidade de medida Objetos de Conhecimento,CURRICULO_REFERENCIA_MS_EF_V1_10,CURRICULO_COMPLETO,CURRICULO_REFERENCIA_MS_EF_V1_10,488
EF_AI,EF3,CURRICULAR,Matemática,MAT,MS.EF03MA19.s.19,"Estimar, medir e comparar comprimentos, utilizando unidades de medida não padronizadas e padronizadas mais usuais (metro, centímetro e milímetro) e diversos instrumentos de medida.",Grandezas e medidas Unidades Temáticas,"Medidas de comprimento (unidades não convencionais e convencionais): registro, instrumentos de medida, estimativas e comparações Objetos de Conhecimento",CURRICULO_REFERENCIA_MS_EF_V1_10,CURRICULO_COMPLETO,CURRICULO_REFERENCIA_MS_EF_V1_10,489
EF_AI,EF3,CURRICULAR,Matemática,MAT,MS.EF03MA20.s.20,"Estimar e medir capacidade e massa, utilizando unidades de medida não padronizadas e padronizadas mais usuais (litro, mililitro, quilograma, grama e miligrama), reconhecendo-as em leitura de rótulos e embalagens, entre outros.",Grandezas e medidas,"Medidas de capacidade e de massa (unidades não convencionais e convencionais): registro, estimativas e comparações",CURRICULO_REFERENCIA_MS_EF_V1_10,CURRICULO_COMPLETO,CURRICULO_REFERENCIA_MS_EF_V1_10,490
EF_AI,EF3,CURRICULAR,Matemática,MAT,MS.EF03MA21.s.21,"Comparar, visualmente ou por superposição, áreas de faces de objetos, de figuras planas ou de desenhos.",Grandezas e medidas Unidades Temáticas,Comparação de áreas por superposição Objetos de Conhecimento,CURRICULO_REFERENCIA_MS_EF_V1_10,CURRICULO_COMPLETO,CURRICULO_REFERENCIA_MS_EF_V1_10,490
EF_AI,EF3,CURRICULAR,Matemática,MAT,MS.EF03MA22.s.22,"Ler e registrar medidas e intervalos de tempo, utilizando relógios (analógico e digital) para informar os horários de início e término de realização de uma atividade e sua duração.",Grandezas e medidas Unidades Temáticas,"Medidas de tempo: leitura de horas em relógios digitais e analógicos, duração de eventos e reconhecimento de relações entre unidades de medida de tempo Objetos de Conhecimento",CURRICULO_REFERENCIA_MS_EF_V1_10,CURRICULO_COMPLETO,CURRICULO_REFERENCIA_MS_EF_V1_10,491
EF_AI,EF3,CURRICULAR,Matemática,MAT,MS.EF03MA23.s.23,Ler horas em relógios digitais e em relógios analógicos e reconhecer a relação entre hora e minutos e entre minuto e segundos.,Grandezas e medidas,"Medidas de tempo: leitura de horas em relógios digitais e analógicos, duração de eventos e reconhecimento de relações entre unidades de medida de tempo",CURRICULO_REFERENCIA_MS_EF_V1_10,CURRICULO_COMPLETO,CURRICULO_REFERENCIA_MS_EF_V1_10,492
EF_AI,EF3,CURRICULAR,Matemática,MAT,MS.EF03MA24.s.24,"Resolver e elaborar problemas que envolvam a comparação e a equivalência de valores monetários do sistema brasileiro em situações de compra, venda e troca.",Grandezas e medidas,Sistema monetário brasileiro: estabelecimento de equivalências de um mesmo valor na utilização de diferentes cédulas e moedas,CURRICULO_REFERENCIA_MS_EF_V1_10,CURRICULO_COMPLETO,CURRICULO_REFERENCIA_MS_EF_V1_10,492
EF_AI,EF3,CURRICULAR,Matemática,MAT,MS.EF03MA25.s.25,"Identificar, em eventos familiares aleatórios, todos os resultados possíveis, estimando os que têm maiores ou menores chances de ocorrência.",Probabilidade e estatística Unidades Temáticas,Análise da ideia de acaso em situações do cotidiano: espaço amostral Objetos de Conhecimento,CURRICULO_REFERENCIA_MS_EF_V1_10,CURRICULO_COMPLETO,CURRICULO_REFERENCIA_MS_EF_V1_10,492
EF_AI,EF3,CURRICULAR,Matemática,MAT,MS.EF03MA26.s.26,"Resolver problemas cujos dados estão apresentados em tabelas de dupla entrada, gráficos de barras ou de colunas.",Probabilidade e estatística Unidades Temáticas,"Leitura, interpretação e representação de dados em tabelas de dupla entrada e gráficos de barras Objetos de Conhecimento",CURRICULO_REFERENCIA_MS_EF_V1_10,CURRICULO_COMPLETO,CURRICULO_REFERENCIA_MS_EF_V1_10,493
EF_AI,EF3,CURRICULAR,Matemática,MAT,MS.EF03MA27.s.27,"Ler, interpretar e comparar dados apresentados em tabelas de dupla entrada, gráficos de barras ou de colunas, envolvendo resultados de pesquisas significativas, utilizando termos como maior e menor frequência, apropriando-se desse tipo de linguagem para compreender aspectos da realidade sociocultural significativos.",Probabilidade e estatística,"Leitura, interpretação e representação de dados em tabelas de dupla entrada e gráficos de barras",CURRICULO_REFERENCIA_MS_EF_V1_10,CURRICULO_COMPLETO,CURRICULO_REFERENCIA_MS_EF_V1_10,494
EF_AI,EF3,CURRICULAR,Matemática,MAT,MS.EF03MA28.s.28,"Realizar pesquisa envolvendo variáveis categóricas em um universo de até 50 elementos, organizar os dados coletados utilizando listas, tabelas simples ou de dupla entrada e representá-los em gráficos de colunas simples, com e sem uso de tecnologias digitais.",Probabilidade e estatística Unidades Temáticas,"Coleta, classificação e representação de dados referentes a variáveis categóricas, por meio de tabelas e gráficos Objetos de Conhecimento",CURRICULO_REFERENCIA_MS_EF_V1_10,CURRICULO_COMPLETO,CURRICULO_REFERENCIA_MS_EF_V1_10,494
EF_AI,EF4,CURRICULAR,Matemática,MAT,MS.EF04MA01.s.01,"Ler, escrever e ordenar números naturais até a ordem de dezenas de milhar.",Números Unidades Temáticas,"Sistema de numeração decimal: leitura, escrita, comparação e ordenação de números naturais de até cinco ordens Objetos de Conhecimento",CURRICULO_REFERENCIA_MS_EF_V1_10,CURRICULO_COMPLETO,CURRICULO_REFERENCIA_MS_EF_V1_10,495
EF_AI,EF4,CURRICULAR,Matemática,MAT,MS.EF04MA02.s.02,"Mostrar, por decomposição e composição, que todo número natural pode ser escrito por meio de adições e multiplicações por potências de dez, para compreender o sistema de numeração decimal e desenvolver estratégias de cálculo.",Números Unidades Temáticas,"Composição e decomposição de um número natural de até cinco ordens, por meio de adições e multiplicações por potências de 10 Objetos de Conhecimento",CURRICULO_REFERENCIA_MS_EF_V1_10,CURRICULO_COMPLETO,CURRICULO_REFERENCIA_MS_EF_V1_10,496
EF_AI,EF4,CURRICULAR,Matemática,MAT,MS.EF04MA03.s.03,"Resolver e elaborar problemas com números naturais envolvendo adição e subtração, utilizando estratégias diversas, como cálculo, cálculo mental e algoritmos, além de fazer estimativas do resultado.",Números,Propriedades das operações para o desenvolvimento de diferentes estratégias de cálculo com números naturais,CURRICULO_REFERENCIA_MS_EF_V1_10,CURRICULO_COMPLETO,CURRICULO_REFERENCIA_MS_EF_V1_10,497
EF_AI,EF4,CURRICULAR,Matemática,MAT,MS.EF04MA04.s.04,"Utilizar as relações entre adição e subtração, bem como entre multiplicação e divisão, para ampliar as estratégias de cálculo.",Números Unidades Temáticas,Propriedades das operações para o desenvolvimento de diferentes estratégias de cálculo com números naturais Objetos de Conhecimento,CURRICULO_REFERENCIA_MS_EF_V1_10,CURRICULO_COMPLETO,CURRICULO_REFERENCIA_MS_EF_V1_10,497
EF_AI,EF4,CURRICULAR,Matemática,MAT,MS.EF04MA05.s.05,Utilizar as propriedades das operações para desenvolver estratégias de cálculo.,Números,Propriedades das operações para o desenvolvimento de diferentes estratégias de cálculo com números naturais,CURRICULO_REFERENCIA_MS_EF_V1_10,CURRICULO_COMPLETO,CURRICULO_REFERENCIA_MS_EF_V1_10,498
EF_AI,EF4,CURRICULAR,Matemática,MAT,MS.EF04MA06.s.06,"Resolver e elaborar problemas envolvendo diferentes significados da multiplicação (adição de parcelas iguais, organização retangular e proporcionalidade), utilizando estratégias diversas, como cálculo por estimativa, cálculo mental e algoritmos.",Números Unidades Temáticas,"Problemas envolvendo diferentes significados da multiplicação e da divisão: adição de parcelas iguais, configuração retangular, proporcionalidade, repartição equitativa e medida Objetos de Conhecimento",CURRICULO_REFERENCIA_MS_EF_V1_10,CURRICULO_COMPLETO,CURRICULO_REFERENCIA_MS_EF_V1_10,498
EF_AI,EF4,CURRICULAR,Matemática,MAT,MS.EF04MA07.s.07,"Resolver e elaborar problemas de divisão cujo divisor tenha no máximo dois algarismos, envolvendo os significados de repartição equitativa e de medida, utilizando estratégias diversas, como cálculo por estimativa, cálculo mental e algoritmos.",Números Unidades Temáticas,"Problemas envolvendo diferentes significados da multiplicação e da divisão: adição de parcelas iguais, configuração retangular, proporcionalidade, repartição equitativa e medida Objetos de Conhecimento",CURRICULO_REFERENCIA_MS_EF_V1_10,CURRICULO_COMPLETO,CURRICULO_REFERENCIA_MS_EF_V1_10,499
EF_AI,EF4,CURRICULAR,Matemática,MAT,MS.EF04MA08.s.08,"Resolver, com o suporte de imagem e/ou material manipulável, problemas simples de contagem, como a determinação do número de agrupamentos possíveis ao se combinar cada elemento de uma coleção com todos os elementos de outra, utilizando estratégias e formas de registro pessoais.",Números Unidades Temáticas,Problemas de contagem Objetos de Conhecimento,CURRICULO_REFERENCIA_MS_EF_V1_10,CURRICULO_COMPLETO,CURRICULO_REFERENCIA_MS_EF_V1_10,500
EF_AI,EF4,CURRICULAR,Matemática,MAT,MS.EF04MA09.s.09,"Reconhecer as frações unitárias mais usuais (1/2, 1/3, 1/4, 1/5, 1/10 e 1/100) como unidades de medida menores do que uma unidade, utilizando a reta numérica como recurso.",Números,"Números racionais: frações unitárias mais usuais (1/2, 1/3, 1/4, 1/5, 1/10 e 1/100)",CURRICULO_REFERENCIA_MS_EF_V1_10,CURRICULO_COMPLETO,CURRICULO_REFERENCIA_MS_EF_V1_10,501
EF_AI,EF4,CURRICULAR,Matemática,MAT,MS.EF04MA10.s.10,Reconhecer que as regras do sistema de numeração decimal podem ser estendidas para a representação decimal de um número racional e relacionar décimos e centésimos com a representação do sistema monetário brasileiro.,Números Unidades Temáticas,Números racionais: representação decimal para escrever valores do sistema monetário brasileiro Objetos de Conhecimento,CURRICULO_REFERENCIA_MS_EF_V1_10,CURRICULO_COMPLETO,CURRICULO_REFERENCIA_MS_EF_V1_10,501
EF_AI,EF4,CURRICULAR,Matemática,MAT,MS.EF04MA11.s.11,Identificar regularidades em sequências numéricas compostas por múltiplos de um número natural.,Álgebra Unidades Temáticas,Sequência numérica recursiva formada por múltiplos de um número natural Objetos de Conhecimento,CURRICULO_REFERENCIA_MS_EF_V1_10,CURRICULO_COMPLETO,CURRICULO_REFERENCIA_MS_EF_V1_10,502
EF_AI,EF4,CURRICULAR,Matemática,MAT,MS.EF04MA12.s.12,"Reconhecer, por meio de investigações, que há grupos de números naturais para os quais as divisões por um determinado número resultam em restos iguais, identificando regularidades.",Álgebra Unidades Temáticas,Sequência numérica recursiva formada por números que deixam o mesmo resto ao ser divididos por um mesmo número natural diferente de zero Objetos de Conhecimento,CURRICULO_REFERENCIA_MS_EF_V1_10,CURRICULO_COMPLETO,CURRICULO_REFERENCIA_MS_EF_V1_10,503
EF_AI,EF4,CURRICULAR,Matemática,MAT,MS.EF04MA13.s.13,"Reconhecer, por meio de investigações, utilizando a calculadora quando necessário, as relações inversas entre as operações de adição e de subtração e de multiplicação e de divisão, para aplicá-las na resolução de problemas.",Álgebra,Relações entre adição e subtração e entre multiplicação e divisão,CURRICULO_REFERENCIA_MS_EF_V1_10,CURRICULO_COMPLETO,CURRICULO_REFERENCIA_MS_EF_V1_10,504
EF_AI,EF4,CURRICULAR,Matemática,MAT,MS.EF04MA14.s.14,"Reconhecer e mostrar, por meio de exemplos, que a relação de igualdade existente entre dois termos permanece quando se adiciona ou se subtrai um mesmo número a cada um desses termos.",Álgebra Unidades Temáticas,Propriedades da igualdade Objetos de Conhecimento,CURRICULO_REFERENCIA_MS_EF_V1_10,CURRICULO_COMPLETO,CURRICULO_REFERENCIA_MS_EF_V1_10,504
EF_AI,EF4,CURRICULAR,Matemática,MAT,MS.EF04MA15.s.15,Determinar o número desconhecido que torna verdadeira uma igualdade que envolve as operações fundamentais com números naturais.,Álgebra Unidades Temáticas,Propriedades da igualdade Objetos de Conhecimento,CURRICULO_REFERENCIA_MS_EF_V1_10,CURRICULO_COMPLETO,CURRICULO_REFERENCIA_MS_EF_V1_10,505
EF_AI,EF4,CURRICULAR,Matemática,MAT,MS.EF04MA16.s.16,"Descrever deslocamentos e localização de pessoas e de objetos no espaço, por meio de malhas quadriculadas e representações como desenhos, mapas, planta baixa e croquis, empregando termos como direita e esquerda, mudanças de direção e sentido, intersecção, transversais, paralelas e perpendiculares.",Geometria Unidades Temáticas,"Localização e movimentação: pontos de referência, direção e sentido Paralelismo e perpendicularismo Objetos de Conhecimento",CURRICULO_REFERENCIA_MS_EF_V1_10,CURRICULO_COMPLETO,CURRICULO_REFERENCIA_MS_EF_V1_10,506
EF_AI,EF4,CURRICULAR,Matemática,MAT,MS.EF04MA17.s.17,"Associar prismas e pirâmides a suas planificações e analisar, nomear e comparar seus atributos, estabelecendo relações entre as representações planas e espaciais.",Geometria Unidades Temáticas,"Figuras geométricas espaciais (prismas e pirâmides): reconhecimento, representações, planificações e características Objetos de Conhecimento",CURRICULO_REFERENCIA_MS_EF_V1_10,CURRICULO_COMPLETO,CURRICULO_REFERENCIA_MS_EF_V1_10,507
EF_AI,EF4,CURRICULAR,Matemática,MAT,MS.EF04MA18.s.18,"Reconhecer ângulos retos e não retos em figuras poligonais com o uso de dobraduras, esquadros ou softwares de geometria.",Geometria,"Ângulos retos e não retos: uso de dobraduras, esquadros e softwares",CURRICULO_REFERENCIA_MS_EF_V1_10,CURRICULO_COMPLETO,CURRICULO_REFERENCIA_MS_EF_V1_10,508
EF_AI,EF4,CURRICULAR,Matemática,MAT,MS.EF04MA19.s.19,"Reconhecer simetria de reflexão em figuras e em pares de figuras geométricas planas e utilizá-la na construção de figuras congruentes, com o uso de malhas quadriculadas e de softwares de geometria.",Geometria Unidades Temáticas,Simetria de reflexão Objetos de Conhecimento,CURRICULO_REFERENCIA_MS_EF_V1_10,CURRICULO_COMPLETO,CURRICULO_REFERENCIA_MS_EF_V1_10,508
EF_AI,EF4,CURRICULAR,Matemática,MAT,MS.EF04MA20.s.20,"Medir e estimar comprimentos (incluindo perímetros), massas e capacidades, utilizando unidades de medida padronizadas mais usuais, valorizando e respeitando a cultura local.",Grandezas e medidas Unidades Temáticas,"Medidas de comprimento, massa e capacidade: estimativas, utilização de instrumentos de medida e de unidades de medida convencionais mais usuais Objetos de Conhecimento",CURRICULO_REFERENCIA_MS_EF_V1_10,CURRICULO_COMPLETO,CURRICULO_REFERENCIA_MS_EF_V1_10,509
EF_AI,EF4,CURRICULAR,Matemática,MAT,MS.EF04MA21.s.21,"Medir, comparar e estimar área de figuras planas desenhadas em malha quadriculada, pela contagem dos quadradinhos ou de metades de quadradinho, reconhecendo que duas figuras com formatos diferentes podem ter a mesma medida de área.",Grandezas e medidas,Áreas de figuras construídas em malhas quadriculadas,CURRICULO_REFERENCIA_MS_EF_V1_10,CURRICULO_COMPLETO,CURRICULO_REFERENCIA_MS_EF_V1_10,510
EF_AI,EF4,CURRICULAR,Matemática,MAT,MS.EF04MA22.s.22,"Ler e registrar medidas e intervalos de tempo em horas, minutos e segundos em situações relacionadas ao seu cotidiano, como informar os horários de início e término de realização de uma tarefa e sua duração.",Grandezas e medidas Unidades Temáticas,"Medidas de tempo: leitura de horas em relógios digitais e analógicos, duração de eventos e relações entre unidades de medida de tempo Objetos de Conhecimento",CURRICULO_REFERENCIA_MS_EF_V1_10,CURRICULO_COMPLETO,CURRICULO_REFERENCIA_MS_EF_V1_10,510
EF_AI,EF4,CURRICULAR,Matemática,MAT,MS.EF04MA23.s.23,"Reconhecer temperatura como grandeza e o grau Celsius como unidade de medida a ela associada e utilizá-lo em comparações de temperaturas em diferentes regiões do Brasil ou no exterior ou, ainda, em discussões que envolvam problemas relacionados ao aquecimento global.",Grandezas e medidas Unidades Temáticas,Medidas de temperatura em grau Celsius: construção de gráficos para indicar a variação da temperatura (mínima e máxima) medida em um dado dia ou em uma semana Objetos de Conhecimento,CURRICULO_REFERENCIA_MS_EF_V1_10,CURRICULO_COMPLETO,CURRICULO_REFERENCIA_MS_EF_V1_10,511
EF_AI,EF4,CURRICULAR,Matemática,MAT,MS.EF04MA24.s.24,"Registrar as temperaturas máxima e mínima diárias, em locais do seu cotidiano, e elaborar gráficos de colunas com as variações diárias da temperatura, utilizando, inclusive, planilhas eletrônicas.",Grandezas e medidas,Medidas de temperatura em grau Celsius: construção de gráficos para indicar a variação da temperatura (mínima e máxima) medida em um dado dia ou em uma semana,CURRICULO_REFERENCIA_MS_EF_V1_10,CURRICULO_COMPLETO,CURRICULO_REFERENCIA_MS_EF_V1_10,512
EF_AI,EF4,CURRICULAR,Matemática,MAT,MS.EF04MA25.s.25,"Resolver e elaborar problemas que envolvam situações de compra e venda e formas de pagamento, utilizando termos como troco e desconto, enfatizando o consumo ético, consciente e responsável.",Grandezas e medidas Unidades Temáticas,Problemas utilizando o sistema monetário brasileiro Objetos de Conhecimento,CURRICULO_REFERENCIA_MS_EF_V1_10,CURRICULO_COMPLETO,CURRICULO_REFERENCIA_MS_EF_V1_10,512
EF_AI,EF4,CURRICULAR,Matemática,MAT,MS.EF04MA26.s.26,"Identificar, entre eventos aleatórios cotidianos, aqueles que têm maior chance de ocorrência, reconhecendo características de resultados mais prováveis, sem utilizar frações.",Probabilidade e estatística Unidades Temáticas,Análise de chances de eventos aleatórios Objetos de Conhecimento,CURRICULO_REFERENCIA_MS_EF_V1_10,CURRICULO_COMPLETO,CURRICULO_REFERENCIA_MS_EF_V1_10,513
EF_AI,EF4,CURRICULAR,Matemática,MAT,MS.EF04MA27.s.27,"Analisar dados apresentados em tabelas simples ou de dupla entrada e em gráficos de colunas ou pictóricos, com base em informações das diferentes áreas do conhecimento, e produzir texto com a síntese de sua análise.",Probabilidade e estatística Unidades Temáticas,"Leitura, interpretação e representação de dados em tabelas de dupla entrada, gráficos de colunas simples e agrupadas, gráficos de barras e colunas e gráficos pictóricos Objetos de Conhecimento",CURRICULO_REFERENCIA_MS_EF_V1_10,CURRICULO_COMPLETO,CURRICULO_REFERENCIA_MS_EF_V1_10,514
EF_AI,EF4,CURRICULAR,Matemática,MAT,MS.EF04MA28.s.28,"Realizar pesquisa envolvendo variáveis categóricas e numéricas e organizar dados coletados por meio de tabelas e gráficos de colunas simples ou agrupadas, com e sem uso de tecnologias digitais.",Probabilidade e estatística,"Diferenciação entre variáveis categóricas e variáveis numéricas Coleta, classificação e representação de dados de pesquisa realizada",CURRICULO_REFERENCIA_MS_EF_V1_10,CURRICULO_COMPLETO,CURRICULO_REFERENCIA_MS_EF_V1_10,515
EF_AI,EF5,CURRICULAR,Matemática,MAT,MS.EF05MA01.s.01,"Ler, escrever e ordenar números naturais até a ordem das centenas de milhar com compreensão das principais características do sistema de numeração decimal.",Números,"Sistema de numeração decimal: leitura, escrita e ordenação de números naturais (de até seis ordens)",CURRICULO_REFERENCIA_MS_EF_V1_10,CURRICULO_COMPLETO,CURRICULO_REFERENCIA_MS_EF_V1_10,516
EF_AI,EF5,CURRICULAR,Matemática,MAT,MS.EF05MA02.s.02,"Ler, escrever e ordenar números racionais na forma decimal com compreensão das principais características do sistema de numeração decimal, utilizando, como recursos, a composição e decomposição e a reta numérica.",Números Unidades Temáticas Unidades Temáticas,Números racionais expressos na forma decimal e sua representação na reta numérica Objetos de Conhecimento Objetos de Conhecimento,CURRICULO_REFERENCIA_MS_EF_V1_10,CURRICULO_COMPLETO,CURRICULO_REFERENCIA_MS_EF_V1_10,516
EF_AI,EF5,CURRICULAR,Matemática,MAT,MS.EF05MA03.s.03,"Identificar e representar frações (menores e maiores que a unidade), associandoas ao resultado de uma divisão ou à ideia de parte de um todo, utilizando a reta numérica como recurso.",Números Unidades Temáticas,"Representação fracionária dos números racionais: reconhecimento, significados, leitura e representação na reta numérica Objetos de Conhecimento",CURRICULO_REFERENCIA_MS_EF_V1_10,CURRICULO_COMPLETO,CURRICULO_REFERENCIA_MS_EF_V1_10,518
EF_AI,EF5,CURRICULAR,Matemática,MAT,MS.EF05MA04.s.04,Identificar frações equivalentes.,Números Unidades Temáticas,Comparação e ordenação de números racionais na representação decimal e na fracionária utilizando a noção de equivalência Objetos de Conhecimento,CURRICULO_REFERENCIA_MS_EF_V1_10,CURRICULO_COMPLETO,CURRICULO_REFERENCIA_MS_EF_V1_10,519
EF_AI,EF5,CURRICULAR,Matemática,MAT,MS.EF05MA05.s.05,"Comparar e ordenar números racionais positivos (representações fracionária e decimal), relacionando-os a pontos na reta numérica.",Números,Comparação e ordenação de números racionais na representação decimal e na fracionária utilizando a noção de equivalência,CURRICULO_REFERENCIA_MS_EF_V1_10,CURRICULO_COMPLETO,CURRICULO_REFERENCIA_MS_EF_V1_10,520
EF_AI,EF5,CURRICULAR,Matemática,MAT,MS.EF05MA06.s.06,"Associar as representações 10%, 25%, 50%, 75% e 100% respectivamente à décima parte, quarta parte, metade, três quartos e um inteiro, para calcular porcentagens, utilizando estratégias pessoais, cálculo mental e calculadora, em contextos de educação financeira, entre outros.",Números Unidades Temáticas,Cálculo de porcentagens e representação fracionária Objetos de Conhecimento,CURRICULO_REFERENCIA_MS_EF_V1_10,CURRICULO_COMPLETO,CURRICULO_REFERENCIA_MS_EF_V1_10,520
EF_AI,EF5,CURRICULAR,Matemática,MAT,MS.EF05MA07.s.07,"Resolver e elaborar problemas de adição e subtração com números naturais e com números racionais, cuja representação decimal seja finita, utilizando estratégias diversas, como cálculo por estimativa, cálculo mental e algoritmos.",Números Unidades Temáticas Unidades Temáticas,Problemas: adição e subtração de números naturais e números racionais cuja representação decimal é finita Objetos de Conhecimento Objetos de Conhecimento,CURRICULO_REFERENCIA_MS_EF_V1_10,CURRICULO_COMPLETO,CURRICULO_REFERENCIA_MS_EF_V1_10,521
EF_AI,EF5,CURRICULAR,Matemática,MAT,MS.EF05MA08.s.08,"Resolver e elaborar problemas de multiplicação e divisão com números naturais e com números racionais cuja representação decimal é finita (com multiplicador natural e divisor natural e diferente de zero), utilizando estratégias diversas, como cálculo por estimativa, cálculo mental e algoritmos.",Números,Problemas: multiplicação e divisão de números racionais cuja representação decimal é finita por números naturais,CURRICULO_REFERENCIA_MS_EF_V1_10,CURRICULO_COMPLETO,CURRICULO_REFERENCIA_MS_EF_V1_10,523
EF_AI,EF5,CURRICULAR,Matemática,MAT,MS.EF05MA09.s.09,"Resolver e elaborar problemas simples de contagem envolvendo o princípio multiplicativo, como a determinação do número de agrupamentos possíveis ao se combinar cada elemento de uma coleção com todos os elementos de outra coleção, por meio de diagramas de árvore ou por tabelas.",Números Unidades Temáticas,"Problemas de contagem do tipo: “Se cada objeto de uma coleção A for combinado com todos os elementos de uma coleção B, quantos agrupamentos desse tipo podem ser formados?” Objetos de Conhecimento",CURRICULO_REFERENCIA_MS_EF_V1_10,CURRICULO_COMPLETO,CURRICULO_REFERENCIA_MS_EF_V1_10,523
EF_AI,EF5,CURRICULAR,Matemática,MAT,MS.EF05MA10.s.10,"Concluir, por meio de investigações, que a relação de igualdade existente entre dois membros permanece ao adicionar, subtrair, multiplicar ou dividir cada um desses membros por um mesmo número, para construir a noção de equivalência.",Álgebra,Propriedades da igualdade e noção de equivalência,CURRICULO_REFERENCIA_MS_EF_V1_10,CURRICULO_COMPLETO,CURRICULO_REFERENCIA_MS_EF_V1_10,524
EF_AI,EF5,CURRICULAR,Matemática,MAT,MS.EF05MA11.s.11,Resolver e elaborar problemas cuja conversão em sentença matemática seja uma igualdade com uma operação em que um dos termos é desconhecido.,Álgebra Unidades Temáticas,Propriedades da igualdade e noção de equivalência Objetos de Conhecimento,CURRICULO_REFERENCIA_MS_EF_V1_10,CURRICULO_COMPLETO,CURRICULO_REFERENCIA_MS_EF_V1_10,524
EF_AI,EF5,CURRICULAR,Matemática,MAT,MS.EF05MA12.s.12,"Resolver problemas que envolvam variação de proporcionalidade direta entre duas grandezas, para associar a quantidade de um produto ao valor a pagar, alterar as quantidades de ingredientes de receitas, ampliar ou reduzir escala em mapas, entre outros.",Álgebra Unidades Temáticas,Grandezas diretamente proporcionais Problemas envolvendo a partição de um todo em duas partes proporcionais Objetos de Conhecimento,CURRICULO_REFERENCIA_MS_EF_V1_10,CURRICULO_COMPLETO,CURRICULO_REFERENCIA_MS_EF_V1_10,525
EF_AI,EF5,CURRICULAR,Matemática,MAT,MS.EF05MA13.s.13,"Resolver problemas envolvendo a partilha de uma quantidade em duas partes desiguais, tais como dividir uma quantidade em duas partes, de modo que uma seja o dobro da outra, com compreensão da ideia de razão entre as partes e delas com o todo.",Álgebra Unidades Temáticas,Grandezas diretamente proporcionais Problemas envolvendo a partição de um todo em duas partes proporcionais Objetos de Conhecimento,CURRICULO_REFERENCIA_MS_EF_V1_10,CURRICULO_COMPLETO,CURRICULO_REFERENCIA_MS_EF_V1_10,526
EF_AI,EF5,CURRICULAR,Matemática,MAT,MS.EF05MA14.s.14,"Utilizar e compreender diferentes representações para a localização de objetos no plano, como mapas, células em planilhas eletrônicas e coordenadas geográficas, a fim de desenvolver as primeiras noções de coordenadas cartesianas.",Geometria Unidades Temáticas,Plano cartesiano: coordenadas cartesianas (1º quadrante) e representação de deslocamentos no plano cartesiano Objetos de Conhecimento,CURRICULO_REFERENCIA_MS_EF_V1_10,CURRICULO_COMPLETO,CURRICULO_REFERENCIA_MS_EF_V1_10,527
EF_AI,EF5,CURRICULAR,Matemática,MAT,MS.EF05MA15.s.15,"Interpretar, descrever e representar a localização ou movimentação de objetos no plano cartesiano (1º quadrante), utilizando coordenadas cartesianas, indicando mudanças de direção e de sentido e giros.",Geometria Unidades Temáticas,Plano cartesiano: coordenadas cartesianas (1º quadrante) e representação de deslocamentos no plano cartesiano Objetos de Conhecimento,CURRICULO_REFERENCIA_MS_EF_V1_10,CURRICULO_COMPLETO,CURRICULO_REFERENCIA_MS_EF_V1_10,528
EF_AI,EF5,CURRICULAR,Matemática,MAT,MS.EF05MA16.s.16,"Associar figuras espaciais a suas planificações (prismas, pirâmides, cilindros e cones) e analisar, nomear e comparar seus atributos.",Geometria Unidades Temáticas,"Figuras geométricas espaciais: reconhecimento, representações, planificações e características Objetos de Conhecimento",CURRICULO_REFERENCIA_MS_EF_V1_10,CURRICULO_COMPLETO,CURRICULO_REFERENCIA_MS_EF_V1_10,529
EF_AI,EF5,CURRICULAR,Matemática,MAT,MS.EF05MA17.s.17,"Reconhecer, nomear e comparar polígonos, considerando lados, vértices e ângulos, e desenhá-los, utilizando material de desenho ou tecnologias digitais.",Geometria,"Figuras geométricas planas: características, representações e ângulos",CURRICULO_REFERENCIA_MS_EF_V1_10,CURRICULO_COMPLETO,CURRICULO_REFERENCIA_MS_EF_V1_10,530
EF_AI,EF5,CURRICULAR,Matemática,MAT,MS.EF05MA18.s.18,Reconhecer a congruência dos ângulos e a proporcionalidade entre os lados correspondentes de figuras poligonais em situações de ampliação e de redução em malhas quadriculadas e usando tecnologias digitais.,Geometria Unidades Temáticas,Ampliação e redução de figuras poligonais em malhas quadriculadas: reconhecimento da congruência dos ângulos e da proporcionalidade dos lados correspondentes Objetos de Conhecimento,CURRICULO_REFERENCIA_MS_EF_V1_10,CURRICULO_COMPLETO,CURRICULO_REFERENCIA_MS_EF_V1_10,530
EF_AI,EF5,CURRICULAR,Matemática,MAT,MS.EF05MA19.s.19,"Resolver e elaborar problemas envolvendo medidas das grandezas comprimento, área, massa, tempo, temperatura e capacidade, recorrendo a transformações entre as unidades mais usuais em contextos socioculturais.",Grandezas e medidas,"Medidas de comprimento, área, massa, tempo, temperatura e capacidade: utilização de unidades convencionais e relações entre as unidades de medida mais usuais",CURRICULO_REFERENCIA_MS_EF_V1_10,CURRICULO_COMPLETO,CURRICULO_REFERENCIA_MS_EF_V1_10,531
EF_AI,EF5,CURRICULAR,Matemática,MAT,MS.EF05MA20.s.20,"Concluir, por meio de investigações, que figuras de perímetros iguais podem ter áreas diferentes e que, também, figuras que têm a mesma área podem ter perímetros diferentes.",Grandezas e medidas Unidades Temáticas,Áreas e perímetros de figuras poligonais: algumas relações Objetos de Conhecimento,CURRICULO_REFERENCIA_MS_EF_V1_10,CURRICULO_COMPLETO,CURRICULO_REFERENCIA_MS_EF_V1_10,531
EF_AI,EF5,CURRICULAR,Matemática,MAT,MS.EF05MA21.s.21,"Reconhecer volume como grandeza associada a sólidos geométricos e medir volumes por meio de empilhamento de cubos, utilizando, preferencialmente, objetos concretos.",Grandezas e medidas Unidades Temáticas,Noção de volume Objetos de Conhecimento,CURRICULO_REFERENCIA_MS_EF_V1_10,CURRICULO_COMPLETO,CURRICULO_REFERENCIA_MS_EF_V1_10,532
EF_AI,EF5,CURRICULAR,Matemática,MAT,MS.EF05MA22.s.22,"Apresentar todos os possíveis resultados de um experimento aleatório, estimando se esses resultados são igualmente prováveis ou não.",Probabilidade e estatística,Espaço amostral: análise de chances de eventos aleatórios,CURRICULO_REFERENCIA_MS_EF_V1_10,CURRICULO_COMPLETO,CURRICULO_REFERENCIA_MS_EF_V1_10,533
EF_AI,EF5,CURRICULAR,Matemática,MAT,MS.EF05MA23.s.23,"Determinar a probabilidade de ocorrência de um resultado em eventos aleatórios, quando todos os resultados possíveis têm a mesma chance de ocorrer (equiprováveis).",Probabilidade e estatística Unidades Temáticas,Cálculo de probabilidade de eventos equiprováveis Objetos de Conhecimento,CURRICULO_REFERENCIA_MS_EF_V1_10,CURRICULO_COMPLETO,CURRICULO_REFERENCIA_MS_EF_V1_10,533
EF_AI,EF5,CURRICULAR,Matemática,MAT,MS.EF05MA24.s.24,"Interpretar dados estatísticos apresentados em textos, tabelas e gráficos (colunas ou linhas), referentes a outras áreas do conhecimento ou a outros contextos, como saúde e trânsito, e produzir textos com o objetivo de sintetizar conclusões.",Probabilidade e estatística Unidades Temáticas,"Leitura, coleta, classificação interpretação e representação de dados em tabelas de dupla entrada, gráfico de colunas agrupadas, gráficos pictóricos e gráfico de linhas Objetos de Conhecimento",CURRICULO_REFERENCIA_MS_EF_V1_10,CURRICULO_COMPLETO,CURRICULO_REFERENCIA_MS_EF_V1_10,534
EF_AI,EF5,CURRICULAR,Matemática,MAT,MS.EF05MA25.s.25,"Realizar pesquisa envolvendo variáveis categóricas e numéricas, organizar dados coletados por meio de tabelas, gráficos de colunas, pictóricos e de linhas, com e sem uso de tecnologias digitais, e apresentar texto escrito sobre a finalidade da pesquisa e a síntese dos resultados.",Probabilidade e estatística,"Leitura, coleta, classificação interpretação e representação de dados em tabelas de dupla entrada, gráfico de colunas agrupadas, gráficos pictóricos e gráfico de linha",CURRICULO_REFERENCIA_MS_EF_V1_10,CURRICULO_COMPLETO,CURRICULO_REFERENCIA_MS_EF_V1_10,535
